"RelativePath","FullPath","Name","Parent"
"ai2","D:\AI_upscaling\AoMEE\Age of Mythology\ai2","ai2",""
"ai2\docs","D:\AI_upscaling\AoMEE\Age of Mythology\ai2\docs","docs","ai2"
"anim","D:\AI_upscaling\AoMEE\Age of Mythology\anim","anim",""
"anim\version1.0","D:\AI_upscaling\AoMEE\Age of Mythology\anim\version1.0","version1.0","anim"
"anim\version1.10","D:\AI_upscaling\AoMEE\Age of Mythology\anim\version1.10","version1.10","anim"
"anim\version1.9","D:\AI_upscaling\AoMEE\Age of Mythology\anim\version1.9","version1.9","anim"
"anim\version2.0","D:\AI_upscaling\AoMEE\Age of Mythology\anim\version2.0","version2.0","anim"
"anim\version2.2","D:\AI_upscaling\AoMEE\Age of Mythology\anim\version2.2","version2.2","anim"
"anim\version2.4","D:\AI_upscaling\AoMEE\Age of Mythology\anim\version2.4","version2.4","anim"
"anim\version2.7","D:\AI_upscaling\AoMEE\Age of Mythology\anim\version2.7","version2.7","anim"
"anim\version2.8","D:\AI_upscaling\AoMEE\Age of Mythology\anim\version2.8","version2.8","anim"
"avi","D:\AI_upscaling\AoMEE\Age of Mythology\avi","avi",""
"avi\clip","D:\AI_upscaling\AoMEE\Age of Mythology\avi\clip","clip","avi"
"cameratracks","D:\AI_upscaling\AoMEE\Age of Mythology\cameratracks","cameratracks",""
"certificates","D:\AI_upscaling\AoMEE\Age of Mythology\certificates","certificates",""
"data","D:\AI_upscaling\AoMEE\Age of Mythology\data","data",""
"data-dev","D:\AI_upscaling\AoMEE\Age of Mythology\data-dev","data-dev",""
"dlc-frontend","D:\AI_upscaling\AoMEE\Age of Mythology\dlc-frontend","dlc-frontend",""
"dlc-frontend\data","D:\AI_upscaling\AoMEE\Age of Mythology\dlc-frontend\data","data","dlc-frontend"
"dlc-frontend\scenario","D:\AI_upscaling\AoMEE\Age of Mythology\dlc-frontend\scenario","scenario","dlc-frontend"
"dlc-frontend\sound","D:\AI_upscaling\AoMEE\Age of Mythology\dlc-frontend\sound","sound","dlc-frontend"
"dlc-frontend\sound\xpack","D:\AI_upscaling\AoMEE\Age of Mythology\dlc-frontend\sound\xpack","xpack","dlc-frontend\sound"
"dlc-frontend\sound\xpack\xmusic","D:\AI_upscaling\AoMEE\Age of Mythology\dlc-frontend\sound\xpack\xmusic","xmusic","dlc-frontend\sound\xpack"
"dlc-frontend\textures","D:\AI_upscaling\AoMEE\Age of Mythology\dlc-frontend\textures","textures","dlc-frontend"
"dlc-frontend\textures\ui","D:\AI_upscaling\AoMEE\Age of Mythology\dlc-frontend\textures\ui","ui","dlc-frontend\textures"
"docs","D:\AI_upscaling\AoMEE\Age of Mythology\docs","docs",""
"fonts","D:\AI_upscaling\AoMEE\Age of Mythology\fonts","fonts",""
"god powers","D:\AI_upscaling\AoMEE\Age of Mythology\god powers","god powers",""
"god powers\version1.0","D:\AI_upscaling\AoMEE\Age of Mythology\god powers\version1.0","version1.0","god powers"
"god powers\version1.9","D:\AI_upscaling\AoMEE\Age of Mythology\god powers\version1.9","version1.9","god powers"
"god powers\version2.0","D:\AI_upscaling\AoMEE\Age of Mythology\god powers\version2.0","version2.0","god powers"
"god powers\version2.4","D:\AI_upscaling\AoMEE\Age of Mythology\god powers\version2.4","version2.4","god powers"
"god powers\version2.5","D:\AI_upscaling\AoMEE\Age of Mythology\god powers\version2.5","version2.5","god powers"
"god powers\version2.7","D:\AI_upscaling\AoMEE\Age of Mythology\god powers\version2.7","version2.7","god powers"
"god powers\version2.8","D:\AI_upscaling\AoMEE\Age of Mythology\god powers\version2.8","version2.8","god powers"
"Language","D:\AI_upscaling\AoMEE\Age of Mythology\Language","Language",""
"Language\br","D:\AI_upscaling\AoMEE\Age of Mythology\Language\br","br","Language"
"Language\br\history","D:\AI_upscaling\AoMEE\Age of Mythology\Language\br\history","history","Language\br"
"Language\br\history\techs","D:\AI_upscaling\AoMEE\Age of Mythology\Language\br\history\techs","techs","Language\br\history"
"Language\br\history\units","D:\AI_upscaling\AoMEE\Age of Mythology\Language\br\history\units","units","Language\br\history"
"Language\cn","D:\AI_upscaling\AoMEE\Age of Mythology\Language\cn","cn","Language"
"Language\cn\history","D:\AI_upscaling\AoMEE\Age of Mythology\Language\cn\history","history","Language\cn"
"Language\cn\history\techs","D:\AI_upscaling\AoMEE\Age of Mythology\Language\cn\history\techs","techs","Language\cn\history"
"Language\cn\history\units","D:\AI_upscaling\AoMEE\Age of Mythology\Language\cn\history\units","units","Language\cn\history"
"Language\de","D:\AI_upscaling\AoMEE\Age of Mythology\Language\de","de","Language"
"Language\de\history","D:\AI_upscaling\AoMEE\Age of Mythology\Language\de\history","history","Language\de"
"Language\de\history\techs","D:\AI_upscaling\AoMEE\Age of Mythology\Language\de\history\techs","techs","Language\de\history"
"Language\de\history\units","D:\AI_upscaling\AoMEE\Age of Mythology\Language\de\history\units","units","Language\de\history"
"Language\en","D:\AI_upscaling\AoMEE\Age of Mythology\Language\en","en","Language"
"Language\en\history","D:\AI_upscaling\AoMEE\Age of Mythology\Language\en\history","history","Language\en"
"Language\en\history\techs","D:\AI_upscaling\AoMEE\Age of Mythology\Language\en\history\techs","techs","Language\en\history"
"Language\en\history\units","D:\AI_upscaling\AoMEE\Age of Mythology\Language\en\history\units","units","Language\en\history"
"Language\es","D:\AI_upscaling\AoMEE\Age of Mythology\Language\es","es","Language"
"Language\es\history","D:\AI_upscaling\AoMEE\Age of Mythology\Language\es\history","history","Language\es"
"Language\es\history\techs","D:\AI_upscaling\AoMEE\Age of Mythology\Language\es\history\techs","techs","Language\es\history"
"Language\es\history\units","D:\AI_upscaling\AoMEE\Age of Mythology\Language\es\history\units","units","Language\es\history"
"Language\fr","D:\AI_upscaling\AoMEE\Age of Mythology\Language\fr","fr","Language"
"Language\fr\history","D:\AI_upscaling\AoMEE\Age of Mythology\Language\fr\history","history","Language\fr"
"Language\fr\history\techs","D:\AI_upscaling\AoMEE\Age of Mythology\Language\fr\history\techs","techs","Language\fr\history"
"Language\fr\history\units","D:\AI_upscaling\AoMEE\Age of Mythology\Language\fr\history\units","units","Language\fr\history"
"Language\it","D:\AI_upscaling\AoMEE\Age of Mythology\Language\it","it","Language"
"Language\it\history","D:\AI_upscaling\AoMEE\Age of Mythology\Language\it\history","history","Language\it"
"Language\it\history\techs","D:\AI_upscaling\AoMEE\Age of Mythology\Language\it\history\techs","techs","Language\it\history"
"Language\it\history\units","D:\AI_upscaling\AoMEE\Age of Mythology\Language\it\history\units","units","Language\it\history"
"Language\jp","D:\AI_upscaling\AoMEE\Age of Mythology\Language\jp","jp","Language"
"Language\jp\history","D:\AI_upscaling\AoMEE\Age of Mythology\Language\jp\history","history","Language\jp"
"Language\jp\history\techs","D:\AI_upscaling\AoMEE\Age of Mythology\Language\jp\history\techs","techs","Language\jp\history"
"Language\jp\history\units","D:\AI_upscaling\AoMEE\Age of Mythology\Language\jp\history\units","units","Language\jp\history"
"Language\ko","D:\AI_upscaling\AoMEE\Age of Mythology\Language\ko","ko","Language"
"Language\ko\history","D:\AI_upscaling\AoMEE\Age of Mythology\Language\ko\history","history","Language\ko"
"Language\ko\history\techs","D:\AI_upscaling\AoMEE\Age of Mythology\Language\ko\history\techs","techs","Language\ko\history"
"Language\ko\history\units","D:\AI_upscaling\AoMEE\Age of Mythology\Language\ko\history\units","units","Language\ko\history"
"launcher_res","D:\AI_upscaling\AoMEE\Age of Mythology\launcher_res","launcher_res",""
"launcher_res\br","D:\AI_upscaling\AoMEE\Age of Mythology\launcher_res\br","br","launcher_res"
"launcher_res\cn","D:\AI_upscaling\AoMEE\Age of Mythology\launcher_res\cn","cn","launcher_res"
"launcher_res\de","D:\AI_upscaling\AoMEE\Age of Mythology\launcher_res\de","de","launcher_res"
"launcher_res\en","D:\AI_upscaling\AoMEE\Age of Mythology\launcher_res\en","en","launcher_res"
"launcher_res\es","D:\AI_upscaling\AoMEE\Age of Mythology\launcher_res\es","es","launcher_res"
"launcher_res\fr","D:\AI_upscaling\AoMEE\Age of Mythology\launcher_res\fr","fr","launcher_res"
"launcher_res\it","D:\AI_upscaling\AoMEE\Age of Mythology\launcher_res\it","it","launcher_res"
"launcher_res\jp","D:\AI_upscaling\AoMEE\Age of Mythology\launcher_res\jp","jp","launcher_res"
"launcher_res\ko","D:\AI_upscaling\AoMEE\Age of Mythology\launcher_res\ko","ko","launcher_res"
"materials","D:\AI_upscaling\AoMEE\Age of Mythology\materials","materials",""
"models","D:\AI_upscaling\AoMEE\Age of Mythology\models","models",""
"models\version1.0","D:\AI_upscaling\AoMEE\Age of Mythology\models\version1.0","version1.0","models"
"models\version1.10","D:\AI_upscaling\AoMEE\Age of Mythology\models\version1.10","version1.10","models"
"models\version1.9","D:\AI_upscaling\AoMEE\Age of Mythology\models\version1.9","version1.9","models"
"models\version2.0","D:\AI_upscaling\AoMEE\Age of Mythology\models\version2.0","version2.0","models"
"models\version2.7","D:\AI_upscaling\AoMEE\Age of Mythology\models\version2.7","version2.7","models"
"models\version2.8","D:\AI_upscaling\AoMEE\Age of Mythology\models\version2.8","version2.8","models"
"modelsfx","D:\AI_upscaling\AoMEE\Age of Mythology\modelsfx","modelsfx",""
"ppdata","D:\AI_upscaling\AoMEE\Age of Mythology\ppdata","ppdata",""
"rm2","D:\AI_upscaling\AoMEE\Age of Mythology\rm2","rm2",""
"rm2\version1.0","D:\AI_upscaling\AoMEE\Age of Mythology\rm2\version1.0","version1.0","rm2"
"rm2\version2.0","D:\AI_upscaling\AoMEE\Age of Mythology\rm2\version2.0","version2.0","rm2"
"rm2\version2.4","D:\AI_upscaling\AoMEE\Age of Mythology\rm2\version2.4","version2.4","rm2"
"rm2\version2.7","D:\AI_upscaling\AoMEE\Age of Mythology\rm2\version2.7","version2.7","rm2"
"rm2\version2.8","D:\AI_upscaling\AoMEE\Age of Mythology\rm2\version2.8","version2.8","rm2"
"scenario","D:\AI_upscaling\AoMEE\Age of Mythology\scenario","scenario",""
"scenario\MC","D:\AI_upscaling\AoMEE\Age of Mythology\scenario\MC","MC","scenario"
"scenario\spc","D:\AI_upscaling\AoMEE\Age of Mythology\scenario\spc","spc","scenario"
"scenario\spc\cinematics","D:\AI_upscaling\AoMEE\Age of Mythology\scenario\spc\cinematics","cinematics","scenario\spc"
"scenario\xspc","D:\AI_upscaling\AoMEE\Age of Mythology\scenario\xspc","xspc","scenario"
"scenario\yspc","D:\AI_upscaling\AoMEE\Age of Mythology\scenario\yspc","yspc","scenario"
"shaders","D:\AI_upscaling\AoMEE\Age of Mythology\shaders","shaders",""
"shaders\New folder","D:\AI_upscaling\AoMEE\Age of Mythology\shaders\New folder","New folder","shaders"
"sound","D:\AI_upscaling\AoMEE\Age of Mythology\sound","sound",""
"sound\cinematics","D:\AI_upscaling\AoMEE\Age of Mythology\sound\cinematics","cinematics","sound"
"sound\cinematics\04_in","D:\AI_upscaling\AoMEE\Age of Mythology\sound\cinematics\04_in","04_in","sound\cinematics"
"sound\cinematics\04_out","D:\AI_upscaling\AoMEE\Age of Mythology\sound\cinematics\04_out","04_out","sound\cinematics"
"sound\cinematics\05_in","D:\AI_upscaling\AoMEE\Age of Mythology\sound\cinematics\05_in","05_in","sound\cinematics"
"sound\cinematics\05_out","D:\AI_upscaling\AoMEE\Age of Mythology\sound\cinematics\05_out","05_out","sound\cinematics"
"sound\cinematics\1","D:\AI_upscaling\AoMEE\Age of Mythology\sound\cinematics\1","1","sound\cinematics"
"sound\cinematics\10_in","D:\AI_upscaling\AoMEE\Age of Mythology\sound\cinematics\10_in","10_in","sound\cinematics"
"sound\cinematics\10_out","D:\AI_upscaling\AoMEE\Age of Mythology\sound\cinematics\10_out","10_out","sound\cinematics"
"sound\cinematics\11_in","D:\AI_upscaling\AoMEE\Age of Mythology\sound\cinematics\11_in","11_in","sound\cinematics"
"sound\cinematics\11_out","D:\AI_upscaling\AoMEE\Age of Mythology\sound\cinematics\11_out","11_out","sound\cinematics"
"sound\cinematics\12_in","D:\AI_upscaling\AoMEE\Age of Mythology\sound\cinematics\12_in","12_in","sound\cinematics"
"sound\cinematics\12_out","D:\AI_upscaling\AoMEE\Age of Mythology\sound\cinematics\12_out","12_out","sound\cinematics"
"sound\cinematics\13_in","D:\AI_upscaling\AoMEE\Age of Mythology\sound\cinematics\13_in","13_in","sound\cinematics"
"sound\cinematics\13_out","D:\AI_upscaling\AoMEE\Age of Mythology\sound\cinematics\13_out","13_out","sound\cinematics"
"sound\cinematics\14_in","D:\AI_upscaling\AoMEE\Age of Mythology\sound\cinematics\14_in","14_in","sound\cinematics"
"sound\cinematics\15_in","D:\AI_upscaling\AoMEE\Age of Mythology\sound\cinematics\15_in","15_in","sound\cinematics"
"sound\cinematics\16_in","D:\AI_upscaling\AoMEE\Age of Mythology\sound\cinematics\16_in","16_in","sound\cinematics"
"sound\cinematics\17_in","D:\AI_upscaling\AoMEE\Age of Mythology\sound\cinematics\17_in","17_in","sound\cinematics"
"sound\cinematics\17_out","D:\AI_upscaling\AoMEE\Age of Mythology\sound\cinematics\17_out","17_out","sound\cinematics"
"sound\cinematics\18_in","D:\AI_upscaling\AoMEE\Age of Mythology\sound\cinematics\18_in","18_in","sound\cinematics"
"sound\cinematics\19_in","D:\AI_upscaling\AoMEE\Age of Mythology\sound\cinematics\19_in","19_in","sound\cinematics"
"sound\cinematics\19_mid","D:\AI_upscaling\AoMEE\Age of Mythology\sound\cinematics\19_mid","19_mid","sound\cinematics"
"sound\cinematics\19_out","D:\AI_upscaling\AoMEE\Age of Mythology\sound\cinematics\19_out","19_out","sound\cinematics"
"sound\cinematics\19a","D:\AI_upscaling\AoMEE\Age of Mythology\sound\cinematics\19a","19a","sound\cinematics"
"sound\cinematics\2","D:\AI_upscaling\AoMEE\Age of Mythology\sound\cinematics\2","2","sound\cinematics"
"sound\cinematics\20_in","D:\AI_upscaling\AoMEE\Age of Mythology\sound\cinematics\20_in","20_in","sound\cinematics"
"sound\cinematics\20_out","D:\AI_upscaling\AoMEE\Age of Mythology\sound\cinematics\20_out","20_out","sound\cinematics"
"sound\cinematics\21_in","D:\AI_upscaling\AoMEE\Age of Mythology\sound\cinematics\21_in","21_in","sound\cinematics"
"sound\cinematics\22_in","D:\AI_upscaling\AoMEE\Age of Mythology\sound\cinematics\22_in","22_in","sound\cinematics"
"sound\cinematics\22_out","D:\AI_upscaling\AoMEE\Age of Mythology\sound\cinematics\22_out","22_out","sound\cinematics"
"sound\cinematics\23_in","D:\AI_upscaling\AoMEE\Age of Mythology\sound\cinematics\23_in","23_in","sound\cinematics"
"sound\cinematics\23_out","D:\AI_upscaling\AoMEE\Age of Mythology\sound\cinematics\23_out","23_out","sound\cinematics"
"sound\cinematics\24_in","D:\AI_upscaling\AoMEE\Age of Mythology\sound\cinematics\24_in","24_in","sound\cinematics"
"sound\cinematics\24_out","D:\AI_upscaling\AoMEE\Age of Mythology\sound\cinematics\24_out","24_out","sound\cinematics"
"sound\cinematics\25_in","D:\AI_upscaling\AoMEE\Age of Mythology\sound\cinematics\25_in","25_in","sound\cinematics"
"sound\cinematics\25_out","D:\AI_upscaling\AoMEE\Age of Mythology\sound\cinematics\25_out","25_out","sound\cinematics"
"sound\cinematics\26_in","D:\AI_upscaling\AoMEE\Age of Mythology\sound\cinematics\26_in","26_in","sound\cinematics"
"sound\cinematics\26_out","D:\AI_upscaling\AoMEE\Age of Mythology\sound\cinematics\26_out","26_out","sound\cinematics"
"sound\cinematics\27_in","D:\AI_upscaling\AoMEE\Age of Mythology\sound\cinematics\27_in","27_in","sound\cinematics"
"sound\cinematics\28_in","D:\AI_upscaling\AoMEE\Age of Mythology\sound\cinematics\28_in","28_in","sound\cinematics"
"sound\cinematics\29_in","D:\AI_upscaling\AoMEE\Age of Mythology\sound\cinematics\29_in","29_in","sound\cinematics"
"sound\cinematics\3","D:\AI_upscaling\AoMEE\Age of Mythology\sound\cinematics\3","3","sound\cinematics"
"sound\cinematics\30_in","D:\AI_upscaling\AoMEE\Age of Mythology\sound\cinematics\30_in","30_in","sound\cinematics"
"sound\cinematics\30_out","D:\AI_upscaling\AoMEE\Age of Mythology\sound\cinematics\30_out","30_out","sound\cinematics"
"sound\cinematics\31_in","D:\AI_upscaling\AoMEE\Age of Mythology\sound\cinematics\31_in","31_in","sound\cinematics"
"sound\cinematics\31_out","D:\AI_upscaling\AoMEE\Age of Mythology\sound\cinematics\31_out","31_out","sound\cinematics"
"sound\cinematics\32_in","D:\AI_upscaling\AoMEE\Age of Mythology\sound\cinematics\32_in","32_in","sound\cinematics"
"sound\cinematics\32_out","D:\AI_upscaling\AoMEE\Age of Mythology\sound\cinematics\32_out","32_out","sound\cinematics"
"sound\cinematics\33_in","D:\AI_upscaling\AoMEE\Age of Mythology\sound\cinematics\33_in","33_in","sound\cinematics"
"sound\cinematics\33_mid","D:\AI_upscaling\AoMEE\Age of Mythology\sound\cinematics\33_mid","33_mid","sound\cinematics"
"sound\cinematics\33_out","D:\AI_upscaling\AoMEE\Age of Mythology\sound\cinematics\33_out","33_out","sound\cinematics"
"sound\cinematics\34_in","D:\AI_upscaling\AoMEE\Age of Mythology\sound\cinematics\34_in","34_in","sound\cinematics"
"sound\cinematics\35_in","D:\AI_upscaling\AoMEE\Age of Mythology\sound\cinematics\35_in","35_in","sound\cinematics"
"sound\cinematics\35_in\anafight","D:\AI_upscaling\AoMEE\Age of Mythology\sound\cinematics\35_in\anafight","anafight","sound\cinematics\35_in"
"sound\cinematics\35_in\ground bust","D:\AI_upscaling\AoMEE\Age of Mythology\sound\cinematics\35_in\ground bust","ground bust","sound\cinematics\35_in"
"sound\cinematics\35_out","D:\AI_upscaling\AoMEE\Age of Mythology\sound\cinematics\35_out","35_out","sound\cinematics"
"sound\cinematics\6","D:\AI_upscaling\AoMEE\Age of Mythology\sound\cinematics\6","6","sound\cinematics"
"sound\cinematics\7","D:\AI_upscaling\AoMEE\Age of Mythology\sound\cinematics\7","7","sound\cinematics"
"sound\cinematics\8_in","D:\AI_upscaling\AoMEE\Age of Mythology\sound\cinematics\8_in","8_in","sound\cinematics"
"sound\cinematics\8_out","D:\AI_upscaling\AoMEE\Age of Mythology\sound\cinematics\8_out","8_out","sound\cinematics"
"sound\cinematics\9_in","D:\AI_upscaling\AoMEE\Age of Mythology\sound\cinematics\9_in","9_in","sound\cinematics"
"sound\cinematics\9_mid","D:\AI_upscaling\AoMEE\Age of Mythology\sound\cinematics\9_mid","9_mid","sound\cinematics"
"sound\cinematics\9_out","D:\AI_upscaling\AoMEE\Age of Mythology\sound\cinematics\9_out","9_out","sound\cinematics"
"sound\cinematics\a","D:\AI_upscaling\AoMEE\Age of Mythology\sound\cinematics\a","a","sound\cinematics"
"sound\cinematics\b","D:\AI_upscaling\AoMEE\Age of Mythology\sound\cinematics\b","b","sound\cinematics"
"sound\cinematics\c","D:\AI_upscaling\AoMEE\Age of Mythology\sound\cinematics\c","c","sound\cinematics"
"sound\cinematics\d","D:\AI_upscaling\AoMEE\Age of Mythology\sound\cinematics\d","d","sound\cinematics"
"sound\cinematics\eb","D:\AI_upscaling\AoMEE\Age of Mythology\sound\cinematics\eb","eb","sound\cinematics"
"sound\cinematics\egypt","D:\AI_upscaling\AoMEE\Age of Mythology\sound\cinematics\egypt","egypt","sound\cinematics"
"sound\cinematics\intro","D:\AI_upscaling\AoMEE\Age of Mythology\sound\cinematics\intro","intro","sound\cinematics"
"sound\cinematics\norse","D:\AI_upscaling\AoMEE\Age of Mythology\sound\cinematics\norse","norse","sound\cinematics"
"sound\dialog","D:\AI_upscaling\AoMEE\Age of Mythology\sound\dialog","dialog","sound"
"sound\dialog\br","D:\AI_upscaling\AoMEE\Age of Mythology\sound\dialog\br","br","sound\dialog"
"sound\dialog\cn","D:\AI_upscaling\AoMEE\Age of Mythology\sound\dialog\cn","cn","sound\dialog"
"sound\dialog\de","D:\AI_upscaling\AoMEE\Age of Mythology\sound\dialog\de","de","sound\dialog"
"sound\dialog\en","D:\AI_upscaling\AoMEE\Age of Mythology\sound\dialog\en","en","sound\dialog"
"sound\dialog\es","D:\AI_upscaling\AoMEE\Age of Mythology\sound\dialog\es","es","sound\dialog"
"sound\dialog\fr","D:\AI_upscaling\AoMEE\Age of Mythology\sound\dialog\fr","fr","sound\dialog"
"sound\dialog\it","D:\AI_upscaling\AoMEE\Age of Mythology\sound\dialog\it","it","sound\dialog"
"sound\dialog\jp","D:\AI_upscaling\AoMEE\Age of Mythology\sound\dialog\jp","jp","sound\dialog"
"sound\dialog\ko","D:\AI_upscaling\AoMEE\Age of Mythology\sound\dialog\ko","ko","sound\dialog"
"sound\music","D:\AI_upscaling\AoMEE\Age of Mythology\sound\music","music","sound"
"sound\music\culture","D:\AI_upscaling\AoMEE\Age of Mythology\sound\music\culture","culture","sound\music"
"sound\music\fight","D:\AI_upscaling\AoMEE\Age of Mythology\sound\music\fight","fight","sound\music"
"sound\music\interface","D:\AI_upscaling\AoMEE\Age of Mythology\sound\music\interface","interface","sound\music"
"sound\music\quiet","D:\AI_upscaling\AoMEE\Age of Mythology\sound\music\quiet","quiet","sound\music"
"sound\music\standard","D:\AI_upscaling\AoMEE\Age of Mythology\sound\music\standard","standard","sound\music"
"sound\ui","D:\AI_upscaling\AoMEE\Age of Mythology\sound\ui","ui","sound"
"sound\xpack","D:\AI_upscaling\AoMEE\Age of Mythology\sound\xpack","xpack","sound"
"sound\xpack\xcinematics","D:\AI_upscaling\AoMEE\Age of Mythology\sound\xpack\xcinematics","xcinematics","sound\xpack"
"sound\xpack\xcinematics\1_in","D:\AI_upscaling\AoMEE\Age of Mythology\sound\xpack\xcinematics\1_in","1_in","sound\xpack\xcinematics"
"sound\xpack\xcinematics\10_a","D:\AI_upscaling\AoMEE\Age of Mythology\sound\xpack\xcinematics\10_a","10_a","sound\xpack\xcinematics"
"sound\xpack\xcinematics\10_b","D:\AI_upscaling\AoMEE\Age of Mythology\sound\xpack\xcinematics\10_b","10_b","sound\xpack\xcinematics"
"sound\xpack\xcinematics\11_in","D:\AI_upscaling\AoMEE\Age of Mythology\sound\xpack\xcinematics\11_in","11_in","sound\xpack\xcinematics"
"sound\xpack\xcinematics\12_a","D:\AI_upscaling\AoMEE\Age of Mythology\sound\xpack\xcinematics\12_a","12_a","sound\xpack\xcinematics"
"sound\xpack\xcinematics\12_b","D:\AI_upscaling\AoMEE\Age of Mythology\sound\xpack\xcinematics\12_b","12_b","sound\xpack\xcinematics"
"sound\xpack\xcinematics\2_in","D:\AI_upscaling\AoMEE\Age of Mythology\sound\xpack\xcinematics\2_in","2_in","sound\xpack\xcinematics"
"sound\xpack\xcinematics\2_out","D:\AI_upscaling\AoMEE\Age of Mythology\sound\xpack\xcinematics\2_out","2_out","sound\xpack\xcinematics"
"sound\xpack\xcinematics\3_a","D:\AI_upscaling\AoMEE\Age of Mythology\sound\xpack\xcinematics\3_a","3_a","sound\xpack\xcinematics"
"sound\xpack\xcinematics\3_b","D:\AI_upscaling\AoMEE\Age of Mythology\sound\xpack\xcinematics\3_b","3_b","sound\xpack\xcinematics"
"sound\xpack\xcinematics\3_mid","D:\AI_upscaling\AoMEE\Age of Mythology\sound\xpack\xcinematics\3_mid","3_mid","sound\xpack\xcinematics"
"sound\xpack\xcinematics\4_in","D:\AI_upscaling\AoMEE\Age of Mythology\sound\xpack\xcinematics\4_in","4_in","sound\xpack\xcinematics"
"sound\xpack\xcinematics\5_b","D:\AI_upscaling\AoMEE\Age of Mythology\sound\xpack\xcinematics\5_b","5_b","sound\xpack\xcinematics"
"sound\xpack\xcinematics\5_in","D:\AI_upscaling\AoMEE\Age of Mythology\sound\xpack\xcinematics\5_in","5_in","sound\xpack\xcinematics"
"sound\xpack\xcinematics\6_a","D:\AI_upscaling\AoMEE\Age of Mythology\sound\xpack\xcinematics\6_a","6_a","sound\xpack\xcinematics"
"sound\xpack\xcinematics\6_out","D:\AI_upscaling\AoMEE\Age of Mythology\sound\xpack\xcinematics\6_out","6_out","sound\xpack\xcinematics"
"sound\xpack\xcinematics\7_in","D:\AI_upscaling\AoMEE\Age of Mythology\sound\xpack\xcinematics\7_in","7_in","sound\xpack\xcinematics"
"sound\xpack\xcinematics\7_out","D:\AI_upscaling\AoMEE\Age of Mythology\sound\xpack\xcinematics\7_out","7_out","sound\xpack\xcinematics"
"sound\xpack\xcinematics\8_in","D:\AI_upscaling\AoMEE\Age of Mythology\sound\xpack\xcinematics\8_in","8_in","sound\xpack\xcinematics"
"sound\xpack\xcinematics\9_in","D:\AI_upscaling\AoMEE\Age of Mythology\sound\xpack\xcinematics\9_in","9_in","sound\xpack\xcinematics"
"sound\xpack\xcinematics\intro","D:\AI_upscaling\AoMEE\Age of Mythology\sound\xpack\xcinematics\intro","intro","sound\xpack\xcinematics"
"sound\xpack\xcinematics\tutorial","D:\AI_upscaling\AoMEE\Age of Mythology\sound\xpack\xcinematics\tutorial","tutorial","sound\xpack\xcinematics"
"sound\xpack\xdialog","D:\AI_upscaling\AoMEE\Age of Mythology\sound\xpack\xdialog","xdialog","sound\xpack"
"sound\xpack\xdialog\de","D:\AI_upscaling\AoMEE\Age of Mythology\sound\xpack\xdialog\de","de","sound\xpack\xdialog"
"sound\xpack\xdialog\en","D:\AI_upscaling\AoMEE\Age of Mythology\sound\xpack\xdialog\en","en","sound\xpack\xdialog"
"sound\xpack\xdialog\es","D:\AI_upscaling\AoMEE\Age of Mythology\sound\xpack\xdialog\es","es","sound\xpack\xdialog"
"sound\xpack\xdialog\fr","D:\AI_upscaling\AoMEE\Age of Mythology\sound\xpack\xdialog\fr","fr","sound\xpack\xdialog"
"sound\xpack\xdialog\it","D:\AI_upscaling\AoMEE\Age of Mythology\sound\xpack\xdialog\it","it","sound\xpack\xdialog"
"sound\xpack\xdialog\jp","D:\AI_upscaling\AoMEE\Age of Mythology\sound\xpack\xdialog\jp","jp","sound\xpack\xdialog"
"sound\xpack\xdialog\ko","D:\AI_upscaling\AoMEE\Age of Mythology\sound\xpack\xdialog\ko","ko","sound\xpack\xdialog"
"sound\xpack\xmusic","D:\AI_upscaling\AoMEE\Age of Mythology\sound\xpack\xmusic","xmusic","sound\xpack"
"sound\xpack\xtaunts","D:\AI_upscaling\AoMEE\Age of Mythology\sound\xpack\xtaunts","xtaunts","sound\xpack"
"sound\xpack\xtaunts\cn","D:\AI_upscaling\AoMEE\Age of Mythology\sound\xpack\xtaunts\cn","cn","sound\xpack\xtaunts"
"sound\xpack\xtaunts\de","D:\AI_upscaling\AoMEE\Age of Mythology\sound\xpack\xtaunts\de","de","sound\xpack\xtaunts"
"sound\xpack\xtaunts\en","D:\AI_upscaling\AoMEE\Age of Mythology\sound\xpack\xtaunts\en","en","sound\xpack\xtaunts"
"sound\xpack\xtaunts\es","D:\AI_upscaling\AoMEE\Age of Mythology\sound\xpack\xtaunts\es","es","sound\xpack\xtaunts"
"sound\xpack\xtaunts\fr","D:\AI_upscaling\AoMEE\Age of Mythology\sound\xpack\xtaunts\fr","fr","sound\xpack\xtaunts"
"sound\xpack\xtaunts\it","D:\AI_upscaling\AoMEE\Age of Mythology\sound\xpack\xtaunts\it","it","sound\xpack\xtaunts"
"sound\xpack\xtaunts\jp","D:\AI_upscaling\AoMEE\Age of Mythology\sound\xpack\xtaunts\jp","jp","sound\xpack\xtaunts"
"sound\xpack\xtaunts\ko","D:\AI_upscaling\AoMEE\Age of Mythology\sound\xpack\xtaunts\ko","ko","sound\xpack\xtaunts"
"sound\ypack","D:\AI_upscaling\AoMEE\Age of Mythology\sound\ypack","ypack","sound"
"sound\ypack\ydialog","D:\AI_upscaling\AoMEE\Age of Mythology\sound\ypack\ydialog","ydialog","sound\ypack"
"sound\ypack\ydialog\en","D:\AI_upscaling\AoMEE\Age of Mythology\sound\ypack\ydialog\en","en","sound\ypack\ydialog"
"startup","D:\AI_upscaling\AoMEE\Age of Mythology\startup","startup",""
"steam","D:\AI_upscaling\AoMEE\Age of Mythology\steam","steam",""
"steam\redistributable_bin","D:\AI_upscaling\AoMEE\Age of Mythology\steam\redistributable_bin","redistributable_bin","steam"
"textures","D:\AI_upscaling\AoMEE\Age of Mythology\textures","textures",""
"textures\cursors","D:\AI_upscaling\AoMEE\Age of Mythology\textures\cursors","cursors","textures"
"textures\icons","D:\AI_upscaling\AoMEE\Age of Mythology\textures\icons","icons","textures"
"textures\terrain","D:\AI_upscaling\AoMEE\Age of Mythology\textures\terrain","terrain","textures"
"textures\ui","D:\AI_upscaling\AoMEE\Age of Mythology\textures\ui","ui","textures"
"textures\ui\br","D:\AI_upscaling\AoMEE\Age of Mythology\textures\ui\br","br","textures\ui"
"textures\ui\cn","D:\AI_upscaling\AoMEE\Age of Mythology\textures\ui\cn","cn","textures\ui"
"textures\ui\de","D:\AI_upscaling\AoMEE\Age of Mythology\textures\ui\de","de","textures\ui"
"textures\ui\es","D:\AI_upscaling\AoMEE\Age of Mythology\textures\ui\es","es","textures\ui"
"textures\ui\fr","D:\AI_upscaling\AoMEE\Age of Mythology\textures\ui\fr","fr","textures\ui"
"textures\ui\it","D:\AI_upscaling\AoMEE\Age of Mythology\textures\ui\it","it","textures\ui"
"textures\ui\jp","D:\AI_upscaling\AoMEE\Age of Mythology\textures\ui\jp","jp","textures\ui"
"textures\ui\ko","D:\AI_upscaling\AoMEE\Age of Mythology\textures\ui\ko","ko","textures\ui"
"tools","D:\AI_upscaling\AoMEE\Age of Mythology\tools","tools",""
"tools\TextureCompiler_v2","D:\AI_upscaling\AoMEE\Age of Mythology\tools\TextureCompiler_v2","TextureCompiler_v2","tools"
"tools\TextureCompiler_v2\input_example","D:\AI_upscaling\AoMEE\Age of Mythology\tools\TextureCompiler_v2\input_example","input_example","tools\TextureCompiler_v2"
"tools\TextureCompiler_v2\output_example","D:\AI_upscaling\AoMEE\Age of Mythology\tools\TextureCompiler_v2\output_example","output_example","tools\TextureCompiler_v2"
"trigger2","D:\AI_upscaling\AoMEE\Age of Mythology\trigger2","trigger2",""
"trigger2\version1.0","D:\AI_upscaling\AoMEE\Age of Mythology\trigger2\version1.0","version1.0","trigger2"
"trigger2\version2.0","D:\AI_upscaling\AoMEE\Age of Mythology\trigger2\version2.0","version2.0","trigger2"
"trigger2\version2.4","D:\AI_upscaling\AoMEE\Age of Mythology\trigger2\version2.4","version2.4","trigger2"
"trigger2\version2.7","D:\AI_upscaling\AoMEE\Age of Mythology\trigger2\version2.7","version2.7","trigger2"
"twitchdll","D:\AI_upscaling\AoMEE\Age of Mythology\twitchdll","twitchdll",""
