"RelativeDirectory","FileCount","TotalBytes","TotalSize"
"models\version2.0","6581","361958398","345.19 MB"
"models\version1.0","8299","300518537","286.60 MB"
"avi","12","248726753","237.20 MB"
"sound","2260","164002991","156.41 MB"
"textures","3620","102406647","97.66 MB"
"textures\terrain","823","78668550","75.02 MB"
"sound\dialog\en","1235","77297024","73.72 MB"
"sound\dialog\jp","1166","74340636","70.90 MB"
"sound\ypack\ydialog\en","183","73781548","70.36 MB"
"sound\dialog\de","1166","72015343","68.68 MB"
"sound\dialog\it","1166","71624432","68.31 MB"
"docs","12","70008368","66.77 MB"
"sound\dialog\fr","1166","69160307","65.96 MB"
"sound\dialog\cn","1166","68839794","65.65 MB"
"sound\dialog\es","1166","67882199","64.74 MB"
"sound\dialog\ko","1166","67782191","64.64 MB"
"data","248","53223888","50.76 MB"
"[root]","34","34345879","32.75 MB"
"textures\ui","1211","34048071","32.47 MB"
"sound\music\quiet","11","32690672","31.18 MB"
"sound\music\standard","11","32690672","31.18 MB"
"sound\xpack\xdialog\en","500","28868833","27.53 MB"
"sound\xpack\xdialog\it","500","28731218","27.40 MB"
"sound\xpack\xdialog\de","500","28725977","27.40 MB"
"sound\xpack\xdialog\es","500","28719782","27.39 MB"
"sound\xpack\xdialog\fr","500","28711348","27.38 MB"
"sound\xpack\xdialog\jp","500","28549002","27.23 MB"
"sound\xpack\xdialog\ko","500","28416723","27.10 MB"
"twitchdll","4","16950817","16.17 MB"
"materials","27788","15765586","15.04 MB"
"scenario\spc","39","11839412","11.29 MB"
"data-dev","128","10809079","10.31 MB"
"textures\icons","1696","7315763","6.98 MB"
"sound\xpack\xcinematics\7_in","35","7065948","6.74 MB"
"sound\xpack\xcinematics\12_b","28","6934384","6.61 MB"
"sound\music\interface","5","6831744","6.52 MB"
"sound\music\fight","6","6613366","6.31 MB"
"sound\dialog\br","69","5658298","5.40 MB"
"scenario\xspc","20","5175327","4.94 MB"
"ppdata","33","5165301","4.93 MB"
"scenario\yspc","12","4709448","4.49 MB"
"anim\version1.0","1068","4515396","4.31 MB"
"ai2","183","4481068","4.27 MB"
"sound\ui","18","4405762","4.20 MB"
"sound\music\culture","4","4296618","4.10 MB"
"dlc-frontend\textures\ui","113","4047939","3.86 MB"
"scenario\spc\cinematics","31","3962512","3.78 MB"
"sound\cinematics\35_in","14","3637835","3.47 MB"
"sound\cinematics\35_out","25","3166155","3.02 MB"
"sound\cinematics\a","5","3128322","2.98 MB"
"sound\cinematics\29_in","6","2967837","2.83 MB"
"sound\cinematics\13_out","13","2790926","2.66 MB"
"sound\cinematics\10_in","6","2625841","2.50 MB"
"anim\version2.0","277","2519735","2.40 MB"
"sound\cinematics\egypt","1","2508800","2.39 MB"
"sound\xpack\xcinematics\6_a","6","2487917","2.37 MB"
"sound\cinematics\12_in","7","2432102","2.32 MB"
"sound\xpack\xcinematics\8_in","13","2399433","2.29 MB"
"sound\xpack\xcinematics\7_out","9","2386047","2.28 MB"
"dlc-frontend\sound\xpack\xmusic","1","2349216","2.24 MB"
"sound\cinematics\31_out","14","2348199","2.24 MB"
"sound\cinematics\23_in","8","2063043","1.97 MB"
"sound\cinematics\33_in","8","1979882","1.89 MB"
"sound\xpack\xcinematics\intro","6","1964634","1.87 MB"
"models\version2.7","125","1948069","1.86 MB"
"sound\xpack\xcinematics\2_in","7","1906018","1.82 MB"
"sound\xpack\xmusic","2","1900042","1.81 MB"
"sound\cinematics\04_in","5","1884032","1.80 MB"
"sound\cinematics\26_in","6","1837765","1.75 MB"
"sound\cinematics\19_out","9","1810710","1.73 MB"
"sound\cinematics\32_out","18","1800193","1.72 MB"
"sound\cinematics\11_in","8","1748319","1.67 MB"
"sound\xpack\xcinematics\10_a","7","1736743","1.66 MB"
"sound\cinematics\21_in","3","1728260","1.65 MB"
"sound\cinematics\7","3","1704437","1.63 MB"
"sound\cinematics\31_in","9","1693174","1.61 MB"
"sound\xpack\xtaunts\jp","45","1650182","1.57 MB"
"sound\cinematics\17_in","9","1613545","1.54 MB"
"sound\xpack\xtaunts\de","45","1608331","1.53 MB"
"sound\xpack\xtaunts\it","45","1591607","1.52 MB"
"sound\cinematics\23_out","10","1589396","1.52 MB"
"sound\xpack\xcinematics\12_a","4","1564850","1.49 MB"
"sound\xpack\xtaunts\es","45","1549401","1.48 MB"
"sound\cinematics\16_in","5","1542268","1.47 MB"
"sound\cinematics\6","2","1541434","1.47 MB"
"sound\xpack\xtaunts\en","45","1540503","1.47 MB"
"sound\cinematics\19_mid","3","1531718","1.46 MB"
"sound\xpack\xtaunts\fr","45","1525535","1.45 MB"
"sound\cinematics\27_in","6","1506957","1.44 MB"
"sound\cinematics\9_out","5","1495874","1.43 MB"
"rm2\version2.0","50","1488044","1.42 MB"
"sound\xpack\xcinematics\1_in","7","1479281","1.41 MB"
"sound\xpack\xtaunts\ko","45","1471524","1.40 MB"
"sound\cinematics\04_out","3","1431093","1.36 MB"
"modelsfx","2857","1413948","1.35 MB"
"sound\cinematics\17_out","4","1399744","1.33 MB"
"sound\cinematics\9_in","4","1397135","1.33 MB"
"sound\cinematics\15_in","3","1391678","1.33 MB"
"Language\de","1","1375050","1.31 MB"
"sound\xpack\xtaunts\cn","45","1364500","1.30 MB"
"Language\fr","1","1355114","1.29 MB"
"scenario\MC","6","1346958","1.28 MB"
"Language\es","1","1340998","1.28 MB"
"Language\it","1","1333134","1.27 MB"
"sound\cinematics\25_in","5","1332984","1.27 MB"
"sound\cinematics\22_out","8","1325360","1.26 MB"
"Language\br","1","1309472","1.25 MB"
"sound\xpack\xcinematics\11_in","8","1292770","1.23 MB"
"sound\cinematics\28_in","4","1283981","1.22 MB"
"sound\xpack\xcinematics\3_a","3","1250647","1.19 MB"
"sound\xpack\xcinematics\4_in","4","1228392","1.17 MB"
"sound\xpack\xcinematics\3_b","8","1197056","1.14 MB"
"sound\cinematics\11_out","3","1172692","1.12 MB"
"Language\en","1","1163120","1.11 MB"
"sound\cinematics\26_out","7","1150957","1.10 MB"
"sound\cinematics\norse","1","1149039","1.10 MB"
"fonts","32","1138399","1.09 MB"
"sound\cinematics\12_out","7","1130994","1.08 MB"
"sound\cinematics\22_in","4","1099548","1.05 MB"
"sound\xpack\xcinematics\tutorial","2","1092760","1.04 MB"
"sound\xpack\xcinematics\5_b","8","1089223","1.04 MB"
"sound\cinematics\05_out","5","1077814","1.03 MB"
"sound\cinematics\eb","3","1060260","1.01 MB"
"sound\cinematics\14_in","3","1037588","1,013.27 KB"
"sound\cinematics\b","2","1036956","1,012.65 KB"
"sound\cinematics\9_mid","6","987861","964.71 KB"
"sound\cinematics\8_out","3","945322","923.17 KB"
"sound\cinematics\d","2","942497","920.41 KB"
"sound\xpack\xcinematics\5_in","5","911478","890.12 KB"
"sound\cinematics\34_in","11","887640","866.84 KB"
"sound\cinematics\8_in","3","876460","855.92 KB"
"rm2\version1.0","56","871243","850.82 KB"
"sound\cinematics\24_in","8","870314","849.92 KB"
"sound\cinematics\33_mid","3","866226","845.92 KB"
"launcher_res","5","851790","831.83 KB"
"Language\jp","1","840492","820.79 KB"
"Language\ko","1","832790","813.27 KB"
"sound\cinematics\13_in","4","827671","808.27 KB"
"sound\cinematics\3","4","824113","804.80 KB"
"scenario","13","815416","796.30 KB"
"sound\cinematics\30_out","3","798983","780.26 KB"
"sound\cinematics\1","2","750653","733.06 KB"
"sound\cinematics\c","1","748983","731.43 KB"
"sound\xpack\xcinematics\6_out","5","743040","725.63 KB"
"sound\cinematics\intro","1","719726","702.86 KB"
"sound\xpack\xcinematics\9_in","3","709390","692.76 KB"
"sound\cinematics\19_in","4","703323","686.84 KB"
"Language\it\history\units","502","690664","674.48 KB"
"Language\cn","1","687398","671.29 KB"
"sound\xpack\xcinematics\2_out","3","687238","671.13 KB"
"Language\es\history\units","509","686746","670.65 KB"
"Language\de\history\units","501","686192","670.11 KB"
"Language\fr\history\units","501","674876","659.06 KB"
"sound\xpack\xcinematics\10_b","4","647847","632.66 KB"
"tools\TextureCompiler_v2","2","642048","627.00 KB"
"rm2\version2.7","21","621259","606.70 KB"
"Language\br\history\units","501","616317","601.87 KB"
"anim\version2.7","23","610558","596.25 KB"
"sound\cinematics\24_out","2","596846","582.86 KB"
"textures\ui\de","10","582109","568.47 KB"
"Language\en\history\units","503","556523","543.48 KB"
"sound\cinematics\05_in","5","548362","535.51 KB"
"textures\ui\it","9","538789","526.16 KB"
"textures\ui\es","9","538405","525.79 KB"
"textures\ui\br","9","538402","525.78 KB"
"textures\ui\fr","9","538252","525.64 KB"
"sound\cinematics\20_in","4","519004","506.84 KB"
"sound\cinematics\33_out","2","515558","503.47 KB"
"Language\de\history\techs","423","502546","490.77 KB"
"rm2\version2.4","14","495921","484.30 KB"
"textures\ui\cn","8","490257","478.77 KB"
"textures\ui\ko","8","480822","469.55 KB"
"Language\es\history\techs","406","471574","460.52 KB"
"Language\fr\history\techs","417","470410","459.38 KB"
"sound\cinematics\25_out","2","466340","455.41 KB"
"sound\cinematics\20_out","4","464985","454.09 KB"
"Language\it\history\techs","416","463905","453.03 KB"
"sound\cinematics\30_in","1","437603","427.35 KB"
"Language\br\history\techs","415","418599","408.79 KB"
"sound\cinematics\10_out","1","404584","395.10 KB"
"sound\cinematics\18_in","1","395705","386.43 KB"
"sound\cinematics\2","2","390170","381.03 KB"
"Language\en\history\techs","415","386284","377.23 KB"
"shaders\New folder","96","348432","340.27 KB"
"shaders","96","348432","340.27 KB"
"Language\ko\history\units","502","319709","312.22 KB"
"Language\jp\history\units","497","291124","284.30 KB"
"sound\cinematics\32_in","1","249420","243.57 KB"
"Language\ko\history\techs","418","232265","226.82 KB"
"Language\jp\history\techs","415","219372","214.23 KB"
"certificates","1","217261","212.17 KB"
"models\version1.10","8","211867","206.90 KB"
"Language\cn\history\units","501","208338","203.46 KB"
"sound\cinematics\19a","1","201874","197.14 KB"
"steam\redistributable_bin","1","191168","186.69 KB"
"textures\ui\jp","1","173265","169.20 KB"
"god powers\version1.0","142","158188","154.48 KB"
"tools","2","154624","151.00 KB"
"Language\cn\history\techs","415","147633","144.17 KB"
"trigger2","2","123856","120.95 KB"
"startup","13","98433","96.13 KB"
"sound\cinematics\35_in\ground bust","1","95713","93.47 KB"
"dlc-frontend\data","2","69058","67.44 KB"
"Language\de\history","32","61632","60.19 KB"
"Language\fr\history","32","61302","59.87 KB"
"sound\cinematics\35_in\anafight","6","61246","59.81 KB"
"Language\es\history","33","61026","59.60 KB"
"god powers\version2.0","36","59718","58.32 KB"
"Language\it\history","32","59688","58.29 KB"
"Language\br\history","31","55643","54.34 KB"
"Language\en\history","31","52333","51.11 KB"
"rm2\version2.8","6","48647","47.51 KB"
"dlc-frontend\scenario","1","43429","42.41 KB"
"Language\jp\history","32","41820","40.84 KB"
"Language\ko\history","32","40492","39.54 KB"
"textures\cursors","46","38986","38.07 KB"
"Language\cn\history","32","35894","35.05 KB"
"sound\xpack\xcinematics\3_mid","1","35425","34.59 KB"
"models\version2.8","2","34008","33.21 KB"
"tools\TextureCompiler_v2\input_example","8","28804","28.13 KB"
"anim\version1.9","4","20729","20.24 KB"
"god powers\version2.7","11","20129","19.66 KB"
"models\version1.9","1","19691","19.23 KB"
"god powers\version2.8","10","17841","17.42 KB"
"anim\version2.2","1","13575","13.26 KB"
"god powers\version1.9","6","11324","11.06 KB"
"trigger2\version1.0","3","8565","8.36 KB"
"anim\version2.8","2","7555","7.38 KB"
"trigger2\version2.4","2","7361","7.19 KB"
"trigger2\version2.7","2","5511","5.38 KB"
"anim\version1.10","1","3706","3.62 KB"
"trigger2\version2.0","1","3486","3.40 KB"
"god powers\version2.4","3","2421","2.36 KB"
"launcher_res\it","1","1878","1.83 KB"
"launcher_res\fr","1","1802","1.76 KB"
"launcher_res\br","1","1760","1.72 KB"
"launcher_res\en","1","1740","1.70 KB"
"launcher_res\es","1","1730","1.69 KB"
"launcher_res\de","1","1698","1.66 KB"
"launcher_res\jp","1","1150","1.12 KB"
"launcher_res\ko","1","1092","1.07 KB"
"god powers\version2.5","1","1029","1.00 KB"
"launcher_res\cn","1","856","856 B"
"anim\version2.4","1","428","428 B"
"tools\TextureCompiler_v2\output_example","1","50","50 B"
"avi\clip","1","6","6 B"
"ai2\docs","1","1","1 B"
"cameratracks","1","1","1 B"
