"Extension","FileCount","TotalBytes","TotalSize"
".mp3","13872","1006754962","960.12 MB"
".brg","10560","416842252","397.53 MB"
".bik","6","248726612","237.20 MB"
".grn","1841","246519620","235.10 MB"
".wav","2000","241635796","230.44 MB"
".ddt","7487","229023446","218.41 MB"
".xml","8060","78386653","74.76 MB"
".pdf","6","69600557","66.38 MB"
".txt","9923","26447798","25.22 MB"
".dll","20","23917280","22.81 MB"
".scn","73","16168012","15.42 MB"
".bmp","4","14227424","13.57 MB"
".scx","49","11724490","11.18 MB"
".exe","6","11211776","10.69 MB"
".xs","284","8054824","7.68 MB"
".mtrl","20842","4859287","4.63 MB"
".dat","3","3475666","3.31 MB"
".rtf","15","2938284","2.80 MB"
".dcl","4061","1824049","1.74 MB"
".tga","10","962896","940.33 KB"
".prt","1372","854614","834.58 KB"
".png","2","849704","829.79 KB"
".btx","5","793317","774.72 KB"
".pso","126","550952","538.04 KB"
".crt","1","250605","244.73 KB"
".pem","1","217261","212.17 KB"
".msk","25","204800","200.00 KB"
".vso","62","130832","127.77 KB"
".asi","1","125952","123.00 KB"
".xmb","78","62869","61.40 KB"
".cfg","10","62072","60.62 KB"
".cpn","3","47032","45.93 KB"
".con","3","36361","35.51 KB"
".lng","22","28450","27.78 KB"
".cpx","2","21385","20.88 KB"
".docx","1","20486","20.01 KB"
".ini","11","15626","15.26 KB"
".lgt","52","10580","10.33 KB"
".crx","1","10050","9.81 KB"
".dso","2","7936","7.75 KB"
".hso","2","7144","6.98 KB"
".set","9","5705","5.57 KB"
".spr","6","1424","1.39 KB"
".cub","4","700","700 B"
".vdf","1","540","540 B"
".pfx","2","224","224 B"
".bti","8","188","188 B"
".html","1","166","166 B"
".aom","6","141","141 B"
