"RelativePath","FullPath","Name","Extension","SizeBytes","Size","LastWriteUTC"
"avi\credits.bik","D:\AI_upscaling\AoMEE\Age of Mythology\avi\credits.bik","credits.bik",".bik","87233820","83.19 MB","2026-09-17T15:00:13.8440885Z"
"avi\introcg.bik","D:\AI_upscaling\AoMEE\Age of Mythology\avi\introcg.bik","introcg.bik",".bik","54740900","52.20 MB","2026-09-17T15:00:13.8450760Z"
"avi\xcredits.bik","D:\AI_upscaling\AoMEE\Age of Mythology\avi\xcredits.bik","xcredits.bik",".bik","50308152","47.98 MB","2026-09-17T15:00:13.8470895Z"
"docs\AOMGold_Manual_OEM_EN.pdf","D:\AI_upscaling\AoMEE\Age of Mythology\docs\AOMGold_Manual_OEM_EN.pdf","AOMGold_Manual_OEM_EN.pdf",".pdf","35177433","33.55 MB","2026-09-17T15:00:10.9858825Z"
"avi\xintrocg.bik","D:\AI_upscaling\AoMEE\Age of Mythology\avi\xintrocg.bik","xintrocg.bik",".bik","21886052","20.87 MB","2026-09-17T15:00:13.8480888Z"
"avi\outtakes.bik","D:\AI_upscaling\AoMEE\Age of Mythology\avi\outtakes.bik","outtakes.bik",".bik","19682392","18.77 MB","2026-09-17T15:00:13.8460732Z"
"twitchdll\libmfxsw32.dll","D:\AI_upscaling\AoMEE\Age of Mythology\twitchdll\libmfxsw32.dll","libmfxsw32.dll",".dll","16196504","15.45 MB","2026-09-17T15:00:10.8498668Z"
"avi\aomlogo.bik","D:\AI_upscaling\AoMEE\Age of Mythology\avi\aomlogo.bik","aomlogo.bik",".bik","14875296","14.19 MB","2026-09-17T15:00:13.8430897Z"
"docs\AOMGold_InGamePDF_EN.pdf","D:\AI_upscaling\AoMEE\Age of Mythology\docs\AOMGold_InGamePDF_EN.pdf","AOMGold_InGamePDF_EN.pdf",".pdf","11860784","11.31 MB","2026-09-17T15:00:10.9838635Z"
"AoMX.exe","D:\AI_upscaling\AoMEE\Age of Mythology\AoMX.exe","AoMX.exe",".exe","9140224","8.72 MB","2026-09-16T23:59:09.8809652Z"
"docs\AOMGold_QRC_Titans_EN.pdf","D:\AI_upscaling\AoMEE\Age of Mythology\docs\AOMGold_QRC_Titans_EN.pdf","AOMGold_QRC_Titans_EN.pdf",".pdf","7640225","7.29 MB","2026-09-17T15:00:10.9888624Z"
"loadingx1080.bmp","D:\AI_upscaling\AoMEE\Age of Mythology\loadingx1080.bmp","loadingx1080.bmp",".bmp","6220856","5.93 MB","2026-09-16T23:59:10.4009746Z"
"docs\AOMGold_QRC_Norse_EN.pdf","D:\AI_upscaling\AoMEE\Age of Mythology\docs\AOMGold_QRC_Norse_EN.pdf","AOMGold_QRC_Norse_EN.pdf",".pdf","5850671","5.58 MB","2026-09-17T15:00:10.9878641Z"
"docs\AOMGold_QRC_Egyptian_EN.pdf","D:\AI_upscaling\AoMEE\Age of Mythology\docs\AOMGold_QRC_Egyptian_EN.pdf","AOMGold_QRC_Egyptian_EN.pdf",".pdf","5388666","5.14 MB","2026-09-17T15:00:10.9868667Z"
"loadingx900.bmp","D:\AI_upscaling\AoMEE\Age of Mythology\loadingx900.bmp","loadingx900.bmp",".bmp","4320056","4.12 MB","2026-09-16T23:59:10.4029939Z"
"docs\AOMGold_QRC_Greek_EN.pdf","D:\AI_upscaling\AoMEE\Age of Mythology\docs\AOMGold_QRC_Greek_EN.pdf","AOMGold_QRC_Greek_EN.pdf",".pdf","3682778","3.51 MB","2026-09-17T15:00:10.9868667Z"
"sound\music\quiet\chocolate outline (mellow mix).mp3","D:\AI_upscaling\AoMEE\Age of Mythology\sound\music\quiet\chocolate outline (mellow mix).mp3","chocolate outline (mellow mix).mp3",".mp3","3298115","3.15 MB","2026-09-17T15:00:12.5415747Z"
"sound\music\standard\chocolate outline.mp3","D:\AI_upscaling\AoMEE\Age of Mythology\sound\music\standard\chocolate outline.mp3","chocolate outline.mp3",".mp3","3298115","3.15 MB","2026-09-17T15:00:12.5515551Z"
"sound\music\standard\never mind the slacks and bashers.mp3","D:\AI_upscaling\AoMEE\Age of Mythology\sound\music\standard\never mind the slacks and bashers.mp3","never mind the slacks and bashers.mp3",".mp3","3259245","3.11 MB","2026-09-17T15:00:12.5555541Z"
"sound\music\quiet\never mind the slacks and bashers (mellow mix).mp3","D:\AI_upscaling\AoMEE\Age of Mythology\sound\music\quiet\never mind the slacks and bashers (mellow mix).mp3","never mind the slacks and bashers (mellow mix).mp3",".mp3","3259245","3.11 MB","2026-09-17T15:00:12.5445562Z"
"sound\music\standard\in a pile of its own good.mp3","D:\AI_upscaling\AoMEE\Age of Mythology\sound\music\standard\in a pile of its own good.mp3","in a pile of its own good.mp3",".mp3","3213688","3.06 MB","2026-09-17T15:00:12.5545565Z"
"sound\music\quiet\in a pile of its own good (mellow mix).mp3","D:\AI_upscaling\AoMEE\Age of Mythology\sound\music\quiet\in a pile of its own good (mellow mix).mp3","in a pile of its own good (mellow mix).mp3",".mp3","3213688","3.06 MB","2026-09-17T15:00:12.5435550Z"
"sound\music\quiet\suture self (mellow mix).mp3","D:\AI_upscaling\AoMEE\Age of Mythology\sound\music\quiet\suture self (mellow mix).mp3","suture self (mellow mix).mp3",".mp3","3069074","2.93 MB","2026-09-17T15:00:12.5455581Z"
"sound\music\standard\suture self.mp3","D:\AI_upscaling\AoMEE\Age of Mythology\sound\music\standard\suture self.mp3","suture self.mp3",".mp3","3069074","2.93 MB","2026-09-17T15:00:12.5555541Z"
"sound\music\standard\eat your potatoes.mp3","D:\AI_upscaling\AoMEE\Age of Mythology\sound\music\standard\eat your potatoes.mp3","eat your potatoes.mp3",".mp3","3059879","2.92 MB","2026-09-17T15:00:12.5525535Z"
"sound\music\quiet\eat your potatoes (mellow mix).mp3","D:\AI_upscaling\AoMEE\Age of Mythology\sound\music\quiet\eat your potatoes (mellow mix).mp3","eat your potatoes (mellow mix).mp3",".mp3","3059879","2.92 MB","2026-09-17T15:00:12.5415747Z"
"sound\music\quiet\hoping for real betterness (mellow mix).mp3","D:\AI_upscaling\AoMEE\Age of Mythology\sound\music\quiet\hoping for real betterness (mellow mix).mp3","hoping for real betterness (mellow mix).mp3",".mp3","2999275","2.86 MB","2026-09-17T15:00:12.5425548Z"
"sound\music\standard\hoping for real betterness.mp3","D:\AI_upscaling\AoMEE\Age of Mythology\sound\music\standard\hoping for real betterness.mp3","hoping for real betterness.mp3",".mp3","2999275","2.86 MB","2026-09-17T15:00:12.5535564Z"
"sound\music\quiet\(fine layers of) slaysenflite (mellow mix).mp3","D:\AI_upscaling\AoMEE\Age of Mythology\sound\music\quiet\(fine layers of) slaysenflite (mellow mix).mp3","(fine layers of) slaysenflite (mellow mix).mp3",".mp3","2891023","2.76 MB","2026-09-17T15:00:12.5385740Z"
"sound\music\standard\(fine layers of) slaysenflite.mp3","D:\AI_upscaling\AoMEE\Age of Mythology\sound\music\standard\(fine layers of) slaysenflite.mp3","(fine layers of) slaysenflite.mp3",".mp3","2891023","2.76 MB","2026-09-17T15:00:12.5475548Z"
"sound\music\quiet\the ballad of ace lebaron (mellow mix).mp3","D:\AI_upscaling\AoMEE\Age of Mythology\sound\music\quiet\the ballad of ace lebaron (mellow mix).mp3","the ballad of ace lebaron (mellow mix).mp3",".mp3","2870961","2.74 MB","2026-09-17T15:00:12.5455581Z"
"sound\music\standard\the ballad of ace lebaron.mp3","D:\AI_upscaling\AoMEE\Age of Mythology\sound\music\standard\the ballad of ace lebaron.mp3","the ballad of ace lebaron.mp3",".mp3","2870961","2.74 MB","2026-09-17T15:00:12.5565704Z"
"sound\music\quiet\adult swim (mellow mix).mp3","D:\AI_upscaling\AoMEE\Age of Mythology\sound\music\quiet\adult swim (mellow mix).mp3","adult swim (mellow mix).mp3",".mp3","2829165","2.70 MB","2026-09-17T15:00:12.5395715Z"
"sound\music\standard\adult swim.mp3","D:\AI_upscaling\AoMEE\Age of Mythology\sound\music\standard\adult swim.mp3","adult swim.mp3",".mp3","2829165","2.70 MB","2026-09-17T15:00:12.5485745Z"
"sound\summoningtreebirth.wav","D:\AI_upscaling\AoMEE\Age of Mythology\sound\summoningtreebirth.wav","summoningtreebirth.wav",".wav","2826844","2.70 MB","2026-09-17T15:00:12.5865589Z"
"sound\music\quiet\flavor cats (in the comfort zone) (mellow mix).mp3","D:\AI_upscaling\AoMEE\Age of Mythology\sound\music\quiet\flavor cats (in the comfort zone) (mellow mix).mp3","flavor cats (in the comfort zone) (mellow mix).mp3",".mp3","2812447","2.68 MB","2026-09-17T15:00:12.5425548Z"
"sound\music\standard\flavor cats (in the comfort zone).mp3","D:\AI_upscaling\AoMEE\Age of Mythology\sound\music\standard\flavor cats (in the comfort zone).mp3","flavor cats (in the comfort zone).mp3",".mp3","2812447","2.68 MB","2026-09-17T15:00:12.5535564Z"
"loadingx720.bmp","D:\AI_upscaling\AoMEE\Age of Mythology\loadingx720.bmp","loadingx720.bmp",".bmp","2764856","2.64 MB","2026-09-16T23:59:10.4009746Z"
"data\proto2.7.xml","D:\AI_upscaling\AoMEE\Age of Mythology\data\proto2.7.xml","proto2.7.xml",".xml","2663109","2.54 MB","2026-09-17T15:00:10.9578687Z"
"data\proto2.5.xml","D:\AI_upscaling\AoMEE\Age of Mythology\data\proto2.5.xml","proto2.5.xml",".xml","2660010","2.54 MB","2026-09-17T15:00:10.9568835Z"
"data\proto2.8.xml","D:\AI_upscaling\AoMEE\Age of Mythology\data\proto2.8.xml","proto2.8.xml",".xml","2659802","2.54 MB","2026-09-17T15:00:10.9578687Z"
"data\proto2.4.xml","D:\AI_upscaling\AoMEE\Age of Mythology\data\proto2.4.xml","proto2.4.xml",".xml","2659326","2.54 MB","2026-09-17T15:00:10.9558622Z"
"data\proto2.2.xml","D:\AI_upscaling\AoMEE\Age of Mythology\data\proto2.2.xml","proto2.2.xml",".xml","2658319","2.54 MB","2026-09-17T15:00:10.9558622Z"
"data\proto2.1.xml","D:\AI_upscaling\AoMEE\Age of Mythology\data\proto2.1.xml","proto2.1.xml",".xml","2658282","2.54 MB","2026-09-17T15:00:10.9548704Z"
"data\proto2.0.xml","D:\AI_upscaling\AoMEE\Age of Mythology\data\proto2.0.xml","proto2.0.xml",".xml","2657674","2.53 MB","2026-09-17T15:00:10.9538810Z"
"sound\cinematics\egypt\n. d. nile.mp3","D:\AI_upscaling\AoMEE\Age of Mythology\sound\cinematics\egypt\n. d. nile.mp3","n. d. nile.mp3",".mp3","2508800","2.39 MB","2026-09-17T15:00:12.0509218Z"
"models\version1.0\ngtrireme34_aomsp34atlantis.grn","D:\AI_upscaling\AoMEE\Age of Mythology\models\version1.0\ngtrireme34_aomsp34atlantis.grn","ngtrireme34_aomsp34atlantis.grn",".grn","2464180","2.35 MB","2026-09-17T15:00:13.3065567Z"
"models\version2.0\ngtrireme34_aomsp34atlantis.grn","D:\AI_upscaling\AoMEE\Age of Mythology\models\version2.0\ngtrireme34_aomsp34atlantis.grn","ngtrireme34_aomsp34atlantis.grn",".grn","2464180","2.35 MB","2026-09-17T15:00:13.6830787Z"
"sound\music\standard\behold the great science fi.mp3","D:\AI_upscaling\AoMEE\Age of Mythology\sound\music\standard\behold the great science fi.mp3","behold the great science fi.mp3",".mp3","2387800","2.28 MB","2026-09-17T15:00:12.5505537Z"
"sound\music\quiet\behold the great science fi (mellow mix).mp3","D:\AI_upscaling\AoMEE\Age of Mythology\sound\music\quiet\behold the great science fi (mellow mix).mp3","behold the great science fi (mellow mix).mp3",".mp3","2387800","2.28 MB","2026-09-17T15:00:12.5405574Z"
"sound\a kitty named fitness.mp3","D:\AI_upscaling\AoMEE\Age of Mythology\sound\a kitty named fitness.mp3","a kitty named fitness.mp3",".mp3","2353313","2.24 MB","2026-09-17T15:00:11.8238965Z"
"sound\music\interface\a kitty named fitness.mp3","D:\AI_upscaling\AoMEE\Age of Mythology\sound\music\interface\a kitty named fitness.mp3","a kitty named fitness.mp3",".mp3","2353313","2.24 MB","2026-09-17T15:00:12.5335560Z"
"sound\a matt named kittens.mp3","D:\AI_upscaling\AoMEE\Age of Mythology\sound\a matt named kittens.mp3","a matt named kittens.mp3",".mp3","2349216","2.24 MB","2026-09-17T15:00:11.8249210Z"
"dlc-frontend\sound\xpack\xmusic\a matt named kittens.mp3","D:\AI_upscaling\AoMEE\Age of Mythology\dlc-frontend\sound\xpack\xmusic\a matt named kittens.mp3","a matt named kittens.mp3",".mp3","2349216","2.24 MB","2026-09-17T15:00:10.9798644Z"
"models\version1.0\arka_aomsp35runfight.brg","D:\AI_upscaling\AoMEE\Age of Mythology\models\version1.0\arka_aomsp35runfight.brg","arka_aomsp35runfight.brg",".brg","2278399","2.17 MB","2026-09-17T15:00:13.1185543Z"
"models\version2.0\arka_aomsp35runfight.brg","D:\AI_upscaling\AoMEE\Age of Mythology\models\version2.0\arka_aomsp35runfight.brg","arka_aomsp35runfight.brg",".brg","2278399","2.17 MB","2026-09-17T15:00:13.5370790Z"
"models\version1.0\skult_aomsp27looking4giants.grn","D:\AI_upscaling\AoMEE\Age of Mythology\models\version1.0\skult_aomsp27looking4giants.grn","skult_aomsp27looking4giants.grn",".grn","2237164","2.13 MB","2026-09-17T15:00:13.3685570Z"
"models\version2.0\immortal_aomsp27looking4giants.grn","D:\AI_upscaling\AoMEE\Age of Mythology\models\version2.0\immortal_aomsp27looking4giants.grn","immortal_aomsp27looking4giants.grn",".grn","2237164","2.13 MB","2026-09-17T15:00:13.6490750Z"
"models\version2.0\skult_aomsp27looking4giants.grn","D:\AI_upscaling\AoMEE\Age of Mythology\models\version2.0\skult_aomsp27looking4giants.grn","skult_aomsp27looking4giants.grn",".grn","2237164","2.13 MB","2026-09-17T15:00:13.7420762Z"
"data-dev\protox.xml","D:\AI_upscaling\AoMEE\Age of Mythology\data-dev\protox.xml","protox.xml",".xml","2205852","2.10 MB","2026-09-17T15:00:10.9328907Z"
"data-dev\proto101x.xml","D:\AI_upscaling\AoMEE\Age of Mythology\data-dev\proto101x.xml","proto101x.xml",".xml","2205296","2.10 MB","2026-09-17T15:00:10.9308660Z"
"data\proto1.12.xml","D:\AI_upscaling\AoMEE\Age of Mythology\data\proto1.12.xml","proto1.12.xml",".xml","2195047","2.09 MB","2026-09-17T15:00:10.9498731Z"
"data\proto1.11.xml","D:\AI_upscaling\AoMEE\Age of Mythology\data\proto1.11.xml","proto1.11.xml",".xml","2195033","2.09 MB","2026-09-17T15:00:10.9488652Z"
"data\proto1.10.xml","D:\AI_upscaling\AoMEE\Age of Mythology\data\proto1.10.xml","proto1.10.xml",".xml","2194937","2.09 MB","2026-09-17T15:00:10.9478782Z"
"data\proto1.9.xml","D:\AI_upscaling\AoMEE\Age of Mythology\data\proto1.9.xml","proto1.9.xml",".xml","2190919","2.09 MB","2026-09-17T15:00:10.9528659Z"
"data\proto1.8.xml","D:\AI_upscaling\AoMEE\Age of Mythology\data\proto1.8.xml","proto1.8.xml",".xml","2190517","2.09 MB","2026-09-17T15:00:10.9528659Z"
"data\proto1.7.xml","D:\AI_upscaling\AoMEE\Age of Mythology\data\proto1.7.xml","proto1.7.xml",".xml","2187305","2.09 MB","2026-09-17T15:00:10.9508977Z"
"data\proto1.5.xml","D:\AI_upscaling\AoMEE\Age of Mythology\data\proto1.5.xml","proto1.5.xml",".xml","2187293","2.09 MB","2026-09-17T15:00:10.9508977Z"
"models\version2.0\titan x promethean_aomx07killroc.brg","D:\AI_upscaling\AoMEE\Age of Mythology\models\version2.0\titan x promethean_aomx07killroc.brg","titan x promethean_aomx07killroc.brg",".brg","2149621","2.05 MB","2026-09-17T15:00:13.7760823Z"
"models\version1.0\titan x promethean_aomx07killroc.brg","D:\AI_upscaling\AoMEE\Age of Mythology\models\version1.0\titan x promethean_aomx07killroc.brg","titan x promethean_aomx07killroc.brg",".brg","2149621","2.05 MB","2026-09-17T15:00:13.4035580Z"
"STPENUM.DLL","D:\AI_upscaling\AoMEE\Age of Mythology\STPENUM.DLL","STPENUM.DLL",".dll","2134016","2.04 MB","2026-09-16T23:59:11.9588362Z"
"models\version2.0\atlantissinking.brg","D:\AI_upscaling\AoMEE\Age of Mythology\models\version2.0\atlantissinking.brg","atlantissinking.brg",".brg","2129125","2.03 MB","2026-09-17T15:00:13.5620891Z"
"models\version1.0\atlantissinking.brg","D:\AI_upscaling\AoMEE\Age of Mythology\models\version1.0\atlantissinking.brg","atlantissinking.brg",".brg","2129125","2.03 MB","2026-09-17T15:00:13.1435716Z"
"models\version1.0\ark_aomsp04argue.grn","D:\AI_upscaling\AoMEE\Age of Mythology\models\version1.0\ark_aomsp04argue.grn","ark_aomsp04argue.grn",".grn","1861560","1.78 MB","2026-09-17T15:00:13.1255631Z"
"models\version2.0\ark_aomsp04argue.grn","D:\AI_upscaling\AoMEE\Age of Mythology\models\version2.0\ark_aomsp04argue.grn","ark_aomsp04argue.grn",".grn","1861560","1.78 MB","2026-09-17T15:00:13.5470751Z"
"models\version2.0\shun_aomsp04argue.grn","D:\AI_upscaling\AoMEE\Age of Mythology\models\version2.0\shun_aomsp04argue.grn","shun_aomsp04argue.grn",".grn","1861560","1.78 MB","2026-09-17T15:00:13.7260731Z"
"sound\ypack\ydialog\en\70657.wav","D:\AI_upscaling\AoMEE\Age of Mythology\sound\ypack\ydialog\en\70657.wav","70657.wav",".wav","1859078","1.77 MB","2026-09-17T15:00:12.9145722Z"
"models\version2.0\aman_15theresaguardian.grn","D:\AI_upscaling\AoMEE\Age of Mythology\models\version2.0\aman_15theresaguardian.grn","aman_15theresaguardian.grn",".grn","1823320","1.74 MB","2026-09-17T15:00:13.4970924Z"
"models\version1.0\aman_15theresaguardian.grn","D:\AI_upscaling\AoMEE\Age of Mythology\models\version1.0\aman_15theresaguardian.grn","aman_15theresaguardian.grn",".grn","1823320","1.74 MB","2026-09-17T15:00:13.0975721Z"
"sound\implodetest.wav","D:\AI_upscaling\AoMEE\Age of Mythology\sound\implodetest.wav","implodetest.wav",".wav","1820810","1.74 MB","2026-09-17T15:00:12.5025549Z"
"models\version1.0\poseidona_aomsp35finale.brg","D:\AI_upscaling\AoMEE\Age of Mythology\models\version1.0\poseidona_aomsp35finale.brg","poseidona_aomsp35finale.brg",".brg","1815737","1.73 MB","2026-09-17T15:00:13.3155545Z"
"models\version2.0\poseidona_aomsp35finale.brg","D:\AI_upscaling\AoMEE\Age of Mythology\models\version2.0\poseidona_aomsp35finale.brg","poseidona_aomsp35finale.brg",".brg","1815737","1.73 MB","2026-09-17T15:00:13.6930781Z"
"models\version2.0\immortal_aomsp27banner.grn","D:\AI_upscaling\AoMEE\Age of Mythology\models\version2.0\immortal_aomsp27banner.grn","immortal_aomsp27banner.grn",".grn","1814980","1.73 MB","2026-09-17T15:00:13.6480731Z"
"models\version1.0\skult_aomsp27banner.grn","D:\AI_upscaling\AoMEE\Age of Mythology\models\version1.0\skult_aomsp27banner.grn","skult_aomsp27banner.grn",".grn","1814980","1.73 MB","2026-09-17T15:00:13.3675657Z"
"models\version2.0\skult_aomsp27banner.grn","D:\AI_upscaling\AoMEE\Age of Mythology\models\version2.0\skult_aomsp27banner.grn","skult_aomsp27banner.grn",".grn","1814980","1.73 MB","2026-09-17T15:00:13.7420762Z"
"sound\xpack\xcinematics\12_b\waves.mp3","D:\AI_upscaling\AoMEE\Age of Mythology\sound\xpack\xcinematics\12_b\waves.mp3","waves.mp3",".mp3","1705172","1.63 MB","2026-09-17T15:00:12.6435541Z"
"Launcher.exe","D:\AI_upscaling\AoMEE\Age of Mythology\Launcher.exe","Launcher.exe",".exe","1662976","1.59 MB","2026-09-16T23:59:09.8850956Z"
"models\version2.0\oldman_aomsp10afterourarmies.grn","D:\AI_upscaling\AoMEE\Age of Mythology\models\version2.0\oldman_aomsp10afterourarmies.grn","oldman_aomsp10afterourarmies.grn",".grn","1639072","1.56 MB","2026-09-17T15:00:13.6900893Z"
"models\version1.0\oldman_aomsp10afterourarmies.grn","D:\AI_upscaling\AoMEE\Age of Mythology\models\version1.0\oldman_aomsp10afterourarmies.grn","oldman_aomsp10afterourarmies.grn",".grn","1639072","1.56 MB","2026-09-17T15:00:13.3125560Z"
"sound\waveloop.wav","D:\AI_upscaling\AoMEE\Age of Mythology\sound\waveloop.wav","waveloop.wav",".wav","1620926","1.55 MB","2026-09-17T15:00:12.6135709Z"
"textures\ui\logo-splash-forgotten-empires.ddt","D:\AI_upscaling\AoMEE\Age of Mythology\textures\ui\logo-splash-forgotten-empires.ddt","logo-splash-forgotten-empires.ddt",".ddt","1600328","1.53 MB","2026-09-17T15:00:11.7428938Z"
"sound\ypack\ydialog\en\70652.wav","D:\AI_upscaling\AoMEE\Age of Mythology\sound\ypack\ydialog\en\70652.wav","70652.wav",".wav","1586634","1.51 MB","2026-09-17T15:00:12.9115586Z"
"sound\lightning loop.wav","D:\AI_upscaling\AoMEE\Age of Mythology\sound\lightning loop.wav","lightning loop.wav",".wav","1574410","1.50 MB","2026-09-17T15:00:12.5085573Z"
"models\version2.0\titan x promethean_aomx07grab.brg","D:\AI_upscaling\AoMEE\Age of Mythology\models\version2.0\titan x promethean_aomx07grab.brg","titan x promethean_aomx07grab.brg",".brg","1558398","1.49 MB","2026-09-17T15:00:13.7740810Z"
"models\version1.0\titan x promethean_aomx07grab.brg","D:\AI_upscaling\AoMEE\Age of Mythology\models\version1.0\titan x promethean_aomx07grab.brg","titan x promethean_aomx07grab.brg",".brg","1558398","1.49 MB","2026-09-17T15:00:13.3995598Z"
"textures\ui\techtreenuwa.ddt","D:\AI_upscaling\AoMEE\Age of Mythology\textures\ui\techtreenuwa.ddt","techtreenuwa.ddt",".ddt","1489550","1.42 MB","2026-09-17T15:00:11.7538965Z"
"textures\ui\techtreeshennong.ddt","D:\AI_upscaling\AoMEE\Age of Mythology\textures\ui\techtreeshennong.ddt","techtreeshennong.ddt",".ddt","1479465","1.41 MB","2026-09-17T15:00:11.7569153Z"
"data-dev\proto.xml","D:\AI_upscaling\AoMEE\Age of Mythology\data-dev\proto.xml","proto.xml",".xml","1477571","1.41 MB","2026-09-17T15:00:10.9298633Z"
"data\proto1.0.xml","D:\AI_upscaling\AoMEE\Age of Mythology\data\proto1.0.xml","proto1.0.xml",".xml","1468473","1.40 MB","2026-09-17T15:00:10.9468928Z"
"data\proto1.0-for-2.0.xml","D:\AI_upscaling\AoMEE\Age of Mythology\data\proto1.0-for-2.0.xml","proto1.0-for-2.0.xml",".xml","1468407","1.40 MB","2026-09-17T15:00:10.9459062Z"
"textures\ui\techtreefuxi.ddt","D:\AI_upscaling\AoMEE\Age of Mythology\textures\ui\techtreefuxi.ddt","techtreefuxi.ddt",".ddt","1463684","1.40 MB","2026-09-17T15:00:11.7509132Z"
"sound\whirlpool.wav","D:\AI_upscaling\AoMEE\Age of Mythology\sound\whirlpool.wav","whirlpool.wav",".wav","1437322","1.37 MB","2026-09-17T15:00:12.6145711Z"
"models\version2.0\poseidona_aomsp35finaldeath.brg","D:\AI_upscaling\AoMEE\Age of Mythology\models\version2.0\poseidona_aomsp35finaldeath.brg","poseidona_aomsp35finaldeath.brg",".brg","1436216","1.37 MB","2026-09-17T15:00:13.6920797Z"
"models\version1.0\poseidona_aomsp35finaldeath.brg","D:\AI_upscaling\AoMEE\Age of Mythology\models\version1.0\poseidona_aomsp35finaldeath.brg","poseidona_aomsp35finaldeath.brg",".brg","1436216","1.37 MB","2026-09-17T15:00:13.3145536Z"
"sound\lose.wav","D:\AI_upscaling\AoMEE\Age of Mythology\sound\lose.wav","lose.wav",".wav","1435770","1.37 MB","2026-09-17T15:00:12.5125564Z"
"sound\xlose.wav","D:\AI_upscaling\AoMEE\Age of Mythology\sound\xlose.wav","xlose.wav",".wav","1435770","1.37 MB","2026-09-17T15:00:12.6215807Z"
"sound\music\interface\gank sneakin'.mp3","D:\AI_upscaling\AoMEE\Age of Mythology\sound\music\interface\gank sneakin'.mp3","gank sneakin'.mp3",".mp3","1426076","1.36 MB","2026-09-17T15:00:12.5345724Z"
"models\version2.0\building e osiris pyramid_deatha.brg","D:\AI_upscaling\AoMEE\Age of Mythology\models\version2.0\building e osiris pyramid_deatha.brg","building e osiris pyramid_deatha.brg",".brg","1394598","1.33 MB","2026-09-17T15:00:13.5831075Z"
"models\version1.0\building e osiris pyramid_deatha.brg","D:\AI_upscaling\AoMEE\Age of Mythology\models\version1.0\building e osiris pyramid_deatha.brg","building e osiris pyramid_deatha.brg",".brg","1394598","1.33 MB","2026-09-17T15:00:13.1675678Z"
"Language\de\de-language.txt","D:\AI_upscaling\AoMEE\Age of Mythology\Language\de\de-language.txt","de-language.txt",".txt","1375050","1.31 MB","2026-09-17T15:00:11.0798632Z"
"sound\music\fight\meatier shower.mp3","D:\AI_upscaling\AoMEE\Age of Mythology\sound\music\fight\meatier shower.mp3","meatier shower.mp3",".mp3","1360457","1.30 MB","2026-09-17T15:00:12.5295842Z"
"Language\fr\fr-language.txt","D:\AI_upscaling\AoMEE\Age of Mythology\Language\fr\fr-language.txt","fr-language.txt",".txt","1355114","1.29 MB","2026-09-17T15:00:11.2148781Z"
"Language\es\es-language.txt","D:\AI_upscaling\AoMEE\Age of Mythology\Language\es\es-language.txt","es-language.txt",".txt","1340998","1.28 MB","2026-09-17T15:00:11.1648926Z"
"models\version1.0\ark_sc12b.grn","D:\AI_upscaling\AoMEE\Age of Mythology\models\version1.0\ark_sc12b.grn","ark_sc12b.grn",".grn","1337108","1.28 MB","2026-09-17T15:00:13.1375540Z"
"models\version2.0\shun_sc12b.grn","D:\AI_upscaling\AoMEE\Age of Mythology\models\version2.0\shun_sc12b.grn","shun_sc12b.grn",".grn","1337108","1.28 MB","2026-09-17T15:00:13.7370786Z"
"models\version2.0\ark_sc12b.grn","D:\AI_upscaling\AoMEE\Age of Mythology\models\version2.0\ark_sc12b.grn","ark_sc12b.grn",".grn","1337108","1.28 MB","2026-09-17T15:00:13.5590739Z"
"Language\it\it-language.txt","D:\AI_upscaling\AoMEE\Age of Mythology\Language\it\it-language.txt","it-language.txt",".txt","1333134","1.27 MB","2026-09-17T15:00:11.3213531Z"
"Language\br\br-language.txt","D:\AI_upscaling\AoMEE\Age of Mythology\Language\br\br-language.txt","br-language.txt",".txt","1309472","1.25 MB","2026-09-17T15:00:10.9988659Z"
"sound\rumble.wav","D:\AI_upscaling\AoMEE\Age of Mythology\sound\rumble.wav","rumble.wav",".wav","1304714","1.24 MB","2026-09-17T15:00:12.5735574Z"
"sound\music\culture\chinese.mp3","D:\AI_upscaling\AoMEE\Age of Mythology\sound\music\culture\chinese.mp3","chinese.mp3",".mp3","1302359","1.24 MB","2026-09-17T15:00:12.5225721Z"
"sound\cinematics\35_in\thunderstorm.mp3","D:\AI_upscaling\AoMEE\Age of Mythology\sound\cinematics\35_in\thunderstorm.mp3","thunderstorm.mp3",".mp3","1290556","1.23 MB","2026-09-17T15:00:12.0149113Z"
"sound\lightthunder.wav","D:\AI_upscaling\AoMEE\Age of Mythology\sound\lightthunder.wav","lightthunder.wav",".wav","1268756","1.21 MB","2026-09-17T15:00:12.5105726Z"
"models\version2.0\chir_idlea.grn","D:\AI_upscaling\AoMEE\Age of Mythology\models\version2.0\chir_idlea.grn","chir_idlea.grn",".grn","1257604","1.20 MB","2026-09-17T15:00:13.6280737Z"
"models\version1.0\chir_idlea.grn","D:\AI_upscaling\AoMEE\Age of Mythology\models\version1.0\chir_idlea.grn","chir_idlea.grn",".grn","1257604","1.20 MB","2026-09-17T15:00:13.2435722Z"
"sound\music\fight\li'l drips.mp3","D:\AI_upscaling\AoMEE\Age of Mythology\sound\music\fight\li'l drips.mp3","li'l drips.mp3",".mp3","1242174","1.18 MB","2026-09-17T15:00:12.5285587Z"
"sound\hadesdoorfireloop.wav","D:\AI_upscaling\AoMEE\Age of Mythology\sound\hadesdoorfireloop.wav","hadesdoorfireloop.wav",".wav","1224840","1.17 MB","2026-09-17T15:00:12.4975579Z"
"data\protoanimextents2.2.dat","D:\AI_upscaling\AoMEE\Age of Mythology\data\protoanimextents2.2.dat","protoanimextents2.2.dat",".dat","1217990","1.16 MB","2026-09-17T15:00:10.9598800Z"
"data\protoanimextents2.8.dat","D:\AI_upscaling\AoMEE\Age of Mythology\data\protoanimextents2.8.dat","protoanimextents2.8.dat",".dat","1217990","1.16 MB","2026-09-17T15:00:10.9608899Z"
"sound\xwin.wav","D:\AI_upscaling\AoMEE\Age of Mythology\sound\xwin.wav","xwin.wav",".wav","1216634","1.16 MB","2026-09-17T15:00:12.8425538Z"
"sound\win.wav","D:\AI_upscaling\AoMEE\Age of Mythology\sound\win.wav","win.wav",".wav","1216634","1.16 MB","2026-09-17T15:00:12.6165581Z"
"models\version2.0\ark_aomsp242nothanks.grn","D:\AI_upscaling\AoMEE\Age of Mythology\models\version2.0\ark_aomsp242nothanks.grn","ark_aomsp242nothanks.grn",".grn","1201412","1.15 MB","2026-09-17T15:00:13.5510961Z"
"models\version2.0\shun_aomsp242nothanks.grn","D:\AI_upscaling\AoMEE\Age of Mythology\models\version2.0\shun_aomsp242nothanks.grn","shun_aomsp242nothanks.grn",".grn","1201412","1.15 MB","2026-09-17T15:00:13.7290818Z"
"models\version1.0\ark_aomsp242nothanks.grn","D:\AI_upscaling\AoMEE\Age of Mythology\models\version1.0\ark_aomsp242nothanks.grn","ark_aomsp242nothanks.grn",".grn","1201412","1.15 MB","2026-09-17T15:00:13.1275581Z"
"sound\music\interface\ma'am..some other sunset.mp3","D:\AI_upscaling\AoMEE\Age of Mythology\sound\music\interface\ma'am..some other sunset.mp3","ma'am..some other sunset.mp3",".mp3","1195363","1.14 MB","2026-09-17T15:00:12.5365588Z"
"sound\xpack\xcinematics\7_in\fire.mp3","D:\AI_upscaling\AoMEE\Age of Mythology\sound\xpack\xcinematics\7_in\fire.mp3","fire.mp3",".mp3","1188574","1.13 MB","2026-09-17T15:00:12.6715693Z"
"sound\gaiaforestambient2.wav","D:\AI_upscaling\AoMEE\Age of Mythology\sound\gaiaforestambient2.wav","gaiaforestambient2.wav",".wav","1185920","1.13 MB","2026-09-17T15:00:12.4845547Z"
"models\version1.0\ark_17sosetna.grn","D:\AI_upscaling\AoMEE\Age of Mythology\models\version1.0\ark_17sosetna.grn","ark_17sosetna.grn",".grn","1184836","1.13 MB","2026-09-17T15:00:13.1235753Z"
"models\version2.0\ark_17sosetna.grn","D:\AI_upscaling\AoMEE\Age of Mythology\models\version2.0\ark_17sosetna.grn","ark_17sosetna.grn",".grn","1184836","1.13 MB","2026-09-17T15:00:13.5430743Z"
"models\version2.0\shun_17sosetna.grn","D:\AI_upscaling\AoMEE\Age of Mythology\models\version2.0\shun_17sosetna.grn","shun_17sosetna.grn",".grn","1184836","1.13 MB","2026-09-17T15:00:13.7240830Z"
"Language\en\en-language.txt","D:\AI_upscaling\AoMEE\Age of Mythology\Language\en\en-language.txt","en-language.txt",".txt","1163120","1.11 MB","2026-09-17T15:00:11.1218880Z"
"sound\cinematics\norse\of norse not!.mp3","D:\AI_upscaling\AoMEE\Age of Mythology\sound\cinematics\norse\of norse not!.mp3","of norse not!.mp3",".mp3","1149039","1.10 MB","2026-09-17T15:00:12.0539002Z"
"models\version2.0\pirate_cinec1badguys.grn","D:\AI_upscaling\AoMEE\Age of Mythology\models\version2.0\pirate_cinec1badguys.grn","pirate_cinec1badguys.grn",".grn","1127476","1.08 MB","2026-09-17T15:00:13.6920797Z"
"models\version1.0\pirate_cinec1badguys.grn","D:\AI_upscaling\AoMEE\Age of Mythology\models\version1.0\pirate_cinec1badguys.grn","pirate_cinec1badguys.grn",".grn","1127476","1.08 MB","2026-09-17T15:00:13.3145536Z"
"sound\xpack\xcinematics\2_in\waves.mp3","D:\AI_upscaling\AoMEE\Age of Mythology\sound\xpack\xcinematics\2_in\waves.mp3","waves.mp3",".mp3","1122119","1.07 MB","2026-09-17T15:00:12.6505539Z"
"sound\xpack\xcinematics\intro\music.mp3","D:\AI_upscaling\AoMEE\Age of Mythology\sound\xpack\xcinematics\intro\music.mp3","music.mp3",".mp3","1121283","1.07 MB","2026-09-17T15:00:12.6865585Z"
"sound\xpack\xcinematics\7_in\music.mp3","D:\AI_upscaling\AoMEE\Age of Mythology\sound\xpack\xcinematics\7_in\music.mp3","music.mp3",".mp3","1109998","1.06 MB","2026-09-17T15:00:12.6725788Z"
"sound\tsunamiexists.wav","D:\AI_upscaling\AoMEE\Age of Mythology\sound\tsunamiexists.wav","tsunamiexists.wav",".wav","1095586","1.04 MB","2026-09-17T15:00:12.5975535Z"
"sound\cinematics\a\waves.mp3","D:\AI_upscaling\AoMEE\Age of Mythology\sound\cinematics\a\waves.mp3","waves.mp3",".mp3","1092443","1.04 MB","2026-09-17T15:00:12.0418981Z"
"sound\cinematics\27_in\campfire.mp3","D:\AI_upscaling\AoMEE\Age of Mythology\sound\cinematics\27_in\campfire.mp3","campfire.mp3",".mp3","1090354","1.04 MB","2026-09-17T15:00:11.9628944Z"
"sound\cinematics\29_in\wind.mp3","D:\AI_upscaling\AoMEE\Age of Mythology\sound\cinematics\29_in\wind.mp3","wind.mp3",".mp3","1070710","1.02 MB","2026-09-17T15:00:11.9729101Z"
"twitchsdk_32_release.dll","D:\AI_upscaling\AoMEE\Age of Mythology\twitchsdk_32_release.dll","twitchsdk_32_release.dll",".dll","1060864","1.01 MB","2026-09-16T23:59:09.9040966Z"
"models\version2.0\aman_15thatsoundslike.grn","D:\AI_upscaling\AoMEE\Age of Mythology\models\version2.0\aman_15thatsoundslike.grn","aman_15thatsoundslike.grn",".grn","1054992","1.01 MB","2026-09-17T15:00:13.4920754Z"
"models\version1.0\aman_15thatsoundslike.grn","D:\AI_upscaling\AoMEE\Age of Mythology\models\version1.0\aman_15thatsoundslike.grn","aman_15thatsoundslike.grn",".grn","1054992","1.01 MB","2026-09-17T15:00:13.0965554Z"
"sound\xpack\xcinematics\tutorial\music.mp3","D:\AI_upscaling\AoMEE\Age of Mythology\sound\xpack\xcinematics\tutorial\music.mp3","music.mp3",".mp3","1046050","1,021.53 KB","2026-09-17T15:00:12.6875615Z"
"ai2\Unit Type.xs","D:\AI_upscaling\AoMEE\Age of Mythology\ai2\Unit Type.xs","Unit Type.xs",".xs","1044705","1,020.22 KB","2026-09-17T15:00:10.8718865Z"
"sound\music\fight\i wish i could throw shapes.mp3","D:\AI_upscaling\AoMEE\Age of Mythology\sound\music\fight\i wish i could throw shapes.mp3","i wish i could throw shapes.mp3",".mp3","1042390","1,017.96 KB","2026-09-17T15:00:12.5275552Z"
"data\protoanimextents1.0.dat","D:\AI_upscaling\AoMEE\Age of Mythology\data\protoanimextents1.0.dat","protoanimextents1.0.dat",".dat","1039686","1,015.32 KB","2026-09-17T15:00:10.9588637Z"
"sound\music\fight\the fire brigade.mp3","D:\AI_upscaling\AoMEE\Age of Mythology\sound\music\fight\the fire brigade.mp3","the fire brigade.mp3",".mp3","1038628","1,014.29 KB","2026-09-17T15:00:12.5315774Z"
"sound\music\interface\if you can use a doorknob.mp3","D:\AI_upscaling\AoMEE\Age of Mythology\sound\music\interface\if you can use a doorknob.mp3","if you can use a doorknob.mp3",".mp3","1033195","1,008.98 KB","2026-09-17T15:00:12.5355750Z"
"sound\ypack\ydialog\en\70093.wav","D:\AI_upscaling\AoMEE\Age of Mythology\sound\ypack\ydialog\en\70093.wav","70093.wav",".wav","1029932","1,005.79 KB","2026-09-17T15:00:12.8515565Z"
"sound\xpack\xcinematics\12_b\music1.mp3","D:\AI_upscaling\AoMEE\Age of Mythology\sound\xpack\xcinematics\12_b\music1.mp3","music1.mp3",".mp3","1029332","1,005.21 KB","2026-09-17T15:00:12.6405580Z"
"sound\xpack\xcinematics\12_b\gaiapush.wav","D:\AI_upscaling\AoMEE\Age of Mythology\sound\xpack\xcinematics\12_b\gaiapush.wav","gaiapush.wav",".wav","1028642","1,004.53 KB","2026-09-17T15:00:12.6385617Z"
"sound\music\fight\oi, that pops!!!.mp3","D:\AI_upscaling\AoMEE\Age of Mythology\sound\music\fight\oi, that pops!!!.mp3","oi, that pops!!!.mp3",".mp3","1021492","997.55 KB","2026-09-17T15:00:12.5305542Z"
"models\version2.0\ark_10yourwelcome.grn","D:\AI_upscaling\AoMEE\Age of Mythology\models\version2.0\ark_10yourwelcome.grn","ark_10yourwelcome.grn",".grn","1020600","996.68 KB","2026-09-17T15:00:13.5410797Z"
"models\version1.0\ark_10yourwelcome.grn","D:\AI_upscaling\AoMEE\Age of Mythology\models\version1.0\ark_10yourwelcome.grn","ark_10yourwelcome.grn",".grn","1020600","996.68 KB","2026-09-17T15:00:13.1215577Z"
"models\version2.0\shun_10yourwelcome.grn","D:\AI_upscaling\AoMEE\Age of Mythology\models\version2.0\shun_10yourwelcome.grn","shun_10yourwelcome.grn",".grn","1020600","996.68 KB","2026-09-17T15:00:13.7220912Z"
"models\version2.0\titan x promethean_aomx07housecrush.brg","D:\AI_upscaling\AoMEE\Age of Mythology\models\version2.0\titan x promethean_aomx07housecrush.brg","titan x promethean_aomx07housecrush.brg",".brg","1010817","987.13 KB","2026-09-17T15:00:13.7750745Z"
"models\version1.0\titan x promethean_aomx07housecrush.brg","D:\AI_upscaling\AoMEE\Age of Mythology\models\version1.0\titan x promethean_aomx07housecrush.brg","titan x promethean_aomx07housecrush.brg",".brg","1010817","987.13 KB","2026-09-17T15:00:13.4005560Z"
"sound\music\culture\of norse not!.mp3","D:\AI_upscaling\AoMEE\Age of Mythology\sound\music\culture\of norse not!.mp3","of norse not!.mp3",".mp3","1010207","986.53 KB","2026-09-17T15:00:12.5255567Z"
"models\version1.0\trid_idlea.grn","D:\AI_upscaling\AoMEE\Age of Mythology\models\version1.0\trid_idlea.grn","trid_idlea.grn",".grn","1006772","983.18 KB","2026-09-17T15:00:13.4170785Z"
"models\version2.0\trid_idlea.grn","D:\AI_upscaling\AoMEE\Age of Mythology\models\version2.0\trid_idlea.grn","trid_idlea.grn",".grn","1006772","983.18 KB","2026-09-17T15:00:13.7890747Z"
"sound\gaiaforestambient1.wav","D:\AI_upscaling\AoMEE\Age of Mythology\sound\gaiaforestambient1.wav","gaiaforestambient1.wav",".wav","1003648","980.13 KB","2026-09-17T15:00:12.4835559Z"
"sound\music\culture\n. d. nile.mp3","D:\AI_upscaling\AoMEE\Age of Mythology\sound\music\culture\n. d. nile.mp3","n. d. nile.mp3",".mp3","1002684","979.18 KB","2026-09-17T15:00:12.5245603Z"
"sound\cinematics\16_in\wind.mp3","D:\AI_upscaling\AoMEE\Age of Mythology\sound\cinematics\16_in\wind.mp3","wind.mp3",".mp3","997669","974.29 KB","2026-09-17T15:00:11.9069156Z"
"models\version2.0\kronny_x12death.brg","D:\AI_upscaling\AoMEE\Age of Mythology\models\version2.0\kronny_x12death.brg","kronny_x12death.brg",".brg","991227","968.00 KB","2026-09-17T15:00:13.6690982Z"
"models\version1.0\kronny_x12death.brg","D:\AI_upscaling\AoMEE\Age of Mythology\models\version1.0\kronny_x12death.brg","kronny_x12death.brg",".brg","991227","968.00 KB","2026-09-17T15:00:13.2885561Z"
"sound\music\culture\greek to me.mp3","D:\AI_upscaling\AoMEE\Age of Mythology\sound\music\culture\greek to me.mp3","greek to me.mp3",".mp3","981368","958.37 KB","2026-09-17T15:00:12.5235761Z"
"sound\cinematics\04_in\wavesbirdsmix.mp3","D:\AI_upscaling\AoMEE\Age of Mythology\sound\cinematics\04_in\wavesbirdsmix.mp3","wavesbirdsmix.mp3",".mp3","974681","951.84 KB","2026-09-17T15:00:11.8628960Z"
"sound\cinematics\04_out\wavesbirds.mp3","D:\AI_upscaling\AoMEE\Age of Mythology\sound\cinematics\04_out\wavesbirds.mp3","wavesbirds.mp3",".mp3","973845","951.02 KB","2026-09-17T15:00:11.8658982Z"
"models\version1.0\ark_lookrightleft.grn","D:\AI_upscaling\AoMEE\Age of Mythology\models\version1.0\ark_lookrightleft.grn","ark_lookrightleft.grn",".grn","962392","939.84 KB","2026-09-17T15:00:13.1365602Z"
"models\version2.0\ark_lookrightleft.grn","D:\AI_upscaling\AoMEE\Age of Mythology\models\version2.0\ark_lookrightleft.grn","ark_lookrightleft.grn",".grn","962392","939.84 KB","2026-09-17T15:00:13.5580893Z"
"models\version2.0\shun_lookrightleft.grn","D:\AI_upscaling\AoMEE\Age of Mythology\models\version2.0\shun_lookrightleft.grn","shun_lookrightleft.grn",".grn","962392","939.84 KB","2026-09-17T15:00:13.7360737Z"
"sound\xpack\xmusic\a matt named kittens.mp3","D:\AI_upscaling\AoMEE\Age of Mythology\sound\xpack\xmusic\a matt named kittens.mp3","a matt named kittens.mp3",".mp3","960052","937.55 KB","2026-09-17T15:00:12.8275713Z"
"models\version2.0\ark_cinea1anywhothreaten.grn","D:\AI_upscaling\AoMEE\Age of Mythology\models\version2.0\ark_cinea1anywhothreaten.grn","ark_cinea1anywhothreaten.grn",".grn","942824","920.73 KB","2026-09-17T15:00:13.5550738Z"
"models\version1.0\ark_cinea1anywhothreaten.grn","D:\AI_upscaling\AoMEE\Age of Mythology\models\version1.0\ark_cinea1anywhothreaten.grn","ark_cinea1anywhothreaten.grn",".grn","942824","920.73 KB","2026-09-17T15:00:13.1335552Z"
"models\version2.0\shun_cinea1anywhothreaten.grn","D:\AI_upscaling\AoMEE\Age of Mythology\models\version2.0\shun_cinea1anywhothreaten.grn","shun_cinea1anywhothreaten.grn",".grn","942824","920.73 KB","2026-09-17T15:00:13.7330833Z"
"sound\cinematics\17_out\waves.mp3","D:\AI_upscaling\AoMEE\Age of Mythology\sound\cinematics\17_out\waves.mp3","waves.mp3",".mp3","942080","920.00 KB","2026-09-17T15:00:11.9109089Z"
"sound\changeunit.wav","D:\AI_upscaling\AoMEE\Age of Mythology\sound\changeunit.wav","changeunit.wav",".wav","940102","918.07 KB","2026-09-17T15:00:11.8548934Z"
"sound\xpack\xmusic\hotlantis.mp3","D:\AI_upscaling\AoMEE\Age of Mythology\sound\xpack\xmusic\hotlantis.mp3","hotlantis.mp3",".mp3","939990","917.96 KB","2026-09-17T15:00:12.8285609Z"
"models\version1.0\krios_idlea.grn","D:\AI_upscaling\AoMEE\Age of Mythology\models\version1.0\krios_idlea.grn","krios_idlea.grn",".grn","938876","916.87 KB","2026-09-17T15:00:13.2855715Z"
"models\version2.0\krios_idlea.grn","D:\AI_upscaling\AoMEE\Age of Mythology\models\version2.0\krios_idlea.grn","krios_idlea.grn",".grn","938876","916.87 KB","2026-09-17T15:00:13.6660775Z"
"sound\cricketloop.wav","D:\AI_upscaling\AoMEE\Age of Mythology\sound\cricketloop.wav","cricketloop.wav",".wav","934028","912.14 KB","2026-09-17T15:00:12.0559103Z"
"sound\cinematics\33_in\longwind.mp3","D:\AI_upscaling\AoMEE\Age of Mythology\sound\cinematics\33_in\longwind.mp3","longwind.mp3",".mp3","931213","909.39 KB","2026-09-17T15:00:11.9988956Z"
"splashx.bmp","D:\AI_upscaling\AoMEE\Age of Mythology\splashx.bmp","splashx.bmp",".bmp","921656","900.05 KB","2026-09-16T23:59:09.8970816Z"
"sound\music\fight\rot loaf.mp3","D:\AI_upscaling\AoMEE\Age of Mythology\sound\music\fight\rot loaf.mp3","rot loaf.mp3",".mp3","908225","886.94 KB","2026-09-17T15:00:12.5315774Z"
"sound\xpack\xcinematics\8_in\music.mp3","D:\AI_upscaling\AoMEE\Age of Mythology\sound\xpack\xcinematics\8_in\music.mp3","music.mp3",".mp3","890569","869.70 KB","2026-09-17T15:00:12.6825582Z"
"models\version1.0\regin_idle.grn","D:\AI_upscaling\AoMEE\Age of Mythology\models\version1.0\regin_idle.grn","regin_idle.grn",".grn","890132","869.27 KB","2026-09-17T15:00:13.3195552Z"
"models\version2.0\regin_idle.grn","D:\AI_upscaling\AoMEE\Age of Mythology\models\version2.0\regin_idle.grn","regin_idle.grn",".grn","890132","869.27 KB","2026-09-17T15:00:13.6970797Z"
"sound\summoningtreedie.wav","D:\AI_upscaling\AoMEE\Age of Mythology\sound\summoningtreedie.wav","summoningtreedie.wav",".wav","888970","868.13 KB","2026-09-17T15:00:12.5875587Z"
"sound\cinematics\a\dreamthing.mp3","D:\AI_upscaling\AoMEE\Age of Mythology\sound\cinematics\a\dreamthing.mp3","dreamthing.mp3",".mp3","885656","864.90 KB","2026-09-17T15:00:12.0408990Z"
"sound\cinematics\a\fire.mp3","D:\AI_upscaling\AoMEE\Age of Mythology\sound\cinematics\a\fire.mp3","fire.mp3",".mp3","883984","863.27 KB","2026-09-17T15:00:12.0408990Z"
"sound\ypack\ydialog\en\76502.wav","D:\AI_upscaling\AoMEE\Age of Mythology\sound\ypack\ydialog\en\76502.wav","76502.wav",".wav","880172","859.54 KB","2026-09-17T15:00:12.9525689Z"
"models\version2.0\ark_aomsp18hurry.grn","D:\AI_upscaling\AoMEE\Age of Mythology\models\version2.0\ark_aomsp18hurry.grn","ark_aomsp18hurry.grn",".grn","877700","857.13 KB","2026-09-17T15:00:13.5490800Z"
"models\version2.0\shun_aomsp18hurry.grn","D:\AI_upscaling\AoMEE\Age of Mythology\models\version2.0\shun_aomsp18hurry.grn","shun_aomsp18hurry.grn",".grn","877700","857.13 KB","2026-09-17T15:00:13.7280753Z"
"models\version1.0\ark_aomsp18hurry.grn","D:\AI_upscaling\AoMEE\Age of Mythology\models\version1.0\ark_aomsp18hurry.grn","ark_aomsp18hurry.grn",".grn","877700","857.13 KB","2026-09-17T15:00:13.1265578Z"
"models\version1.0\ark_aomsp27itseems.grn","D:\AI_upscaling\AoMEE\Age of Mythology\models\version1.0\ark_aomsp27itseems.grn","ark_aomsp27itseems.grn",".grn","870740","850.33 KB","2026-09-17T15:00:13.1285611Z"
"models\version2.0\shun_aomsp27itseems.grn","D:\AI_upscaling\AoMEE\Age of Mythology\models\version2.0\shun_aomsp27itseems.grn","shun_aomsp27itseems.grn",".grn","870740","850.33 KB","2026-09-17T15:00:13.7300771Z"
"models\version2.0\ark_aomsp27itseems.grn","D:\AI_upscaling\AoMEE\Age of Mythology\models\version2.0\ark_aomsp27itseems.grn","ark_aomsp27itseems.grn",".grn","870740","850.33 KB","2026-09-17T15:00:13.5520784Z"
"models\version1.0\arkgod_idlea.grn","D:\AI_upscaling\AoMEE\Age of Mythology\models\version1.0\arkgod_idlea.grn","arkgod_idlea.grn",".grn","863956","843.71 KB","2026-09-17T15:00:13.1195562Z"
"models\version2.0\arkgod_idlea.grn","D:\AI_upscaling\AoMEE\Age of Mythology\models\version2.0\arkgod_idlea.grn","arkgod_idlea.grn",".grn","863956","843.71 KB","2026-09-17T15:00:13.5390910Z"
"sound\cinematics\6\waves.mp3","D:\AI_upscaling\AoMEE\Age of Mythology\sound\cinematics\6\waves.mp3","waves.mp3",".mp3","863504","843.27 KB","2026-09-17T15:00:12.0238966Z"
"sound\ypack\ydialog\en\70860.wav","D:\AI_upscaling\AoMEE\Age of Mythology\sound\ypack\ydialog\en\70860.wav","70860.wav",".wav","861740","841.54 KB","2026-09-17T15:00:12.9345726Z"
"models\version2.0\titanxgaia_idlea.grn","D:\AI_upscaling\AoMEE\Age of Mythology\models\version2.0\titanxgaia_idlea.grn","titanxgaia_idlea.grn",".grn","857152","837.06 KB","2026-09-17T15:00:13.7831115Z"
"models\version1.0\titanxgaia_idlea.grn","D:\AI_upscaling\AoMEE\Age of Mythology\models\version1.0\titanxgaia_idlea.grn","titanxgaia_idlea.grn",".grn","857152","837.06 KB","2026-09-17T15:00:13.4105692Z"
"sound\cinematics\7\waves.mp3","D:\AI_upscaling\AoMEE\Age of Mythology\sound\cinematics\7\waves.mp3","waves.mp3",".mp3","850965","831.02 KB","2026-09-17T15:00:12.0269109Z"
"sound\cinematics\13_out\penguins.mp3","D:\AI_upscaling\AoMEE\Age of Mythology\sound\cinematics\13_out\penguins.mp3","penguins.mp3",".mp3","847203","827.35 KB","2026-09-17T15:00:11.8988957Z"
"sound\cinematics\13_out\fire.mp3","D:\AI_upscaling\AoMEE\Age of Mythology\sound\cinematics\13_out\fire.mp3","fire.mp3",".mp3","847203","827.35 KB","2026-09-17T15:00:11.8958934Z"
"sound\ypack\ydialog\en\70778.wav","D:\AI_upscaling\AoMEE\Age of Mythology\sound\ypack\ydialog\en\70778.wav","70778.wav",".wav","845612","825.79 KB","2026-09-17T15:00:12.9265542Z"
"sound\cinematics\b\ambience.mp3","D:\AI_upscaling\AoMEE\Age of Mythology\sound\cinematics\b\ambience.mp3","ambience.mp3",".mp3","845531","825.71 KB","2026-09-17T15:00:12.0438967Z"
"sound\cinematics\29_in\giftofthemagihorse.mp3","D:\AI_upscaling\AoMEE\Age of Mythology\sound\cinematics\29_in\giftofthemagihorse.mp3","giftofthemagihorse.mp3",".mp3","842504","822.76 KB","2026-09-17T15:00:11.9698976Z"
"sound\xpack\xcinematics\7_out\rollingthunder.mp3","D:\AI_upscaling\AoMEE\Age of Mythology\sound\xpack\xcinematics\7_out\rollingthunder.mp3","rollingthunder.mp3",".mp3","841668","821.94 KB","2026-09-17T15:00:12.6795546Z"
"sound\cinematics\21_in\desertwind.mp3","D:\AI_upscaling\AoMEE\Age of Mythology\sound\cinematics\21_in\desertwind.mp3","desertwind.mp3",".mp3","840516","820.82 KB","2026-09-17T15:00:11.9299145Z"
"Language\jp\jp-language.txt","D:\AI_upscaling\AoMEE\Age of Mythology\Language\jp\jp-language.txt","jp-language.txt",".txt","840492","820.79 KB","2026-09-17T15:00:11.3633705Z"
"sound\cinematics\35_in\music3.mp3","D:\AI_upscaling\AoMEE\Age of Mythology\sound\cinematics\35_in\music3.mp3","music3.mp3",".mp3","834145","814.59 KB","2026-09-17T15:00:12.0149113Z"
"Language\ko\ko-language.txt","D:\AI_upscaling\AoMEE\Age of Mythology\Language\ko\ko-language.txt","ko-language.txt",".txt","832790","813.27 KB","2026-09-17T15:00:11.4159007Z"
"sound\music\interface\a cat named mittens.mp3","D:\AI_upscaling\AoMEE\Age of Mythology\sound\music\interface\a cat named mittens.mp3","a cat named mittens.mp3",".mp3","823797","804.49 KB","2026-09-17T15:00:12.5325594Z"
"sound\cinematics\21_in\music.mp3","D:\AI_upscaling\AoMEE\Age of Mythology\sound\cinematics\21_in\music.mp3","music.mp3",".mp3","821707","802.45 KB","2026-09-17T15:00:11.9319161Z"
"sound\cinematics\10_in\waves.mp3","D:\AI_upscaling\AoMEE\Age of Mythology\sound\cinematics\10_in\waves.mp3","waves.mp3",".mp3","820454","801.22 KB","2026-09-17T15:00:11.8748966Z"
"models\version1.0\hop_idlea.grn","D:\AI_upscaling\AoMEE\Age of Mythology\models\version1.0\hop_idlea.grn","hop_idlea.grn",".grn","818992","799.80 KB","2026-09-17T15:00:13.2645694Z"
"models\version2.0\hop_idlea.grn","D:\AI_upscaling\AoMEE\Age of Mythology\models\version2.0\hop_idlea.grn","hop_idlea.grn",".grn","818992","799.80 KB","2026-09-17T15:00:13.6470730Z"
"models\version1.0\titanxgaia_birtha.brg","D:\AI_upscaling\AoMEE\Age of Mythology\models\version1.0\titanxgaia_birtha.brg","titanxgaia_birtha.brg",".brg","817276","798.12 KB","2026-09-17T15:00:13.4075596Z"
"models\version2.0\titanxgaia_birtha.brg","D:\AI_upscaling\AoMEE\Age of Mythology\models\version2.0\titanxgaia_birtha.brg","titanxgaia_birtha.brg",".brg","817276","798.12 KB","2026-09-17T15:00:13.7801072Z"
"sound\cinematics\12_in\penguins.mp3","D:\AI_upscaling\AoMEE\Age of Mythology\sound\cinematics\12_in\penguins.mp3","penguins.mp3",".mp3","808333","789.39 KB","2026-09-17T15:00:11.8888988Z"
"sound\ageadvance.wav","D:\AI_upscaling\AoMEE\Age of Mythology\sound\ageadvance.wav","ageadvance.wav",".wav","807064","788.15 KB","2026-09-17T15:00:11.8269106Z"
"models\version1.0\ark_19poseidonno.grn","D:\AI_upscaling\AoMEE\Age of Mythology\models\version1.0\ark_19poseidonno.grn","ark_19poseidonno.grn",".grn","805496","786.62 KB","2026-09-17T15:00:13.1235753Z"
"models\version2.0\shun_19poseidonno.grn","D:\AI_upscaling\AoMEE\Age of Mythology\models\version2.0\shun_19poseidonno.grn","shun_19poseidonno.grn",".grn","805496","786.62 KB","2026-09-17T15:00:13.7240830Z"
"models\version2.0\ark_19poseidonno.grn","D:\AI_upscaling\AoMEE\Age of Mythology\models\version2.0\ark_19poseidonno.grn","ark_19poseidonno.grn",".grn","805496","786.62 KB","2026-09-17T15:00:13.5450781Z"
"sound\cinematics\12_in\fire.mp3","D:\AI_upscaling\AoMEE\Age of Mythology\sound\cinematics\12_in\fire.mp3","fire.mp3",".mp3","802900","784.08 KB","2026-09-17T15:00:11.8859093Z"
"sound\cinematics\14_in\wind.mp3","D:\AI_upscaling\AoMEE\Age of Mythology\sound\cinematics\14_in\wind.mp3","wind.mp3",".mp3","800290","781.53 KB","2026-09-17T15:00:11.9008938Z"
"models\version2.0\ark_cinea1yesoldenemies.grn","D:\AI_upscaling\AoMEE\Age of Mythology\models\version2.0\ark_cinea1yesoldenemies.grn","ark_cinea1yesoldenemies.grn",".grn","789164","770.67 KB","2026-09-17T15:00:13.5560904Z"
"models\version2.0\shun_cinea1yesoldenemies.grn","D:\AI_upscaling\AoMEE\Age of Mythology\models\version2.0\shun_cinea1yesoldenemies.grn","shun_cinea1yesoldenemies.grn",".grn","789164","770.67 KB","2026-09-17T15:00:13.7340751Z"
"models\version1.0\ark_cinea1yesoldenemies.grn","D:\AI_upscaling\AoMEE\Age of Mythology\models\version1.0\ark_cinea1yesoldenemies.grn","ark_cinea1yesoldenemies.grn",".grn","789164","770.67 KB","2026-09-17T15:00:13.1345703Z"
"sound\ypack\ydialog\en\70780.wav","D:\AI_upscaling\AoMEE\Age of Mythology\sound\ypack\ydialog\en\70780.wav","70780.wav",".wav","785708","767.29 KB","2026-09-17T15:00:12.9295560Z"
"sound\xpack\xcinematics\6_a\music.mp3","D:\AI_upscaling\AoMEE\Age of Mythology\sound\xpack\xcinematics\6_a\music.mp3","music.mp3",".mp3","783990","765.62 KB","2026-09-17T15:00:12.6645554Z"
"sound\ypack\ydialog\en\70656.wav","D:\AI_upscaling\AoMEE\Age of Mythology\sound\ypack\ydialog\en\70656.wav","70656.wav",".wav","783358","765.00 KB","2026-09-17T15:00:12.9135755Z"
"models\version2.0\amanold_idlea.grn","D:\AI_upscaling\AoMEE\Age of Mythology\models\version2.0\amanold_idlea.grn","amanold_idlea.grn",".grn","781892","763.57 KB","2026-09-17T15:00:13.4850897Z"
"models\version2.0\aman_idlea.grn","D:\AI_upscaling\AoMEE\Age of Mythology\models\version2.0\aman_idlea.grn","aman_idlea.grn",".grn","781892","763.57 KB","2026-09-17T15:00:13.5020886Z"
"models\version1.0\amanold_idlea.grn","D:\AI_upscaling\AoMEE\Age of Mythology\models\version1.0\amanold_idlea.grn","amanold_idlea.grn",".grn","781892","763.57 KB","2026-09-17T15:00:13.0925576Z"
"models\version1.0\aman_idlea.grn","D:\AI_upscaling\AoMEE\Age of Mythology\models\version1.0\aman_idlea.grn","aman_idlea.grn",".grn","781892","763.57 KB","2026-09-17T15:00:13.0995636Z"
"sound\ypack\ydialog\en\70758.wav","D:\AI_upscaling\AoMEE\Age of Mythology\sound\ypack\ydialog\en\70758.wav","70758.wav",".wav","778796","760.54 KB","2026-09-17T15:00:12.9225551Z"
"sound\cinematics\23_in\fire.mp3","D:\AI_upscaling\AoMEE\Age of Mythology\sound\cinematics\23_in\fire.mp3","fire.mp3",".mp3","774060","755.92 KB","2026-09-17T15:00:11.9399100Z"
"sound\xpack\xcinematics\12_b\music2.mp3","D:\AI_upscaling\AoMEE\Age of Mythology\sound\xpack\xcinematics\12_b\music2.mp3","music2.mp3",".mp3","768525","750.51 KB","2026-09-17T15:00:12.6415566Z"
"sound\deconstructionloop.wav","D:\AI_upscaling\AoMEE\Age of Mythology\sound\deconstructionloop.wav","deconstructionloop.wav",".wav","763524","745.63 KB","2026-09-17T15:00:12.0588964Z"
"sound\ypack\ydialog\en\70369.wav","D:\AI_upscaling\AoMEE\Age of Mythology\sound\ypack\ydialog\en\70369.wav","70369.wav",".wav","760364","742.54 KB","2026-09-17T15:00:12.8815692Z"
"sound\xpack\xcinematics\7_in\rollingthunder.mp3","D:\AI_upscaling\AoMEE\Age of Mythology\sound\xpack\xcinematics\7_in\rollingthunder.mp3","rollingthunder.mp3",".mp3","760166","742.35 KB","2026-09-17T15:00:12.6735587Z"
"models\version2.0\titanxgaia_boreda.grn","D:\AI_upscaling\AoMEE\Age of Mythology\models\version2.0\titanxgaia_boreda.grn","titanxgaia_boreda.grn",".grn","758876","741.09 KB","2026-09-17T15:00:13.7810925Z"
"models\version1.0\titanxgaia_boreda.grn","D:\AI_upscaling\AoMEE\Age of Mythology\models\version1.0\titanxgaia_boreda.grn","titanxgaia_boreda.grn",".grn","758876","741.09 KB","2026-09-17T15:00:13.4085571Z"
"sound\ypack\ydialog\en\76503.wav","D:\AI_upscaling\AoMEE\Age of Mythology\sound\ypack\ydialog\en\76503.wav","76503.wav",".wav","755756","738.04 KB","2026-09-17T15:00:12.9535572Z"
"sound\cinematics\26_in\longwind.mp3","D:\AI_upscaling\AoMEE\Age of Mythology\sound\cinematics\26_in\longwind.mp3","longwind.mp3",".mp3","754834","737.14 KB","2026-09-17T15:00:11.9578987Z"
"sound\cinematics\c\seabirds.mp3","D:\AI_upscaling\AoMEE\Age of Mythology\sound\cinematics\c\seabirds.mp3","seabirds.mp3",".mp3","748983","731.43 KB","2026-09-17T15:00:12.0448987Z"
"sound\cinematics\10_in\fire.mp3","D:\AI_upscaling\AoMEE\Age of Mythology\sound\cinematics\10_in\fire.mp3","fire.mp3",".mp3","748983","731.43 KB","2026-09-17T15:00:11.8738961Z"
"sound\xpack\xcinematics\1_in\wind.mp3","D:\AI_upscaling\AoMEE\Age of Mythology\sound\xpack\xcinematics\1_in\wind.mp3","wind.mp3",".mp3","748045","730.51 KB","2026-09-17T15:00:12.6475559Z"
"models\version2.0\atlantean titana_idlea.grn","D:\AI_upscaling\AoMEE\Age of Mythology\models\version2.0\atlantean titana_idlea.grn","atlantean titana_idlea.grn",".grn","746732","729.23 KB","2026-09-17T15:00:13.5610938Z"
"models\version2.0\titan c pangu_idlea.grn","D:\AI_upscaling\AoMEE\Age of Mythology\models\version2.0\titan c pangu_idlea.grn","titan c pangu_idlea.grn",".grn","746732","729.23 KB","2026-09-17T15:00:13.7730905Z"
"models\version1.0\atlantean titana_idlea.grn","D:\AI_upscaling\AoMEE\Age of Mythology\models\version1.0\atlantean titana_idlea.grn","atlantean titana_idlea.grn",".grn","746732","729.23 KB","2026-09-17T15:00:13.1415949Z"
"sound\ypack\ydialog\en\70091.wav","D:\AI_upscaling\AoMEE\Age of Mythology\sound\ypack\ydialog\en\70091.wav","70091.wav",".wav","741932","724.54 KB","2026-09-17T15:00:12.8505776Z"
"models\version2.0\arcus_idlea.grn","D:\AI_upscaling\AoMEE\Age of Mythology\models\version2.0\arcus_idlea.grn","arcus_idlea.grn",".grn","741036","723.67 KB","2026-09-17T15:00:13.5330819Z"
"models\version1.0\arcus_idlea.grn","D:\AI_upscaling\AoMEE\Age of Mythology\models\version1.0\arcus_idlea.grn","arcus_idlea.grn",".grn","741036","723.67 KB","2026-09-17T15:00:13.1155584Z"
"sound\cinematics\15_in\gong.wav","D:\AI_upscaling\AoMEE\Age of Mythology\sound\cinematics\15_in\gong.wav","gong.wav",".wav","737990","720.69 KB","2026-09-17T15:00:11.9028946Z"
"sound\cinematics\29_in\music2.mp3","D:\AI_upscaling\AoMEE\Age of Mythology\sound\cinematics\29_in\music2.mp3","music2.mp3",".mp3","730909","713.78 KB","2026-09-17T15:00:11.9709014Z"
"models\version2.0\titanebird2_birtha.brg","D:\AI_upscaling\AoMEE\Age of Mythology\models\version2.0\titanebird2_birtha.brg","titanebird2_birtha.brg",".brg","728230","711.16 KB","2026-09-17T15:00:13.7770893Z"
"models\version1.0\titanebird2_birtha.brg","D:\AI_upscaling\AoMEE\Age of Mythology\models\version1.0\titanebird2_birtha.brg","titanebird2_birtha.brg",".brg","728230","711.16 KB","2026-09-17T15:00:13.4045637Z"
"sound\rainloop.wav","D:\AI_upscaling\AoMEE\Age of Mythology\sound\rainloop.wav","rainloop.wav",".wav","726140","709.12 KB","2026-09-17T15:00:12.5695544Z"
"sound\ypack\ydialog\en\70753.wav","D:\AI_upscaling\AoMEE\Age of Mythology\sound\ypack\ydialog\en\70753.wav","70753.wav",".wav","725804","708.79 KB","2026-09-17T15:00:12.9165566Z"
"sound\cinematics\d\wind.mp3","D:\AI_upscaling\AoMEE\Age of Mythology\sound\cinematics\d\wind.mp3","wind.mp3",".mp3","725577","708.57 KB","2026-09-17T15:00:12.0469203Z"
"sound\ypack\ydialog\en\70259.wav","D:\AI_upscaling\AoMEE\Age of Mythology\sound\ypack\ydialog\en\70259.wav","70259.wav",".wav","723500","706.54 KB","2026-09-17T15:00:12.8645718Z"
"data\techtree2.7.xml","D:\AI_upscaling\AoMEE\Age of Mythology\data\techtree2.7.xml","techtree2.7.xml",".xml","721261","704.36 KB","2026-09-17T15:00:10.9718814Z"
"data\techtree2.8.xml","D:\AI_upscaling\AoMEE\Age of Mythology\data\techtree2.8.xml","techtree2.8.xml",".xml","720241","703.36 KB","2026-09-17T15:00:10.9728808Z"
"sound\cinematics\11_out\thunder.mp3","D:\AI_upscaling\AoMEE\Age of Mythology\sound\cinematics\11_out\thunder.mp3","thunder.mp3",".mp3","720042","703.17 KB","2026-09-17T15:00:11.8839027Z"
"sound\cinematics\intro\music.mp3","D:\AI_upscaling\AoMEE\Age of Mythology\sound\cinematics\intro\music.mp3","music.mp3",".mp3","719726","702.86 KB","2026-09-17T15:00:12.0519207Z"
"sound\ypack\ydialog\en\70370.wav","D:\AI_upscaling\AoMEE\Age of Mythology\sound\ypack\ydialog\en\70370.wav","70370.wav",".wav","716588","699.79 KB","2026-09-17T15:00:12.8825605Z"
"models\version2.0\mela_idlea.grn","D:\AI_upscaling\AoMEE\Age of Mythology\models\version2.0\mela_idlea.grn","mela_idlea.grn",".grn","713572","696.85 KB","2026-09-17T15:00:13.6711008Z"
"models\version1.0\mela_idlea.grn","D:\AI_upscaling\AoMEE\Age of Mythology\models\version1.0\mela_idlea.grn","mela_idlea.grn",".grn","713572","696.85 KB","2026-09-17T15:00:13.2905558Z"
"sound\cinematics\10_in\clearedcity.wav","D:\AI_upscaling\AoMEE\Age of Mythology\sound\cinematics\10_in\clearedcity.wav","clearedcity.wav",".wav","712842","696.13 KB","2026-09-17T15:00:11.8738961Z"
"sound\ypack\ydialog\en\71059.wav","D:\AI_upscaling\AoMEE\Age of Mythology\sound\ypack\ydialog\en\71059.wav","71059.wav",".wav","712842","696.13 KB","2026-09-17T15:00:12.9495637Z"
"sound\ypack\ydialog\en\71060.wav","D:\AI_upscaling\AoMEE\Age of Mythology\sound\ypack\ydialog\en\71060.wav","71060.wav",".wav","712842","696.13 KB","2026-09-17T15:00:12.9505848Z"
"sound\ypack\ydialog\en\70458.wav","D:\AI_upscaling\AoMEE\Age of Mythology\sound\ypack\ydialog\en\70458.wav","70458.wav",".wav","712842","696.13 KB","2026-09-17T15:00:12.8905566Z"
"sound\fanfare.wav","D:\AI_upscaling\AoMEE\Age of Mythology\sound\fanfare.wav","fanfare.wav",".wav","712842","696.13 KB","2026-09-17T15:00:12.4695562Z"
"sound\ypack\ydialog\en\70777.wav","D:\AI_upscaling\AoMEE\Age of Mythology\sound\ypack\ydialog\en\70777.wav","70777.wav",".wav","709676","693.04 KB","2026-09-17T15:00:12.9255568Z"
"models\version2.0\kronny flying_birtha.brg","D:\AI_upscaling\AoMEE\Age of Mythology\models\version2.0\kronny flying_birtha.brg","kronny flying_birtha.brg",".brg","702901","686.43 KB","2026-09-17T15:00:13.6670938Z"
"models\version1.0\kronny flying_birtha.brg","D:\AI_upscaling\AoMEE\Age of Mythology\models\version1.0\kronny flying_birtha.brg","kronny flying_birtha.brg",".brg","702901","686.43 KB","2026-09-17T15:00:13.2865567Z"
"sound\cinematics\19_mid\fire.mp3","D:\AI_upscaling\AoMEE\Age of Mythology\sound\cinematics\19_mid\fire.mp3","fire.mp3",".mp3","701753","685.31 KB","2026-09-17T15:00:11.9189107Z"
"models\version2.0\scenario a pit_collapsea.brg","D:\AI_upscaling\AoMEE\Age of Mythology\models\version2.0\scenario a pit_collapsea.brg","scenario a pit_collapsea.brg",".brg","701458","685.02 KB","2026-09-17T15:00:13.7021228Z"
"models\version1.0\scenario a pit_collapsea.brg","D:\AI_upscaling\AoMEE\Age of Mythology\models\version1.0\scenario a pit_collapsea.brg","scenario a pit_collapsea.brg",".brg","701458","685.02 KB","2026-09-17T15:00:13.3235771Z"
"models\version1.0\garg_17iwilldeal.grn","D:\AI_upscaling\AoMEE\Age of Mythology\models\version1.0\garg_17iwilldeal.grn","garg_17iwilldeal.grn",".grn","700332","683.92 KB","2026-09-17T15:00:13.2515713Z"
"models\version2.0\garg_17iwilldeal.grn","D:\AI_upscaling\AoMEE\Age of Mythology\models\version2.0\garg_17iwilldeal.grn","garg_17iwilldeal.grn",".grn","700332","683.92 KB","2026-09-17T15:00:13.6370743Z"
"textures\titan c pangu.ddt","D:\AI_upscaling\AoMEE\Age of Mythology\textures\titan c pangu.ddt","titan c pangu.ddt",".ddt","699120","682.73 KB","2026-09-17T15:00:11.7208967Z"
"sound\inferno_loop.wav","D:\AI_upscaling\AoMEE\Age of Mythology\sound\inferno_loop.wav","inferno_loop.wav",".wav","698845","682.47 KB","2026-09-17T15:00:12.5045569Z"
"data\techtree2.5.xml","D:\AI_upscaling\AoMEE\Age of Mythology\data\techtree2.5.xml","techtree2.5.xml",".xml","698720","682.34 KB","2026-09-17T15:00:10.9718814Z"
"sound\vortexexist2.wav","D:\AI_upscaling\AoMEE\Age of Mythology\sound\vortexexist2.wav","vortexexist2.wav",".wav","698642","682.27 KB","2026-09-17T15:00:12.6105695Z"
"sound\cinematics\19_mid\erebus.mp3","D:\AI_upscaling\AoMEE\Age of Mythology\sound\cinematics\19_mid\erebus.mp3","erebus.mp3",".mp3","697156","680.82 KB","2026-09-17T15:00:11.9178940Z"
"data\techtree2.4.xml","D:\AI_upscaling\AoMEE\Age of Mythology\data\techtree2.4.xml","techtree2.4.xml",".xml","697015","680.68 KB","2026-09-17T15:00:10.9708755Z"
"data\techtree2.0.xml","D:\AI_upscaling\AoMEE\Age of Mythology\data\techtree2.0.xml","techtree2.0.xml",".xml","695202","678.91 KB","2026-09-17T15:00:10.9688828Z"
"data\techtree2.2.xml","D:\AI_upscaling\AoMEE\Age of Mythology\data\techtree2.2.xml","techtree2.2.xml",".xml","695182","678.89 KB","2026-09-17T15:00:10.9708755Z"
"data\techtree2.1.xml","D:\AI_upscaling\AoMEE\Age of Mythology\data\techtree2.1.xml","techtree2.1.xml",".xml","694660","678.38 KB","2026-09-17T15:00:10.9688828Z"
"sound\ypack\ydialog\en\70153.wav","D:\AI_upscaling\AoMEE\Age of Mythology\sound\ypack\ydialog\en\70153.wav","70153.wav",".wav","693548","677.29 KB","2026-09-17T15:00:12.8555702Z"
"sound\campfire.mp3","D:\AI_upscaling\AoMEE\Age of Mythology\sound\campfire.mp3","campfire.mp3",".mp3","691621","675.41 KB","2026-09-17T15:00:11.8508946Z"
"sound\ypack\ydialog\en\71058.wav","D:\AI_upscaling\AoMEE\Age of Mythology\sound\ypack\ydialog\en\71058.wav","71058.wav",".wav","691244","675.04 KB","2026-09-17T15:00:12.9485752Z"
"sound\ypack\ydialog\en\70854.wav","D:\AI_upscaling\AoMEE\Age of Mythology\sound\ypack\ydialog\en\70854.wav","70854.wav",".wav","691244","675.04 KB","2026-09-17T15:00:12.9335563Z"
"sound\ypack\ydialog\en\70152.wav","D:\AI_upscaling\AoMEE\Age of Mythology\sound\ypack\ydialog\en\70152.wav","70152.wav",".wav","691244","675.04 KB","2026-09-17T15:00:12.8545566Z"
"models\version2.0\kastorstaff_idlea.grn","D:\AI_upscaling\AoMEE\Age of Mythology\models\version2.0\kastorstaff_idlea.grn","kastorstaff_idlea.grn",".grn","690928","674.73 KB","2026-09-17T15:00:13.6620773Z"
"models\version1.0\kastorstaff_idlea.grn","D:\AI_upscaling\AoMEE\Age of Mythology\models\version1.0\kastorstaff_idlea.grn","kastorstaff_idlea.grn",".grn","690928","674.73 KB","2026-09-17T15:00:13.2815719Z"
"scenario\yspc\aomy08.scx","D:\AI_upscaling\AoMEE\Age of Mythology\scenario\yspc\aomy08.scx","aomy08.scx",".scx","689199","673.05 KB","2026-09-17T15:00:11.4868998Z"
"sound\ypack\ydialog\en\70161.wav","D:\AI_upscaling\AoMEE\Age of Mythology\sound\ypack\ydialog\en\70161.wav","70161.wav",".wav","688940","672.79 KB","2026-09-17T15:00:12.8595713Z"
"Language\cn\cn-language.txt","D:\AI_upscaling\AoMEE\Age of Mythology\Language\cn\cn-language.txt","cn-language.txt",".txt","687398","671.29 KB","2026-09-17T15:00:11.0398818Z"
"AOM EULA Korean.rtf","D:\AI_upscaling\AoMEE\Age of Mythology\AOM EULA Korean.rtf","AOM EULA Korean.rtf",".rtf","679995","664.06 KB","2026-09-16T23:59:09.8803513Z"
"sound\cinematics\6\campfire.mp3","D:\AI_upscaling\AoMEE\Age of Mythology\sound\cinematics\6\campfire.mp3","campfire.mp3",".mp3","677930","662.04 KB","2026-09-17T15:00:12.0229121Z"
"models\version1.0\kastorad_idlea.grn","D:\AI_upscaling\AoMEE\Age of Mythology\models\version1.0\kastorad_idlea.grn","kastorad_idlea.grn",".grn","677772","661.89 KB","2026-09-17T15:00:13.2785597Z"
"models\version2.0\kastorad_idlea.grn","D:\AI_upscaling\AoMEE\Age of Mythology\models\version2.0\kastorad_idlea.grn","kastorad_idlea.grn",".grn","677772","661.89 KB","2026-09-17T15:00:13.6610800Z"
"models\version2.0\jiaolong_idlea.grn","D:\AI_upscaling\AoMEE\Age of Mythology\models\version2.0\jiaolong_idlea.grn","jiaolong_idlea.grn",".grn","677772","661.89 KB","2026-09-17T15:00:13.6591105Z"
"sound\ypack\ydialog\en\70256.wav","D:\AI_upscaling\AoMEE\Age of Mythology\sound\ypack\ydialog\en\70256.wav","70256.wav",".wav","663596","648.04 KB","2026-09-17T15:00:12.8645718Z"
"sound\xpack\xcinematics\5_b\fire.mp3","D:\AI_upscaling\AoMEE\Age of Mythology\sound\xpack\xcinematics\5_b\fire.mp3","fire.mp3",".mp3","662781","647.25 KB","2026-09-17T15:00:12.6605707Z"
"sound\xpack\xcinematics\12_a\musicdown.mp3","D:\AI_upscaling\AoMEE\Age of Mythology\sound\xpack\xcinematics\12_a\musicdown.mp3","musicdown.mp3",".mp3","661945","646.43 KB","2026-09-17T15:00:12.6335574Z"
"models\version1.0\axeman_idlea.grn","D:\AI_upscaling\AoMEE\Age of Mythology\models\version1.0\axeman_idlea.grn","axeman_idlea.grn",".grn","661772","646.26 KB","2026-09-17T15:00:13.1525696Z"
"models\version2.0\axeman_idlea.grn","D:\AI_upscaling\AoMEE\Age of Mythology\models\version2.0\axeman_idlea.grn","axeman_idlea.grn",".grn","661772","646.26 KB","2026-09-17T15:00:13.5700857Z"
"models\version1.0\building x wonder kronos.brg","D:\AI_upscaling\AoMEE\Age of Mythology\models\version1.0\building x wonder kronos.brg","building x wonder kronos.brg",".brg","661493","645.99 KB","2026-09-17T15:00:13.2305546Z"
"models\version2.0\building x wonder kronos.brg","D:\AI_upscaling\AoMEE\Age of Mythology\models\version2.0\building x wonder kronos.brg","building x wonder kronos.brg",".brg","661493","645.99 KB","2026-09-17T15:00:13.6160731Z"
"sound\xpack\xcinematics\12_a\waves.mp3","D:\AI_upscaling\AoMEE\Age of Mythology\sound\xpack\xcinematics\12_a\waves.mp3","waves.mp3",".mp3","658602","643.17 KB","2026-09-17T15:00:12.6345750Z"
"sound\music2.mp3","D:\AI_upscaling\AoMEE\Age of Mythology\sound\music2.mp3","music2.mp3",".mp3","657766","642.35 KB","2026-09-17T15:00:12.5195562Z"
"sound\cinematics\17_in\music.mp3","D:\AI_upscaling\AoMEE\Age of Mythology\sound\cinematics\17_in\music.mp3","music.mp3",".mp3","655676","640.31 KB","2026-09-17T15:00:11.9089116Z"
"sound\cinematics\25_in\wind.mp3","D:\AI_upscaling\AoMEE\Age of Mythology\sound\cinematics\25_in\wind.mp3","wind.mp3",".mp3","654942","639.59 KB","2026-09-17T15:00:11.9539068Z"
"models\version1.0\fanatic_idlea.grn","D:\AI_upscaling\AoMEE\Age of Mythology\models\version1.0\fanatic_idlea.grn","fanatic_idlea.grn",".grn","650584","635.34 KB","2026-09-17T15:00:13.2495613Z"
"models\version2.0\fanatic_idlea.grn","D:\AI_upscaling\AoMEE\Age of Mythology\models\version2.0\fanatic_idlea.grn","fanatic_idlea.grn",".grn","650584","635.34 KB","2026-09-17T15:00:13.6341111Z"
"sound\ypack\ydialog\en\76507.wav","D:\AI_upscaling\AoMEE\Age of Mythology\sound\ypack\ydialog\en\76507.wav","76507.wav",".wav","649772","634.54 KB","2026-09-17T15:00:12.9575589Z"
"sound\ypack\ydialog\en\70779.wav","D:\AI_upscaling\AoMEE\Age of Mythology\sound\ypack\ydialog\en\70779.wav","70779.wav",".wav","649772","634.54 KB","2026-09-17T15:00:12.9285594Z"
"textures\ui\logo-splash-microsoft.ddt","D:\AI_upscaling\AoMEE\Age of Mythology\textures\ui\logo-splash-microsoft.ddt","logo-splash-microsoft.ddt",".ddt","649177","633.96 KB","2026-09-17T15:00:11.7428938Z"
"sound\ypack\ydialog\en\70756.wav","D:\AI_upscaling\AoMEE\Age of Mythology\sound\ypack\ydialog\en\70756.wav","70756.wav",".wav","647468","632.29 KB","2026-09-17T15:00:12.9195549Z"
"models\version2.0\kronos_x12escape.brg","D:\AI_upscaling\AoMEE\Age of Mythology\models\version2.0\kronos_x12escape.brg","kronos_x12escape.brg",".brg","644422","629.32 KB","2026-09-17T15:00:13.6700828Z"
"models\version1.0\kronos_x12escape.brg","D:\AI_upscaling\AoMEE\Age of Mythology\models\version1.0\kronos_x12escape.brg","kronos_x12escape.brg",".brg","644422","629.32 KB","2026-09-17T15:00:13.2895547Z"
"sound\cinematics\9_out\waves.mp3","D:\AI_upscaling\AoMEE\Age of Mythology\sound\cinematics\9_out\waves.mp3","waves.mp3",".mp3","643239","628.16 KB","2026-09-17T15:00:12.0389175Z"
"models\version2.0\atlantean titana_deatha.brg","D:\AI_upscaling\AoMEE\Age of Mythology\models\version2.0\atlantean titana_deatha.brg","atlantean titana_deatha.brg",".brg","640971","625.95 KB","2026-09-17T15:00:13.5610938Z"
"models\version1.0\atlantean titana_deatha.brg","D:\AI_upscaling\AoMEE\Age of Mythology\models\version1.0\atlantean titana_deatha.brg","atlantean titana_deatha.brg",".brg","640971","625.95 KB","2026-09-17T15:00:13.1405567Z"
"models\version2.0\tox_idlea.grn","D:\AI_upscaling\AoMEE\Age of Mythology\models\version2.0\tox_idlea.grn","tox_idlea.grn",".grn","636784","621.86 KB","2026-09-17T15:00:13.7870759Z"
"models\version1.0\tox_idlea.grn","D:\AI_upscaling\AoMEE\Age of Mythology\models\version1.0\tox_idlea.grn","tox_idlea.grn",".grn","636784","621.86 KB","2026-09-17T15:00:13.4130695Z"
"sound\cinematics\35_out\thunder.mp3","D:\AI_upscaling\AoMEE\Age of Mythology\sound\cinematics\35_out\thunder.mp3","thunder.mp3",".mp3","635196","620.31 KB","2026-09-17T15:00:12.0178933Z"
"sound\cinematics\12_in\music.mp3","D:\AI_upscaling\AoMEE\Age of Mythology\sound\cinematics\12_in\music.mp3","music.mp3",".mp3","634880","620.00 KB","2026-09-17T15:00:11.8868992Z"
"sound\ypack\ydialog\en\70956.wav","D:\AI_upscaling\AoMEE\Age of Mythology\sound\ypack\ydialog\en\70956.wav","70956.wav",".wav","633644","618.79 KB","2026-09-17T15:00:12.9415571Z"
"sound\earthdragonbirth.wav","D:\AI_upscaling\AoMEE\Age of Mythology\sound\earthdragonbirth.wav","earthdragonbirth.wav",".wav","632686","617.86 KB","2026-09-17T15:00:12.4635565Z"
"models\version2.0\shun_lookright.grn","D:\AI_upscaling\AoMEE\Age of Mythology\models\version2.0\shun_lookright.grn","shun_lookright.grn",".grn","631304","616.51 KB","2026-09-17T15:00:13.7350971Z"
"models\version1.0\ark_lookright.grn","D:\AI_upscaling\AoMEE\Age of Mythology\models\version1.0\ark_lookright.grn","ark_lookright.grn",".grn","631304","616.51 KB","2026-09-17T15:00:13.1355696Z"
"models\version2.0\ark_lookright.grn","D:\AI_upscaling\AoMEE\Age of Mythology\models\version2.0\ark_lookright.grn","ark_lookright.grn",".grn","631304","616.51 KB","2026-09-17T15:00:13.5570738Z"
"sound\ypack\ydialog\en\70762.wav","D:\AI_upscaling\AoMEE\Age of Mythology\sound\ypack\ydialog\en\70762.wav","70762.wav",".wav","629036","614.29 KB","2026-09-17T15:00:12.9235736Z"
"sound\tornadoexist.wav","D:\AI_upscaling\AoMEE\Age of Mythology\sound\tornadoexist.wav","tornadoexist.wav",".wav","627182","612.48 KB","2026-09-17T15:00:12.5945550Z"
"sound\ypack\ydialog\en\70057.wav","D:\AI_upscaling\AoMEE\Age of Mythology\sound\ypack\ydialog\en\70057.wav","70057.wav",".wav","624428","609.79 KB","2026-09-17T15:00:12.8495586Z"
"sound\xpack\xcinematics\7_out\music2.mp3","D:\AI_upscaling\AoMEE\Age of Mythology\sound\xpack\xcinematics\7_out\music2.mp3","music2.mp3",".mp3","622239","607.66 KB","2026-09-17T15:00:12.6785573Z"
"sound\xpack\xcinematics\2_in\music.mp3","D:\AI_upscaling\AoMEE\Age of Mythology\sound\xpack\xcinematics\2_in\music.mp3","music.mp3",".mp3","619732","605.21 KB","2026-09-17T15:00:12.6495589Z"
"sound\xpack\xcinematics\6_a\wavesbirds.mp3","D:\AI_upscaling\AoMEE\Age of Mythology\sound\xpack\xcinematics\6_a\wavesbirds.mp3","wavesbirds.mp3",".mp3","614298","599.90 KB","2026-09-17T15:00:12.6655553Z"
"sound\cinematics\28_in\wind.mp3","D:\AI_upscaling\AoMEE\Age of Mythology\sound\cinematics\28_in\wind.mp3","wind.mp3",".mp3","614298","599.90 KB","2026-09-17T15:00:11.9679115Z"
"sound\cinematics\22_out\waves.mp3","D:\AI_upscaling\AoMEE\Age of Mythology\sound\cinematics\22_out\waves.mp3","waves.mp3",".mp3","613982","599.59 KB","2026-09-17T15:00:11.9379184Z"
"sound\xpack\xcinematics\6_a\campfire.mp3","D:\AI_upscaling\AoMEE\Age of Mythology\sound\xpack\xcinematics\6_a\campfire.mp3","campfire.mp3",".mp3","613462","599.08 KB","2026-09-17T15:00:12.6635837Z"
"models\version1.0\titanxgaia_deatha.brg","D:\AI_upscaling\AoMEE\Age of Mythology\models\version1.0\titanxgaia_deatha.brg","titanxgaia_deatha.brg",".brg","612236","597.89 KB","2026-09-17T15:00:13.4095712Z"
"models\version2.0\titanxgaia_deatha.brg","D:\AI_upscaling\AoMEE\Age of Mythology\models\version2.0\titanxgaia_deatha.brg","titanxgaia_deatha.brg",".brg","612236","597.89 KB","2026-09-17T15:00:13.7820742Z"
"sound\xpack\xcinematics\5_in\music.mp3","D:\AI_upscaling\AoMEE\Age of Mythology\sound\xpack\xcinematics\5_in\music.mp3","music.mp3",".mp3","610119","595.82 KB","2026-09-17T15:00:12.6625585Z"
"sound\cinematics\11_in\ambience.mp3","D:\AI_upscaling\AoMEE\Age of Mythology\sound\cinematics\11_in\ambience.mp3","ambience.mp3",".mp3","609802","595.51 KB","2026-09-17T15:00:11.8788964Z"
"sound\snowstorm.wav","D:\AI_upscaling\AoMEE\Age of Mythology\sound\snowstorm.wav","snowstorm.wav",".wav","609160","594.88 KB","2026-09-17T15:00:12.5805728Z"
"sound\cinematics\23_in\music.mp3","D:\AI_upscaling\AoMEE\Age of Mythology\sound\cinematics\23_in\music.mp3","music.mp3",".mp3","605623","591.43 KB","2026-09-17T15:00:11.9408977Z"
"sound\ypack\ydialog\en\70650.wav","D:\AI_upscaling\AoMEE\Age of Mythology\sound\ypack\ydialog\en\70650.wav","70650.wav",".wav","603692","589.54 KB","2026-09-17T15:00:12.9085555Z"
"models\version1.0\building norse titan gate_death.brg","D:\AI_upscaling\AoMEE\Age of Mythology\models\version1.0\building norse titan gate_death.brg","building norse titan gate_death.brg",".brg","603682","589.53 KB","2026-09-17T15:00:13.2025617Z"
"models\version2.0\building norse titan gate_death.brg","D:\AI_upscaling\AoMEE\Age of Mythology\models\version2.0\building norse titan gate_death.brg","building norse titan gate_death.brg",".brg","603682","589.53 KB","2026-09-17T15:00:13.6030752Z"
"sound\cinematics\30_out\well.wav","D:\AI_upscaling\AoMEE\Age of Mythology\sound\cinematics\30_out\well.wav","well.wav",".wav","601910","587.80 KB","2026-09-17T15:00:11.9778971Z"
"sound\cinematics\33_mid\wind.mp3","D:\AI_upscaling\AoMEE\Age of Mythology\sound\cinematics\33_mid\wind.mp3","wind.mp3",".mp3","600088","586.02 KB","2026-09-17T15:00:12.0028972Z"
"sound\xpack\xcinematics\3_a\marchdrum.mp3","D:\AI_upscaling\AoMEE\Age of Mythology\sound\xpack\xcinematics\3_a\marchdrum.mp3","marchdrum.mp3",".mp3","599670","585.62 KB","2026-09-17T15:00:12.6545618Z"
"sound\xpack\xcinematics\3_a\wavesandbirds.mp3","D:\AI_upscaling\AoMEE\Age of Mythology\sound\xpack\xcinematics\3_a\wavesandbirds.mp3","wavesandbirds.mp3",".mp3","598834","584.80 KB","2026-09-17T15:00:12.6545618Z"
"models\version1.0\autom_idlea.grn","D:\AI_upscaling\AoMEE\Age of Mythology\models\version1.0\autom_idlea.grn","autom_idlea.grn",".grn","597732","583.72 KB","2026-09-17T15:00:13.1515731Z"
"models\version2.0\autom_idlea.grn","D:\AI_upscaling\AoMEE\Age of Mythology\models\version2.0\autom_idlea.grn","autom_idlea.grn",".grn","597732","583.72 KB","2026-09-17T15:00:13.5700857Z"
"models\version1.0\kamos_idlea.grn","D:\AI_upscaling\AoMEE\Age of Mythology\models\version1.0\kamos_idlea.grn","kamos_idlea.grn",".grn","597520","583.52 KB","2026-09-17T15:00:13.2775699Z"
"models\version2.0\kamos_idlea.grn","D:\AI_upscaling\AoMEE\Age of Mythology\models\version2.0\kamos_idlea.grn","kamos_idlea.grn",".grn","597520","583.52 KB","2026-09-17T15:00:13.6600945Z"
"scenario\yspc\aomy09.scx","D:\AI_upscaling\AoMEE\Age of Mythology\scenario\yspc\aomy09.scx","aomy09.scx",".scx","597500","583.50 KB","2026-09-17T15:00:11.4868998Z"
"models\version2.0\oldman_idlea.grn","D:\AI_upscaling\AoMEE\Age of Mythology\models\version2.0\oldman_idlea.grn","oldman_idlea.grn",".grn","596788","582.80 KB","2026-09-17T15:00:13.6910864Z"
"models\version1.0\oldman_idlea.grn","D:\AI_upscaling\AoMEE\Age of Mythology\models\version1.0\oldman_idlea.grn","oldman_idlea.grn",".grn","596788","582.80 KB","2026-09-17T15:00:13.3125560Z"
"sound\ypack\ydialog\en\70255.wav","D:\AI_upscaling\AoMEE\Age of Mythology\sound\ypack\ydialog\en\70255.wav","70255.wav",".wav","596780","582.79 KB","2026-09-17T15:00:12.8635541Z"
"sound\cinematics\31_out\penguins.mp3","D:\AI_upscaling\AoMEE\Age of Mythology\sound\cinematics\31_out\penguins.mp3","penguins.mp3",".mp3","595174","581.22 KB","2026-09-17T15:00:11.9859086Z"
"sound\cinematics\31_out\fire.mp3","D:\AI_upscaling\AoMEE\Age of Mythology\sound\cinematics\31_out\fire.mp3","fire.mp3",".mp3","595174","581.22 KB","2026-09-17T15:00:11.9829004Z"
"sound\cinematics\31_in\erebus.mp3","D:\AI_upscaling\AoMEE\Age of Mythology\sound\cinematics\31_in\erebus.mp3","erebus.mp3",".mp3","594654","580.72 KB","2026-09-17T15:00:11.9798935Z"
"scenario\yspc\aomy07.scx","D:\AI_upscaling\AoMEE\Age of Mythology\scenario\yspc\aomy07.scx","aomy07.scx",".scx","592003","578.13 KB","2026-09-17T15:00:11.4859088Z"
"sound\cinematics\05_out\waves.mp3","D:\AI_upscaling\AoMEE\Age of Mythology\sound\cinematics\05_out\waves.mp3","waves.mp3",".mp3","591830","577.96 KB","2026-09-17T15:00:11.8708973Z"
"sound\cinematics\26_out\music.mp3","D:\AI_upscaling\AoMEE\Age of Mythology\sound\cinematics\26_out\music.mp3","music.mp3",".mp3","589322","575.51 KB","2026-09-17T15:00:11.9609111Z"
"sound\arkantosarrive.wav","D:\AI_upscaling\AoMEE\Age of Mythology\sound\arkantosarrive.wav","arkantosarrive.wav",".wav","587946","574.17 KB","2026-09-17T15:00:11.8349149Z"
"models\version2.0\ngtrireme34.grn","D:\AI_upscaling\AoMEE\Age of Mythology\models\version2.0\ngtrireme34.grn","ngtrireme34.grn",".grn","585352","571.63 KB","2026-09-17T15:00:13.6830787Z"
"models\version1.0\ngtrireme34.grn","D:\AI_upscaling\AoMEE\Age of Mythology\models\version1.0\ngtrireme34.grn","ngtrireme34.grn",".grn","585352","571.63 KB","2026-09-17T15:00:13.3055650Z"
"sound\xpack\xcinematics\10_a\music.mp3","D:\AI_upscaling\AoMEE\Age of Mythology\sound\xpack\xcinematics\10_a\music.mp3","music.mp3",".mp3","582951","569.29 KB","2026-09-17T15:00:12.6255616Z"
"models\version1.0\kemsyt_rocescape.brg","D:\AI_upscaling\AoMEE\Age of Mythology\models\version1.0\kemsyt_rocescape.brg","kemsyt_rocescape.brg",".brg","581972","568.33 KB","2026-09-17T15:00:13.2835636Z"
"models\version2.0\kemsyt_rocescape.brg","D:\AI_upscaling\AoMEE\Age of Mythology\models\version2.0\kemsyt_rocescape.brg","kemsyt_rocescape.brg",".brg","581972","568.33 KB","2026-09-17T15:00:13.6650908Z"
"sound\plentychimes.wav","D:\AI_upscaling\AoMEE\Age of Mythology\sound\plentychimes.wav","plentychimes.wav",".wav","577660","564.12 KB","2026-09-17T15:00:12.5675539Z"
"sound\ypack\ydialog\en\70953.wav","D:\AI_upscaling\AoMEE\Age of Mythology\sound\ypack\ydialog\en\70953.wav","70953.wav",".wav","576044","562.54 KB","2026-09-17T15:00:12.9385548Z"
"models\version1.0\nhero_idlea.grn","D:\AI_upscaling\AoMEE\Age of Mythology\models\version1.0\nhero_idlea.grn","nhero_idlea.grn",".grn","574900","561.43 KB","2026-09-17T15:00:13.3085601Z"
"models\version2.0\nhero_idlea.grn","D:\AI_upscaling\AoMEE\Age of Mythology\models\version2.0\nhero_idlea.grn","nhero_idlea.grn",".grn","574900","561.43 KB","2026-09-17T15:00:13.6870781Z"
"models\version2.0\earth_idlea.brg","D:\AI_upscaling\AoMEE\Age of Mythology\models\version2.0\earth_idlea.brg","earth_idlea.brg",".brg","573777","560.33 KB","2026-09-17T15:00:13.6300765Z"
"models\version1.0\earth_idlea.brg","D:\AI_upscaling\AoMEE\Age of Mythology\models\version1.0\earth_idlea.brg","earth_idlea.brg",".brg","573777","560.33 KB","2026-09-17T15:00:13.2465583Z"
"sound\cinematics\15_in\wind.mp3","D:\AI_upscaling\AoMEE\Age of Mythology\sound\cinematics\15_in\wind.mp3","wind.mp3",".mp3","571350","557.96 KB","2026-09-17T15:00:11.9038978Z"
"sound\ypack\ydialog\en\70958.wav","D:\AI_upscaling\AoMEE\Age of Mythology\sound\ypack\ydialog\en\70958.wav","70958.wav",".wav","569132","555.79 KB","2026-09-17T15:00:12.9425779Z"
"sound\cinematics\24_in\waves.mp3","D:\AI_upscaling\AoMEE\Age of Mythology\sound\cinematics\24_in\waves.mp3","waves.mp3",".mp3","566651","553.37 KB","2026-09-17T15:00:11.9479107Z"
"data-dev\techtreex.xml","D:\AI_upscaling\AoMEE\Age of Mythology\data-dev\techtreex.xml","techtreex.xml",".xml","564089","550.87 KB","2026-09-17T15:00:10.9368639Z"
"sound\ypack\ydialog\en\70654.wav","D:\AI_upscaling\AoMEE\Age of Mythology\sound\ypack\ydialog\en\70654.wav","70654.wav",".wav","563938","550.72 KB","2026-09-17T15:00:12.9125818Z"
"models\version1.0\eitri_cine26doyouthink.grn","D:\AI_upscaling\AoMEE\Age of Mythology\models\version1.0\eitri_cine26doyouthink.grn","eitri_cine26doyouthink.grn",".grn","563348","550.14 KB","2026-09-17T15:00:13.2485739Z"
"models\version2.0\eitri_cine26doyouthink.grn","D:\AI_upscaling\AoMEE\Age of Mythology\models\version2.0\eitri_cine26doyouthink.grn","eitri_cine26doyouthink.grn",".grn","563348","550.14 KB","2026-09-17T15:00:13.6320745Z"
"sound\gaiadeath.wav","D:\AI_upscaling\AoMEE\Age of Mythology\sound\gaiadeath.wav","gaiadeath.wav",".wav","563338","550.13 KB","2026-09-17T15:00:12.4815545Z"
"sound\xpack\xcinematics\4_in\music.mp3","D:\AI_upscaling\AoMEE\Age of Mythology\sound\xpack\xcinematics\4_in\music.mp3","music.mp3",".mp3","562889","549.70 KB","2026-09-17T15:00:12.6575561Z"
"data\techtree1.5.xml","D:\AI_upscaling\AoMEE\Age of Mythology\data\techtree1.5.xml","techtree1.5.xml",".xml","562343","549.16 KB","2026-09-17T15:00:10.9658686Z"
"data\techtree1.8.xml","D:\AI_upscaling\AoMEE\Age of Mythology\data\techtree1.8.xml","techtree1.8.xml",".xml","561908","548.74 KB","2026-09-17T15:00:10.9668683Z"
"data\techtree1.11.xml","D:\AI_upscaling\AoMEE\Age of Mythology\data\techtree1.11.xml","techtree1.11.xml",".xml","561727","548.56 KB","2026-09-17T15:00:10.9648711Z"
"data\techtree1.12.xml","D:\AI_upscaling\AoMEE\Age of Mythology\data\techtree1.12.xml","techtree1.12.xml",".xml","561727","548.56 KB","2026-09-17T15:00:10.9648711Z"
"data\techtree1.9.xml","D:\AI_upscaling\AoMEE\Age of Mythology\data\techtree1.9.xml","techtree1.9.xml",".xml","561727","548.56 KB","2026-09-17T15:00:10.9679078Z"
"data\techtree1.10.xml","D:\AI_upscaling\AoMEE\Age of Mythology\data\techtree1.10.xml","techtree1.10.xml",".xml","561727","548.56 KB","2026-09-17T15:00:10.9638847Z"
"data-dev\techtree101x.xml","D:\AI_upscaling\AoMEE\Age of Mythology\data-dev\techtree101x.xml","techtree101x.xml",".xml","560991","547.84 KB","2026-09-17T15:00:10.9358803Z"
"sound\ypack\ydialog\en\71057.wav","D:\AI_upscaling\AoMEE\Age of Mythology\sound\ypack\ydialog\en\71057.wav","71057.wav",".wav","559916","546.79 KB","2026-09-17T15:00:12.9475541Z"
"models\version2.0\emperor_idlea.grn","D:\AI_upscaling\AoMEE\Age of Mythology\models\version2.0\emperor_idlea.grn","emperor_idlea.grn",".grn","559484","546.37 KB","2026-09-17T15:00:13.6330771Z"
"models\version2.0\theo_idlea.grn","D:\AI_upscaling\AoMEE\Age of Mythology\models\version2.0\theo_idlea.grn","theo_idlea.grn",".grn","559484","546.37 KB","2026-09-17T15:00:13.7700761Z"
"models\version1.0\theo_idlea.grn","D:\AI_upscaling\AoMEE\Age of Mythology\models\version1.0\theo_idlea.grn","theo_idlea.grn",".grn","559484","546.37 KB","2026-09-17T15:00:13.3975704Z"
"models\version2.0\skult_idlea.grn","D:\AI_upscaling\AoMEE\Age of Mythology\models\version2.0\skult_idlea.grn","skult_idlea.grn",".grn","559216","546.11 KB","2026-09-17T15:00:13.7440901Z"
"models\version1.0\skult_idlea.grn","D:\AI_upscaling\AoMEE\Age of Mythology\models\version1.0\skult_idlea.grn","skult_idlea.grn",".grn","559216","546.11 KB","2026-09-17T15:00:13.3705612Z"
"models\version2.0\garg_idlea.grn","D:\AI_upscaling\AoMEE\Age of Mythology\models\version2.0\garg_idlea.grn","garg_idlea.grn",".grn","558720","545.63 KB","2026-09-17T15:00:13.6380761Z"
"models\version1.0\garg_idlea.grn","D:\AI_upscaling\AoMEE\Age of Mythology\models\version1.0\garg_idlea.grn","garg_idlea.grn",".grn","558720","545.63 KB","2026-09-17T15:00:13.2535650Z"
"sound\inferno.wav","D:\AI_upscaling\AoMEE\Age of Mythology\sound\inferno.wav","inferno.wav",".wav","557263","544.20 KB","2026-09-17T15:00:12.5035608Z"
"sound\xpack\xcinematics\7_in\ambience.mp3","D:\AI_upscaling\AoMEE\Age of Mythology\sound\xpack\xcinematics\7_in\ambience.mp3","ambience.mp3",".mp3","555366","542.35 KB","2026-09-17T15:00:12.6695560Z"
"sound\ypack\ydialog\en\71053.wav","D:\AI_upscaling\AoMEE\Age of Mythology\sound\ypack\ydialog\en\71053.wav","71053.wav",".wav","555308","542.29 KB","2026-09-17T15:00:12.9445547Z"
"models\version1.0\ravens_cine291birth.grn","D:\AI_upscaling\AoMEE\Age of Mythology\models\version1.0\ravens_cine291birth.grn","ravens_cine291birth.grn",".grn","553208","540.24 KB","2026-09-17T15:00:13.3185702Z"
"models\version2.0\ravens_cine291birth.grn","D:\AI_upscaling\AoMEE\Age of Mythology\models\version2.0\ravens_cine291birth.grn","ravens_cine291birth.grn",".grn","553208","540.24 KB","2026-09-17T15:00:13.6960797Z"
"sound\uprootbirth.wav","D:\AI_upscaling\AoMEE\Age of Mythology\sound\uprootbirth.wav","uprootbirth.wav",".wav","552787","539.83 KB","2026-09-17T15:00:12.6085563Z"
"sound\ypack\ydialog\en\70366.wav","D:\AI_upscaling\AoMEE\Age of Mythology\sound\ypack\ydialog\en\70366.wav","70366.wav",".wav","550700","537.79 KB","2026-09-17T15:00:12.8795707Z"
"sound\trojangatedeath.wav","D:\AI_upscaling\AoMEE\Age of Mythology\sound\trojangatedeath.wav","trojangatedeath.wav",".wav","549894","537.01 KB","2026-09-17T15:00:12.5955599Z"
"sound\cinematics\24_out\waves.mp3","D:\AI_upscaling\AoMEE\Age of Mythology\sound\cinematics\24_out\waves.mp3","waves.mp3",".mp3","547527","534.69 KB","2026-09-17T15:00:11.9498990Z"
"sound\xpack\xcinematics\11_in\music.mp3","D:\AI_upscaling\AoMEE\Age of Mythology\sound\xpack\xcinematics\11_in\music.mp3","music.mp3",".mp3","546589","533.78 KB","2026-09-17T15:00:12.6305708Z"
"sound\cinematics\31_out\music.mp3","D:\AI_upscaling\AoMEE\Age of Mythology\sound\cinematics\31_out\music.mp3","music.mp3",".mp3","545437","532.65 KB","2026-09-17T15:00:11.9849103Z"
"sound\ypack\ydialog\en\70365.wav","D:\AI_upscaling\AoMEE\Age of Mythology\sound\ypack\ydialog\en\70365.wav","70365.wav",".wav","541484","528.79 KB","2026-09-17T15:00:12.8785592Z"
"sound\cinematics\35_in\music.mp3","D:\AI_upscaling\AoMEE\Age of Mythology\sound\cinematics\35_in\music.mp3","music.mp3",".mp3","538749","526.12 KB","2026-09-17T15:00:12.0128961Z"
"sound\ypack\ydialog\en\70380.wav","D:\AI_upscaling\AoMEE\Age of Mythology\sound\ypack\ydialog\en\70380.wav","70380.wav",".wav","536876","524.29 KB","2026-09-17T15:00:12.8855707Z"
"sound\frostgiantexist.wav","D:\AI_upscaling\AoMEE\Age of Mythology\sound\frostgiantexist.wav","frostgiantexist.wav",".wav","534950","522.41 KB","2026-09-17T15:00:12.4765555Z"
"sound\ypack\ydialog\en\70957.wav","D:\AI_upscaling\AoMEE\Age of Mythology\sound\ypack\ydialog\en\70957.wav","70957.wav",".wav","534572","522.04 KB","2026-09-17T15:00:12.9425779Z"
"models\version2.0\norse titana_deatha.brg","D:\AI_upscaling\AoMEE\Age of Mythology\models\version2.0\norse titana_deatha.brg","norse titana_deatha.brg",".brg","534296","521.77 KB","2026-09-17T15:00:13.6870781Z"
"models\version1.0\norse titana_deatha.brg","D:\AI_upscaling\AoMEE\Age of Mythology\models\version1.0\norse titana_deatha.brg","norse titana_deatha.brg",".brg","534296","521.77 KB","2026-09-17T15:00:13.3105707Z"
"models\version2.0\ark_aomsp332chiron.grn","D:\AI_upscaling\AoMEE\Age of Mythology\models\version2.0\ark_aomsp332chiron.grn","ark_aomsp332chiron.grn",".grn","533812","521.30 KB","2026-09-17T15:00:13.5530747Z"
"models\version2.0\shun_aomsp332chiron.grn","D:\AI_upscaling\AoMEE\Age of Mythology\models\version2.0\shun_aomsp332chiron.grn","shun_aomsp332chiron.grn",".grn","533812","521.30 KB","2026-09-17T15:00:13.7300771Z"
"models\version1.0\ark_aomsp332chiron.grn","D:\AI_upscaling\AoMEE\Age of Mythology\models\version1.0\ark_aomsp332chiron.grn","ark_aomsp332chiron.grn",".grn","533812","521.30 KB","2026-09-17T15:00:13.1295753Z"
"sound\dockambient.wav","D:\AI_upscaling\AoMEE\Age of Mythology\sound\dockambient.wav","dockambient.wav",".wav","524424","512.13 KB","2026-09-17T15:00:12.4605550Z"
"sound\cinematics\13_in\penguins.mp3","D:\AI_upscaling\AoMEE\Age of Mythology\sound\cinematics\13_in\penguins.mp3","penguins.mp3",".mp3","523285","511.02 KB","2026-09-17T15:00:11.8948963Z"
"sound\gaiapool.wav","D:\AI_upscaling\AoMEE\Age of Mythology\sound\gaiapool.wav","gaiapool.wav",".wav","522376","510.13 KB","2026-09-17T15:00:12.4875574Z"
"sound\locustexist.wav","D:\AI_upscaling\AoMEE\Age of Mythology\sound\locustexist.wav","locustexist.wav",".wav","517954","505.81 KB","2026-09-17T15:00:12.5115571Z"
"sound\firesiphonattack.wav","D:\AI_upscaling\AoMEE\Age of Mythology\sound\firesiphonattack.wav","firesiphonattack.wav",".wav","517952","505.81 KB","2026-09-17T15:00:12.4735547Z"
"sound\xpack\xcinematics\10_a\wavesbirds.mp3","D:\AI_upscaling\AoMEE\Age of Mythology\sound\xpack\xcinematics\10_a\wavesbirds.mp3","wavesbirds.mp3",".mp3","517332","505.21 KB","2026-09-17T15:00:12.6265568Z"
"sound\ypack\ydialog\en\71055.wav","D:\AI_upscaling\AoMEE\Age of Mythology\sound\ypack\ydialog\en\71055.wav","71055.wav",".wav","516140","504.04 KB","2026-09-17T15:00:12.9465723Z"
"sound\cinematics\22_in\waves.mp3","D:\AI_upscaling\AoMEE\Age of Mythology\sound\cinematics\22_in\waves.mp3","waves.mp3",".mp3","516078","503.98 KB","2026-09-17T15:00:11.9338952Z"
"sound\xpack\xcinematics\10_a\fire.mp3","D:\AI_upscaling\AoMEE\Age of Mythology\sound\xpack\xcinematics\10_a\fire.mp3","fire.mp3",".mp3","515660","503.57 KB","2026-09-17T15:00:12.6245583Z"
"sound\cinematics\19_out\mumble.mp3","D:\AI_upscaling\AoMEE\Age of Mythology\sound\cinematics\19_out\mumble.mp3","mumble.mp3",".mp3","514824","502.76 KB","2026-09-17T15:00:11.9219105Z"
"sound\cinematics\7\music.mp3","D:\AI_upscaling\AoMEE\Age of Mythology\sound\cinematics\7\music.mp3","music.mp3",".mp3","513253","501.22 KB","2026-09-17T15:00:12.0258935Z"
"sound\cinematics\9_in\campfire.mp3","D:\AI_upscaling\AoMEE\Age of Mythology\sound\cinematics\9_in\campfire.mp3","campfire.mp3",".mp3","513253","501.22 KB","2026-09-17T15:00:12.0329089Z"
"models\version2.0\kast_x12finalfight.grn","D:\AI_upscaling\AoMEE\Age of Mythology\models\version2.0\kast_x12finalfight.grn","kast_x12finalfight.grn",".grn","511304","499.32 KB","2026-09-17T15:00:13.6630768Z"
"models\version1.0\kast_x12finalfight.grn","D:\AI_upscaling\AoMEE\Age of Mythology\models\version1.0\kast_x12finalfight.grn","kast_x12finalfight.grn",".grn","511304","499.32 KB","2026-09-17T15:00:13.2825590Z"
"scenario\xspc\aomx11.scx","D:\AI_upscaling\AoMEE\Age of Mythology\scenario\xspc\aomx11.scx","aomx11.scx",".scx","507571","495.67 KB","2026-09-17T15:00:11.4769110Z"
"sound\ypack\ydialog\en\70351.wav","D:\AI_upscaling\AoMEE\Age of Mythology\sound\ypack\ydialog\en\70351.wav","70351.wav",".wav","506924","495.04 KB","2026-09-17T15:00:12.8705589Z"
"models\version2.0\cavalry c war chariot_boreda.brg","D:\AI_upscaling\AoMEE\Age of Mythology\models\version2.0\cavalry c war chariot_boreda.brg","cavalry c war chariot_boreda.brg",".brg","504681","492.85 KB","2026-09-17T15:00:13.6200784Z"
"sound\cinematics\31_in\fire.mp3","D:\AI_upscaling\AoMEE\Age of Mythology\sound\cinematics\31_in\fire.mp3","fire.mp3",".mp3","502703","490.92 KB","2026-09-17T15:00:11.9809133Z"
"sound\ui\lightning3.wav","D:\AI_upscaling\AoMEE\Age of Mythology\sound\ui\lightning3.wav","lightning3.wav",".wav","499834","488.12 KB","2026-09-17T15:00:12.6015539Z"
"sound\cinematics\33_out\windystrings.mp3","D:\AI_upscaling\AoMEE\Age of Mythology\sound\cinematics\33_out\windystrings.mp3","windystrings.mp3",".mp3","499777","488.06 KB","2026-09-17T15:00:12.0049147Z"
"sound\cinematics\35_out\music.mp3","D:\AI_upscaling\AoMEE\Age of Mythology\sound\cinematics\35_out\music.mp3","music.mp3",".mp3","499777","488.06 KB","2026-09-17T15:00:12.0168969Z"
"models\version2.0\ark_aomsp06question.grn","D:\AI_upscaling\AoMEE\Age of Mythology\models\version2.0\ark_aomsp06question.grn","ark_aomsp06question.grn",".grn","497912","486.24 KB","2026-09-17T15:00:13.5480889Z"
"models\version2.0\shun_aomsp06question.grn","D:\AI_upscaling\AoMEE\Age of Mythology\models\version2.0\shun_aomsp06question.grn","shun_aomsp06question.grn",".grn","497912","486.24 KB","2026-09-17T15:00:13.7270729Z"
"models\version1.0\ark_aomsp06question.grn","D:\AI_upscaling\AoMEE\Age of Mythology\models\version1.0\ark_aomsp06question.grn","ark_aomsp06question.grn",".grn","497912","486.24 KB","2026-09-17T15:00:13.1255631Z"
"sound\cinematics\32_out\music.mp3","D:\AI_upscaling\AoMEE\Age of Mythology\sound\cinematics\32_out\music.mp3","music.mp3",".mp3","497688","486.02 KB","2026-09-17T15:00:11.9959187Z"
"sound\cinematics\9_in\music.mp3","D:\AI_upscaling\AoMEE\Age of Mythology\sound\cinematics\9_in\music.mp3","music.mp3",".mp3","494762","483.17 KB","2026-09-17T15:00:12.0338957Z"
"sound\ypack\ydialog\en\70568.wav","D:\AI_upscaling\AoMEE\Age of Mythology\sound\ypack\ydialog\en\70568.wav","70568.wav",".wav","493100","481.54 KB","2026-09-17T15:00:12.9075562Z"
"launcher_res\background.png","D:\AI_upscaling\AoMEE\Age of Mythology\launcher_res\background.png","background.png",".png","489170","477.71 KB","2026-09-17T15:00:11.4179138Z"
"granny.dll","D:\AI_upscaling\AoMEE\Age of Mythology\granny.dll","granny.dll",".dll","488960","477.50 KB","2026-09-16T23:59:09.8839740Z"
"data-dev\uimpsetupfinal.xml","D:\AI_upscaling\AoMEE\Age of Mythology\data-dev\uimpsetupfinal.xml","uimpsetupfinal.xml",".xml","486988","475.57 KB","2026-09-17T15:00:10.9408684Z"
"sound\ypack\ydialog\en\70951.wav","D:\AI_upscaling\AoMEE\Age of Mythology\sound\ypack\ydialog\en\70951.wav","70951.wav",".wav","486188","474.79 KB","2026-09-17T15:00:12.9375583Z"
"sound\ypack\ydialog\en\70754.wav","D:\AI_upscaling\AoMEE\Age of Mythology\sound\ypack\ydialog\en\70754.wav","70754.wav",".wav","486188","474.79 KB","2026-09-17T15:00:12.9175556Z"
"sound\ypack\ydialog\en\70856.wav","D:\AI_upscaling\AoMEE\Age of Mythology\sound\ypack\ydialog\en\70856.wav","70856.wav",".wav","486188","474.79 KB","2026-09-17T15:00:12.9345726Z"
"models\version1.0\building g misc stairscdown.brg","D:\AI_upscaling\AoMEE\Age of Mythology\models\version1.0\building g misc stairscdown.brg","building g misc stairscdown.brg",".brg","485610","474.23 KB","2026-09-17T15:00:13.1875623Z"
"models\version2.0\building g misc stairscdown.brg","D:\AI_upscaling\AoMEE\Age of Mythology\models\version2.0\building g misc stairscdown.brg","building g misc stairscdown.brg",".brg","485610","474.23 KB","2026-09-17T15:00:13.5940741Z"
"sound\cinematics\33_in\music2.mp3","D:\AI_upscaling\AoMEE\Age of Mythology\sound\cinematics\33_in\music2.mp3","music2.mp3",".mp3","484414","473.06 KB","2026-09-17T15:00:11.9999100Z"
"sound\ypack\ydialog\en\70459.wav","D:\AI_upscaling\AoMEE\Age of Mythology\sound\ypack\ydialog\en\70459.wav","70459.wav",".wav","483884","472.54 KB","2026-09-17T15:00:12.8905566Z"
"sound\ypack\ydialog\en\70565.wav","D:\AI_upscaling\AoMEE\Age of Mythology\sound\ypack\ydialog\en\70565.wav","70565.wav",".wav","481580","470.29 KB","2026-09-17T15:00:12.9045880Z"
"sound\xpack\xcinematics\3_b\fire.mp3","D:\AI_upscaling\AoMEE\Age of Mythology\sound\xpack\xcinematics\3_b\fire.mp3","fire.mp3",".mp3","480551","469.29 KB","2026-09-17T15:00:12.6565580Z"
"sound\cinematics\23_out\music 2.mp3","D:\AI_upscaling\AoMEE\Age of Mythology\sound\cinematics\23_out\music 2.mp3","music 2.mp3",".mp3","478981","467.75 KB","2026-09-17T15:00:11.9448995Z"
"sound\ui\lightning1.wav","D:\AI_upscaling\AoMEE\Age of Mythology\sound\ui\lightning1.wav","lightning1.wav",".wav","475258","464.12 KB","2026-09-17T15:00:12.5995585Z"
"sound\ypack\ydialog\en\70850.wav","D:\AI_upscaling\AoMEE\Age of Mythology\sound\ypack\ydialog\en\70850.wav","70850.wav",".wav","474668","463.54 KB","2026-09-17T15:00:12.9315542Z"
"sound\ypack\ydialog\en\70557.wav","D:\AI_upscaling\AoMEE\Age of Mythology\sound\ypack\ydialog\en\70557.wav","70557.wav",".wav","474668","463.54 KB","2026-09-17T15:00:12.9015746Z"
"sound\ypack\ydialog\en\70450.wav","D:\AI_upscaling\AoMEE\Age of Mythology\sound\ypack\ydialog\en\70450.wav","70450.wav",".wav","474668","463.54 KB","2026-09-17T15:00:12.8865576Z"
"models\version2.0\kastorstafflp_x12gotstaff.brg","D:\AI_upscaling\AoMEE\Age of Mythology\models\version2.0\kastorstafflp_x12gotstaff.brg","kastorstafflp_x12gotstaff.brg",".brg","471680","460.63 KB","2026-09-17T15:00:13.6620773Z"
"models\version1.0\kastorstafflp_x12gotstaff.brg","D:\AI_upscaling\AoMEE\Age of Mythology\models\version1.0\kastorstafflp_x12gotstaff.brg","kastorstafflp_x12gotstaff.brg",".brg","471680","460.63 KB","2026-09-17T15:00:13.2805931Z"
"sound\ypack\ydialog\en\70464.wav","D:\AI_upscaling\AoMEE\Age of Mythology\sound\ypack\ydialog\en\70464.wav","70464.wav",".wav","470060","459.04 KB","2026-09-17T15:00:12.8945544Z"
"sound\ypack\ydialog\en\70160.wav","D:\AI_upscaling\AoMEE\Age of Mythology\sound\ypack\ydialog\en\70160.wav","70160.wav",".wav","470060","459.04 KB","2026-09-17T15:00:12.8585564Z"
"scenario\xspc\aomx03.scx","D:\AI_upscaling\AoMEE\Age of Mythology\scenario\xspc\aomx03.scx","aomx03.scx",".scx","465441","454.53 KB","2026-09-17T15:00:11.4689092Z"
"models\version2.0\ngtriremea_1arkwakes.grn","D:\AI_upscaling\AoMEE\Age of Mythology\models\version2.0\ngtriremea_1arkwakes.grn","ngtriremea_1arkwakes.grn",".grn","463984","453.11 KB","2026-09-17T15:00:13.6860932Z"
"models\version1.0\ngtriremea_1arkwakes.grn","D:\AI_upscaling\AoMEE\Age of Mythology\models\version1.0\ngtriremea_1arkwakes.grn","ngtriremea_1arkwakes.grn",".grn","463984","453.11 KB","2026-09-17T15:00:13.3085601Z"
"sound\ypack\ydialog\en\70861.wav","D:\AI_upscaling\AoMEE\Age of Mythology\sound\ypack\ydialog\en\70861.wav","70861.wav",".wav","463148","452.29 KB","2026-09-17T15:00:12.9355721Z"
"sound\xpack\xcinematics\10_b\fire.mp3","D:\AI_upscaling\AoMEE\Age of Mythology\sound\xpack\xcinematics\10_b\fire.mp3","fire.mp3",".mp3","462997","452.15 KB","2026-09-17T15:00:12.6285588Z"
"sound\earthquakeexist.wav","D:\AI_upscaling\AoMEE\Age of Mythology\sound\earthquakeexist.wav","earthquakeexist.wav",".wav","462200","451.37 KB","2026-09-17T15:00:12.4645554Z"
"sound\ypack\ydialog\en\70555.wav","D:\AI_upscaling\AoMEE\Age of Mythology\sound\ypack\ydialog\en\70555.wav","70555.wav",".wav","460844","450.04 KB","2026-09-17T15:00:12.8995669Z"
"sound\cinematics\19_out\music 2.mp3","D:\AI_upscaling\AoMEE\Age of Mythology\sound\cinematics\19_out\music 2.mp3","music 2.mp3",".mp3","460173","449.39 KB","2026-09-17T15:00:11.9229095Z"
