"RelativePath","SizeBytes","Width","Height","BitsPerPixel","ImageType"
"data\minimapbackground.tga","262188","256","256","32","2"
"data\terrain1.tga","49196","128","128","24","2"
"models\version1.0\gp x tartarian gate creature b.tga","49196","128","128","24","2"
"models\version2.0\gp x tartarian gate creature b.tga","49196","128","128","24","2"
"textures\ui\ui god disabled 256x256.tga","262188","256","256","32","2"
"textures\ui\ui map size giant disabled.tga","262188","256","256","32","2"
"tools\TextureCompiler_v2\input_example\animal baboon corpse bodya.tga","4114","32","32","32","2"
"tools\TextureCompiler_v2\input_example\animal baboon corpse skeletona.tga","4114","32","32","32","2"
"tools\TextureCompiler_v2\input_example\animal baboon map.tga","16402","64","64","32","2"
"tools\TextureCompiler_v2\input_example\animal bear corpse bodya.tga","4114","32","32","32","2"
