"Texture","Total","CT0","CT4","OtherCT","PixelXForm"
"_missingtexture","1","0","1","0","0"
"Agamemnon Map","3","2","1","0","0"
"alfred","7","7","0","0","0"
"alfred_crown","7","0","7","0","0"
"Animal Aurochs Map","18","18","0","0","0"
"Animal Baboon map","7","7","0","0","0"
"Animal Bear map","26","26","0","0","0"
"Animal Bearlaser beam map","5","5","0","0","0"
"Animal Bearlaser cape map","5","5","0","0","0"
"Animal Bearlaser map","10","10","0","0","0"
"Animal Boar map","33","33","0","0","0"
"Animal Camel map","1","1","0","0","0"
"Animal Caribou Antlers map","1","1","0","0","0"
"Animal Caribou map","44","44","0","0","0"
"Animal Chicken map","6","6","0","0","0"
"Animal Cow A map","45","31","14","0","0"
"Animal Crocodile Map","12","12","0","0","0"
"Animal Crowned Crane Map","18","18","0","0","0"
"Animal Deer map","33","33","0","0","0"
"animal dog a map","8","2","6","0","0"
"Animal Dove","1","1","0","0","0"
"animal duck map","4","4","0","0","0"
"animal eagle map","1","1","0","0","0"
"animal elephant indian","6","6","0","0","0"
"Animal Elephant Map","24","24","0","0","0"
"Animal Elk map","34","34","0","0","0"
"Animal Fish Anchovy","4","4","0","0","0"
"Animal Fish Herring","3","3","0","0","0"
"Animal Fish Mahi","5","5","0","0","0"
"Animal Fish Perch","4","4","0","0","0"
"Animal Fish Salmon","4","4","0","0","0"
"Animal Flying Purple Hippo","22","11","11","0","0"
"Animal Flying Purple Hippo Wings","2","2","0","0","0"
"Animal Gazelle map","40","40","0","0","0"
"Animal Giraffe map","30","30","0","0","0"
"Animal Goat map","56","35","21","0","0"
"Animal GoatNubian map","58","35","23","0","0"
"Animal Hawk","2","2","0","0","0"
"Animal Hippo Map","18","18","0","0","0"
"Animal Hyena map","24","24","0","0","0"
"Animal Lion map","14","14","0","0","0"
"animal lizard map","6","6","0","0","0"
"Animal Monkey map","20","20","0","0","0"
"Animal Orca Map","4","4","0","0","0"
"animal panda bear map","7","7","0","0","0"
"animal parrot map","1","1","0","0","0"
"Animal Pig map","27","18","9","0","0"
"Animal Polar Bear map","27","27","0","0","0"
"Animal PRMonkey","5","5","0","0","0"
"Animal Ram map","5","5","0","0","0"
"Animal Rhino map","20","20","0","0","0"
"Animal Rooster","6","6","0","0","0"
"Animal Sea Gull","1","1","0","0","0"
"Animal Shark Map","4","4","0","0","0"
"animal tiger map","7","7","0","0","0"
"Animal Walrus Map","14","14","0","0","0"
"Animal WaterBuffalo map","17","17","0","0","0"
"Animal Whale Map","2","2","0","0","0"
"animal white tiger map","9","0","9","0","0"
"Animal William Walrus Map","1","0","1","0","0"
"Animal Wolf map","14","14","0","0","0"
"Animal Yak","8","0","8","0","0"
"Animal Zebra map","35","35","0","0","0"
"archer c crossbow","1","1","0","0","0"
"archer c crossbowman bowstring","7","7","0","0","0"
"archer c crossbowman head copper","1","0","1","0","0"
"archer c crossbowman head standard","1","0","1","0","0"
"archer c crossbowman standard","7","0","7","0","0"
"archer c mounted archer head standard","1","0","1","0","0"
"archer c mounted archer horse standard","7","0","7","0","0"
"archer c mounted archer standard","7","0","7","0","0"
"Archer E Slinger Head Standard","20","10","8","2","0"
"archer e slinger standard","18","9","7","2","0"
"Archer G Crossbow","8","8","0","0","0"
"Archer G Crossbowman","16","8","7","1","0"
"Archer G Crossbowman Head","8","8","0","0","0"
"Archer G Peltast Cape Standard","6","0","6","0","0"
"Archer G Peltast Head Standard","14","7","7","0","0"
"Archer G Peltast Standard","12","6","6","0","0"
"Archer G Toxotes Head Bronze","2","1","1","0","0"
"Archer G Toxotes Head Copper","2","1","1","0","0"
"Archer G Toxotes Head Iron","4","2","2","0","0"
"Archer G Toxotes Head Standard","3","3","0","0","0"
"Archer G Toxotes Iron","2","1","1","0","0"
"Archer G Toxotes Standard","16","8","8","0","0"
"Archer N Normal Head Standard","1","0","1","0","0"
"Archer N Normal Standard","6","0","6","0","0"
"Archer N Throwing Axeman Head Bronze","1","1","0","0","0"
"Archer N Throwing Axeman Head Copper","1","1","0","0","0"
"Archer N Throwing Axeman Head Iron","1","1","0","0","0"
"Archer N Throwing Axeman Head Standard","1","1","0","0","0"
"Archer N Throwing Axeman Standard","14","7","7","0","0"
"Archer X Bronze","1","1","0","0","0"
"Archer X Copper","1","1","0","0","0"
"Archer X Hero","1","1","0","0","0"
"Archer X Iron","36","19","17","0","0"
"Archer X Standard","1","1","0","0","0"
"attachment c halberd head bronze","1","1","0","0","0"
"attachment c halberd head copper","1","1","0","0","0"
"attachment c halberd head iron","1","1","0","0","0"
"Attachment G Gargarensis Trident","4","4","0","0","0"
"Attachment G Spear","21","21","0","0","0"
"Attachment G Spear_01","25","25","0","0","0"
"attachments a arrow","46","46","0","0","0"
"Attachments A Arrow map","18","14","4","0","0"
"Attachments A Axe map","9","9","0","0","0"
"Attachments A Bow Bronze","33","33","0","0","0"
"Attachments A Bow Copper","11","11","0","0","0"
"Attachments A Bow Iron","20","20","0","0","0"
"Attachments A Bow map","3","3","0","0","0"
"Attachments A Bow Standard","6","6","0","0","0"
"Attachments A Club","30","30","0","0","0"
"Attachments A Fishing Net","9","9","0","0","0"
"Attachments A Hammer map","2","2","0","0","0"
"Attachments A Hoe map","6","6","0","0","0"
"Attachments A Quiver","47","47","0","0","0"
"Attachments A Resources map","11","11","0","0","0"
"Attachments A Shields map","6","0","6","0","0"
"Attachments A Shovel","5","5","0","0","0"
"Attachments A Sling","1","1","0","0","0"
"Attachments A Spear Bronze","4","4","0","0","0"
"Attachments A Spear Copper","9","9","0","0","0"
"Attachments A Spear Iron","84","84","0","0","0"
"Attachments A Spear Standard","28","28","0","0","0"
"Attachments A Trident map","12","12","0","0","0"
"Attachments A Wheel Solid","1","1","0","0","0"
"Attachments A Wheel Spoked","4","4","0","0","0"
"attachments c fire lance","3","3","0","0","0"
"attachments c flag naval","2","0","2","0","0"
"attachments c halberd bronze","1","1","0","0","0"
"attachments c halberd copper","1","1","0","0","0"
"attachments c halberd iron","1","1","0","0","0"
"attachments c halberd standard","2","2","0","0","0"
"attachments c sword jiaolong","1","1","0","0","0"
"Attachments E Axe Bronze","2","2","0","0","0"
"Attachments E Axe Copper","3","3","0","0","0"
"Attachments E Axe Iron","2","2","0","0","0"
"Attachments E Axe Standard","2","2","0","0","0"
"Attachments E Shield Bronze map","2","2","0","0","0"
"Attachments E Shield Copper","6","0","6","0","0"
"Attachments E Shield Copper map","1","1","0","0","0"
"Attachments E Shield Iron","2","2","0","0","0"
"Attachments E Shield Iron map","2","2","0","0","0"
"Attachments E Sling Stone map","3","3","0","0","0"
"Attachments E Sword Bronze","1","1","0","0","0"
"Attachments E Sword Copper","4","4","0","0","0"
"Attachments E Sword Iron","11","11","0","0","0"
"Attachments E Sword Standard","1","1","0","0","0"
"Attachments G Polyphemus Club","24","24","0","0","0"
"Attachments G Shield Bronze","28","28","0","0","0"
"Attachments G Shield Copper","6","0","6","0","0"
"Attachments G Shield Iron","1","1","0","0","0"
"attachments g shield iron cine","1","1","0","0","0"
"Attachments G Shields Map","3","3","0","0","0"
"Attachments G Sword Bronze","1","1","0","0","0"
"Attachments G Sword Bronze map","4","4","0","0","0"
"Attachments G Sword Copper","25","25","0","0","0"
"Attachments G Sword Iron","66","66","0","0","0"
"Attachments G Sword Iron map","1","1","0","0","0"
"Attachments G Sword Standard","3","3","0","0","0"
"Attachments MU X Automaton","58","44","14","0","0"
"Attachments N Axe Bronze","6","6","0","0","0"
"Attachments N Axe Copper","4","4","0","0","0"
"Attachments N Axe Iron","6","6","0","0","0"
"Attachments N Axe Standard","5","5","0","0","0"
"Attachments N Oxcart Wheel","3","3","0","0","0"
"Attachments N Shield Bronze","2","2","0","0","0"
"Attachments N Shield Cav Bronze map","1","0","1","0","0"
"Attachments N Shield Cav Copper map","1","0","1","0","0"
"Attachments N Shield Cav Iron map","1","0","1","0","0"
"Attachments N Shield Copper","6","0","6","0","0"
"Attachments N Shield Iron","4","2","2","0","0"
"Attachments N Sword Bronze","1","1","0","0","0"
"Attachments N Sword Copper","20","20","0","0","0"
"Attachments N Sword Iron","3","3","0","0","0"
"Attachments N Sword Standard","1","1","0","0","0"
"Attachments X Double Sword Bronze","1","1","0","0","0"
"Attachments X Double Sword Copper","1","1","0","0","0"
"Attachments X Double Sword Iron","1","1","0","0","0"
"Attachments X Double Sword Standard","1","1","0","0","0"
"Attachments X Lance Bronze","2","2","0","0","0"
"Attachments X Lance Copper","1","1","0","0","0"
"Attachments X Lance Iron","1","1","0","0","0"
"Attachments X Lance Standard","2","2","0","0","0"
"Attachments X Mace Bronze","1","1","0","0","0"
"Attachments X Mace copper","1","1","0","0","0"
"Attachments X Mace Iron","1","1","0","0","0"
"Attachments X Mace Standard","1","1","0","0","0"
"Attachments X Shield Medium","6","0","6","0","0"
"Attachments X Sword Bronze","2","2","0","0","0"
"Attachments X Sword Copper","2","2","0","0","0"
"Attachments X Sword Iron","3","3","0","0","0"
"Attachments X Sword Standard","31","31","0","0","0"
"barrel","4","4","0","0","0"
"BELLA","8","8","0","0","0"
"Building Attachments","227","222","5","0","0"
"building c accessories","42","34","8","0","0"
"building c earthen wall","17","0","17","0","0"
"building c fortified wall","18","1","17","0","0"
"building c fortress age 3","1","0","1","0","0"
"building c great wall","17","0","17","0","0"
"building c roofage1","47","1","46","0","0"
"building c special","22","10","12","0","0"
"building c stone wall","17","0","17","0","0"
"building c titan gate door map","6","0","6","0","0"
"building c titan gate map","12","6","6","0","0"
"building c titan gate rocks","3","3","0","0","0"
"building c tower age2","8","0","8","0","0"
"building c towers","4","0","4","0","0"
"building c wallsage1","43","0","43","0","0"
"building c wonder city floor","2","2","0","0","0"
"building c wonder city roof","2","0","2","0","0"
"building c wonder city walls","1","0","1","0","0"
"building c wonder palace floor","2","2","0","0","0"
"building c wonder palace roof","2","0","2","0","0"
"building c wonder palace walls","2","0","2","0","0"
"building c wonder temple","4","0","4","0","0"
"building construction","223","223","0","0","0"
"Building Destruction Egypt","4","4","0","0","0"
"Building Destruction Greek","4","4","0","0","0"
"Building Destruction Norse","6","6","0","0","0"
"Building E Age1","78","42","36","0","0"
"building E Age1 Accessories","11","11","0","0","0"
"Building E Age2","100","53","47","0","0"
"building E Age2 accessories","77","77","0","0","0"
"building E Age2 Accessories Burnt","2","2","0","0","0"
"Building E Age2 Burnt","2","2","0","0","0"
"building E Age2 wall","60","28","32","0","0"
"Building E Age3","197","101","96","0","0"
"building E Age3 accessories","119","119","0","0","0"
"building E Age3A accessories","43","43","0","0","0"
"building E Age4","121","61","60","0","0"
"building E Age4 Accessories","21","21","0","0","0"
"building E Age4roof","57","57","0","0","0"
"building E dock boat","6","6","0","0","0"
"building E Fortress","6","6","0","0","0"
"building E Fortress Accessories","10","6","4","0","0"
"building E Fortress Accessories02","2","2","0","0","0"
"Building E Fortress Age3","6","6","0","0","0"
"building E Isis Wonder01","7","4","3","0","0"
"building E Isis Wonder02","7","4","3","0","0"
"building E Isis Wonder03","3","3","0","0","0"
"Building E Lighthouse","9","4","5","0","0"
"building E Lighthouse fence","2","2","0","0","0"
"building E Monument platforms","29","16","13","0","0"
"building E Monument1","4","4","0","0","0"
"Building E Monument1 LP","2","2","0","0","0"
"building E Monument2","3","3","0","0","0"
"Building E Monument2 LP","2","2","0","0","0"
"Building E Monument3","4","4","0","0","0"
"Building E Monument3 LP","2","2","0","0","0"
"Building E Monument4","4","4","0","0","0"
"Building E Monument4 LP","2","2","0","0","0"
"Building E Monument4dood","4","4","0","0","0"
"Building E Monument5 Isis","5","5","0","0","0"
"Building E Monument5 Isis LP","3","3","0","0","0"
"Building E Monument5 Ra","5","5","0","0","0"
"Building E Monument5 Ra LP","2","2","0","0","0"
"Building E Monument5 Set","5","5","0","0","0"
"Building E Monument5 Set LP","2","2","0","0","0"
"Building E Obelisk","16","8","8","0","0"
"building E Osiris Pyramid","2","2","0","0","0"
"building E Osiris Pyramid Dead","3","3","0","0","0"
"building E Outpost","10","5","5","0","0"
"building E Props","75","75","0","0","0"
"Building E Pyramid","1","1","0","0","0"
"building E Ra Wonder01","5","5","0","0","0"
"building E Ra Wonder02","10","5","5","0","0"
"building E Set Wonder01","4","4","0","0","0"
"building E Set Wonder02","6","4","2","0","0"
"building E Set Wonder03","4","4","0","0","0"
"building E Settlement Age1","8","4","4","0","0"
"building E Settlement Age2","8","4","4","0","0"
"building E Settlement Age3","16","8","8","0","0"
"building E Settlement Age4","14","7","7","0","0"
"Building E shared01 2 map","1","1","0","0","0"
"Building E shared02 2 map","2","1","1","0","0"
"building E Shrine","39","39","0","0","0"
"building E Shrine02","3","3","0","0","0"
"Building E Statue C","2","2","0","0","0"
"Building E Statue C Base","2","2","0","0","0"
"Building E Titan Gate Map","12","6","6","0","0"
"Building E Underground Passage Egyptian","1","1","0","0","0"
"Building E Wall4","56","28","28","0","0"
"Building E Wonder Accessories","2","2","0","0","0"
"Building G Age0","62","36","26","0","0"
"Building G Destroyed","11","11","0","0","0"
"Building G Fortifiedwall","36","3","33","0","0"
"Building G Fortress","4","4","0","0","0"
"Building G FortressRoof","6","6","0","0","0"
"Building G FortressWall","18","10","8","0","0"
"building g fortresswall destructed","1","1","0","0","0"
"Building G FortressWall2","8","8","0","0","0"
"building g fortresswall2 Destructed","2","2","0","0","0"
"Building G GateAll","63","63","0","0","0"
"Building G Hades Wonder","11","6","5","0","0"
"Building G Hades Wonder01","6","6","0","0","0"
"Building G RoofAge1","60","56","4","0","0"
"Building G RoofAge2","42","42","0","0","0"
"Building G RoofAge3","54","54","0","0","0"
"Building G Ruins","3","3","0","0","0"
"Building G SettlementAge1","29","21","8","0","0"
"Building G SettlementAge2","33","22","11","0","0"
"Building G SettlementAge3","31","19","12","0","0"
"building g settlementfence","77","77","0","0","0"
"Building G Shared01 2 map","7","7","0","0","0"
"Building G Shared04 2 map","2","1","1","0","0"
"Building G Shared05 2 map","56","28","28","0","0"
"Building G Shrine","4","2","2","0","0"
"Building G Temple","8","4","4","0","0"
"Building G Temple02 2 map","2","1","1","0","0"
"Building G Temple03 2 map","1","1","0","0","0"
"Building G TempleAge1","13","7","6","0","0"
"Building G TempleAge2","8","4","4","0","0"
"Building G Titan Gate Door Map","10","4","6","0","0"
"Building G Titan Gate Map","6","6","0","0","0"
"Building G Titan Gate Rocks","3","3","0","0","0"
"Building G Towers","40","20","20","0","0"
"Building G Underground Passage Greek","1","1","0","0","0"
"Building G Underground Passage Greek B","1","1","0","0","0"
"Building G WallsAge1","70","37","33","0","0"
"Building G WallsAge2","101","51","50","0","0"
"Building G WallsAge3","62","35","27","0","0"
"Building G Wonder","12","6","6","0","0"
"Building G Wonder destructed","1","1","0","0","0"
"Building G Zues Wonder","7","7","0","0","0"
"Building G Zues Wonder01","16","8","8","0","0"
"Building Gate","4","4","0","0","0"
"Building N Destructed","3","3","0","0","0"
"Building N Dock","15","15","0","0","0"
"Building N GateAll","16","16","0","0","0"
"Building N Hillfort","18","10","8","0","0"
"Building N Loki Wonder01","6","6","0","0","0"
"Building N Loki Wonder02","8","4","4","0","0"
"Building N Odin Wonder","6","6","0","0","0"
"Building N Odin Wonder01","10","4","6","0","0"
"Building N SettlementAge1","14","11","3","0","0"
"Building N SettlementAge2","14","10","4","0","0"
"Building N SettlementAge3","25","17","8","0","0"
"Building N SettlementAge4","21","14","7","0","0"
"Building N Shared01 1 map","36","18","18","0","0"
"Building N Shared01 2 map","56","34","22","0","0"
"Building N Shared01 3 map","61","36","25","0","0"
"Building N Shared02 2 map","8","5","3","0","0"
"Building N Shared03 2 map","15","15","0","0","0"
"Building N Shared04 2 map","37","25","12","0","0"
"Building N Shared06 2 map","71","31","40","0","0"
"Building N Shrine","2","1","1","0","0"
"Building N TempleAge1","7","3","4","0","0"
"Building N TempleAge2","7","4","3","0","0"
"Building N TempleAge3","16","8","8","0","0"
"Building N ThorArmory","11","7","4","0","0"
"Building N ThorArmory1","6","6","0","0","0"
"Building N Titan Gate Map","12","6","6","0","0"
"Building N Titan Gate Rocks","3","3","0","0","0"
"Building N Tower","22","12","10","0","0"
"Building N WallAge4","63","36","27","0","0"
"Building N Wonder","11","6","5","0","0"
"Building N WonderBranch","6","6","0","0","0"
"Building N WonderLeaf","6","6","0","0","0"
"Building N Wonderrune","5","5","0","0","0"
"building props","2","2","0","0","0"
"Building Settlement","7","6","0","1","0"
"Building Vase","11","11","0","0","0"
"Building Vines01","1","1","0","0","0"
"building wall damage","221","221","0","0","0"
"Building X Bronze Gate","15","15","0","0","0"
"Building X Dock","55","55","0","0","0"
"Building X Guild Age2","55","55","0","0","0"
"Building X Iron Gate","16","16","0","0","0"
"Building X Mirror Tower","14","7","7","0","0"
"Building X Oreichalkos Gate","16","16","0","0","0"
"Building X Palace Age2","4","1","3","0","0"
"Building X Palace Age3","5","1","4","0","0"
"Building X Palace Roof","4","4","0","0","0"
"Building X Palace Roof Age3","4","4","0","0","0"
"Building X Roof Age0","69","41","28","0","0"
"Building X Roof Age1","100","46","54","0","0"
"Building X Roof Age2","87","87","0","0","0"
"Building X Roof Age3","49","49","0","0","0"
"Building X Shared Age0","19","19","0","0","0"
"Building X Shared Age3","20","20","0","0","0"
"Building X Sky Temple","10","5","5","0","0"
"Building X Sky Temple Roof","4","4","0","0","0"
"Building X Statue Stand In","1","1","0","0","0"
"Building X stone wall","1","1","0","0","0"
"Building X Temple age0","4","0","4","0","0"
"Building X Temple age1","4","4","0","0","0"
"Building X Temple age2","16","16","0","0","0"
"Building X Temple age3","15","15","0","0","0"
"Building X Temple OG1","1","1","0","0","0"
"Building X Temple OG1 25","1","1","0","0","0"
"Building X Temple OG1 50","1","1","0","0","0"
"Building X Temple OG1 75","1","1","0","0","0"
"Building X Temple OG2","1","1","0","0","0"
"Building X Temple OG2 25","1","1","0","0","0"
"Building X Temple OG2 50","1","1","0","0","0"
"Building X Temple OG2 75","1","1","0","0","0"
"Building x TitanGate","12","6","6","0","0"
"Building X Tower Watch","2","1","1","0","0"
"building x tower watch2","17","9","8","0","0"
"Building X Tower Watch3","4","2","2","0","0"
"Building X Wall Age2","110","57","53","0","0"
"Building X Wall Age3","56","5","51","0","0"
"Building X Wall Bronze","45","20","20","5","0"
"Building X Wall Iron","40","20","20","0","0"
"Building X Wall Oreichalkos","40","21","19","0","0"
"Building X Wall Oreichalkos damage","11","11","0","0","0"
"building x wall stone","44","20","20","4","0"
"Building_E_MonumentBase_Map","2","1","1","0","0"
"buildingEstatue01","4","4","0","0","0"
"butterfly","2","2","0","0","0"
"cavalry c cataphract head copper","1","0","1","0","0"
"cavalry c cataphract head iron","1","0","1","0","0"
"cavalry c cataphract head standard","1","0","1","0","0"
"cavalry c cataphract horse standard","7","0","7","0","0"
"cavalry c cataphract standard","7","0","7","0","0"
"cavalry c chariot horse standard","5","0","5","0","0"
"cavalry c chariot standard","5","0","5","0","0"
"cavalry c charioteer standard","5","0","5","0","0"
"cavalry c scout head copper","1","0","1","0","0"
"cavalry c scout head standard","1","0","1","0","0"
"cavalry c scout horse standard","16","0","16","0","0"
"cavalry c scout standard","17","0","17","0","0"
"Cavalry E Camelry Camel Copper","14","7","7","0","0"
"Cavalry E Camelry Copper","13","6","7","0","0"
"Cavalry E Camelry Head Copper","7","7","0","0","0"
"cavalry e chariot archer copper","11","5","6","0","0"
"Cavalry E Chariot Chariot Map","17","12","5","0","0"
"Cavalry E Chariot Horse Map","9","4","5","0","0"
"Cavalry E Chariot Map","5","0","5","0","0"
"Cavalry E Mercenary Horse Standard","16","8","8","0","0"
"Cavalry E War Elephant Copper","18","12","6","0","0"
"Cavalry E War Elephant Tusks Bronze","1","1","0","0","0"
"Cavalry E War Elephant Tusks Copper","1","1","0","0","0"
"Cavalry E War Elephant Tusks Iron","1","1","0","0","0"
"Cavalry G Cataphract Head Iron","44","22","11","11","0"
"Cavalry G Cataphract Horse Iron","20","9","11","0","0"
"Cavalry G Cataphract Iron","44","22","11","11","0"
"Cavalry G Hetairoi Cape","9","0","9","0","0"
"Cavalry G Hetairoi Head Iron","9","9","0","0","0"
"Cavalry G Hetairoi Horse Iron","17","8","9","0","0"
"Cavalry G Hetairoi Iron","18","9","9","0","0"
"Cavalry G Hippikon Cape","9","0","9","0","0"
"Cavalry G Hippikon Head Bronze","1","0","1","0","0"
"Cavalry G Hippikon Head Copper","1","0","1","0","0"
"Cavalry G Hippikon Head Iron","1","0","1","0","0"
"Cavalry G Hippikon Head Standard","1","1","0","0","0"
"Cavalry G Hippikon Horse Standard","17","9","8","0","0"
"Cavalry G Hippikon Standard","18","9","9","0","0"
"Cavalry G Prodromos Head Bronze","2","2","0","0","0"
"Cavalry G Prodromos Head Copper","2","2","0","0","0"
"Cavalry G Prodromos Head Iron","2","2","0","0","0"
"Cavalry G Prodromos Head Standard","1","1","0","0","0"
"Cavalry G Prodromos Horse Standard","18","9","9","0","0"
"Cavalry G Prodromos Standard","17","9","8","0","0"
"Cavalry G Scout Horse","24","12","12","0","0"
"Cavalry N Jarl Head Bronze","1","1","0","0","0"
"Cavalry N Jarl Head Copper","1","1","0","0","0"
"Cavalry N Jarl Head Iron","1","1","0","0","0"
"Cavalry N Jarl Head Standard","4","4","0","0","0"
"Cavalry N Jarl Horse Standard","25","12","13","0","0"
"Cavalry N Jarl Standard","26","13","13","0","0"
"Cavalry N Raiding Cavalry Head Bronze","1","1","0","0","0"
"Cavalry N Raiding Cavalry Head Copper","1","1","0","0","0"
"Cavalry N Raiding Cavalry Head Iron","1","1","0","0","0"
"Cavalry N Raiding Cavalry Head Standard","1","1","0","0","0"
"Cavalry N Raiding Cavalry Horse Standard","15","9","6","0","0"
"Cavalry N Raiding Cavalry Standard","18","9","9","0","0"
"Cavalry X Javelin Bronze","2","1","1","0","0"
"Cavalry X Javelin Copper","2","1","1","0","0"
"Cavalry X Javelin Hero","2","1","1","0","0"
"Cavalry X Javelin Horse Iron","31","16","15","0","0"
"Cavalry X Javelin Iron","38","21","17","0","0"
"Cavalry X Javelin Standard","1","1","0","0","0"
"Cavalry X Lancer Bronze","1","1","0","0","0"
"Cavalry X Lancer Cape Iron","14","0","14","0","0"
"Cavalry X Lancer Copper","1","1","0","0","0"
"Cavalry X Lancer Hero","1","1","0","0","0"
"Cavalry X Lancer Horse Iron","29","14","15","0","0"
"Cavalry X Lancer Iron","31","16","15","0","0"
"Cavalry X Lancer Standard","1","1","0","0","0"
"Cine A Arkantos God Helmet Map","1","1","0","0","0"
"Cine A Arkantos God Map","1","1","0","0","0"
"Cine A Arkantos God Shoulder Map","1","1","0","0","0"
"Cine A Arkantos Helmet","2","2","0","0","0"
"Cine A Arkantos Helmet low","16","16","0","0","0"
"Cine A Arkantos Map","9","5","4","0","0"
"Cine A Arkantos Shoulder Map","5","5","0","0","0"
"Cine A ArkantosMan MapBlue","2","2","0","0","0"
"Cine A ArkantosMan Shoulder Map","2","2","0","0","0"
"Cine A Kemsyt","2","2","0","0","0"
"Cine A Kemsyt Scimitar","20","20","0","0","0"
"Cine G Ajax","1","1","0","0","0"
"Cine G Ajax Lion Head Map","1","1","0","0","0"
"Cine G Ajax Map","1","0","1","0","0"
"Cine G Ajax Shield map","1","1","0","0","0"
"Cine G Gargarensis Map","6","3","3","0","0"
"Cine G Hoplite Shield cine","1","1","0","0","0"
"Cine G Hoplite Spear","1","1","0","0","0"
"Cine G Poseidon Stone","9","5","4","0","0"
"Cine G Poseidon Trident","15","15","0","0","0"
"Cine N Huskarl","2","1","1","0","0"
"Cine Spear Map","9","9","0","0","0"
"Cine X Kastor Adult","28","14","14","0","0"
"Cine X Kastor Adult Sword","2","2","0","0","0"
"Cine X Kastor Adult(pixelxform1)","2","0","2","0","2"
"Cine X Krios","12","4","8","0","0"
"Cine X MP Melagius Head","23","23","0","0","0"
"construction_boards_a","5","5","0","0","0"
"construction_boards_b","3","3","0","0","0"
"construction_boards_c","6","6","0","0","0"
"construction_boards_d","5","5","0","0","0"
"construction_boards_e","6","0","6","0","0"
"Construction_flag","6","0","6","0","0"
"CurvedBow","11","11","0","0","0"
"CurvedBowQuiver","2","2","0","0","0"
"defaultskybox_bk","1","1","0","0","0"
"defaultskybox_dn","2","2","0","0","0"
"defaultskybox_fr","1","1","0","0","0"
"defaultskybox_lf","1","1","0","0","0"
"defaultskybox_rt","1","1","0","0","0"
"E_dock_15","6","6","0","0","0"
"forkboy map","18","9","9","0","0"
"gaia pool ground","1","1","0","0","0"
"Gaia Wonder Map1","7","7","0","0","0"
"Gaia Wonder Map2","10","6","4","0","0"
"Gaia Wonder Statue","4","4","0","0","0"
"GaiaCreepFlowersA","2","2","0","0","0"
"GaiaCreepFlowersAop","2","0","2","0","0"
"General Body","2","2","0","0","0"
"General Head","2","2","0","0","0"
"General Shield","2","2","0","0","0"
"General Sword","2","2","0","0","0"
"Gine G Kamos Map","6","3","3","0","0"
"God N Ice Block map","1","1","0","0","0"
"God N Ice Crystal map","3","3","0","0","0"
"GP X Hesperides Tree","7","3","0","4","0"
"GP X Tartarian Gate","4","4","0","0","0"
"GP X Tartarian Gate Creature","15","15","0","0","0"
"GP X Tartarian Gate Ground","3","3","0","0","0"
"GP X Tartarian Gate Hole","4","4","0","0","0"
"hades2","3","3","0","0","0"
"hero c general","7","0","7","0","0"
"hero c general cape","7","0","7","0","0"
"hero c general flag","7","0","7","0","0"
"hero c general head","1","0","1","0","0"
"hero c general horse","7","0","7","0","0"
"hero c immortal","10","0","10","0","0"
"hero c monk","9","0","9","0","0"
"hero c monk head","1","0","1","0","0"
"hero c monk weapon","1","0","1","0","0"
"Hero G Achilles","18","9","9","0","0"
"Hero G Achilles Cape","10","1","9","0","0"
"Hero G Ajax","45","23","11","11","0"
"Hero G Ajax Shield","22","22","0","0","0"
"Hero G Ajax Spear","23","23","0","0","0"
"Hero G Atalanta","34","17","8","9","0"
"Hero G Atalanta Head Standard","17","17","0","0","0"
"Hero G Atalanta Shield","34","17","17","0","0"
"Hero G Athena Head Low Map","7","7","0","0","0"
"Hero G Athena Low Map","14","8","0","6","0"
"Hero G Belerophon","41","19","22","0","0"
"Hero G Belerophon Head","21","21","0","0","0"
"Hero G Belerophon Shield","43","21","22","0","0"
"Hero G Heracles","31","16","15","0","0"
"Hero G Heracles Club","17","17","0","0","0"
"Hero G Heracles Head","36","36","0","0","0"
"Hero G Heracles Shield","36","18","18","0","0"
"Hero G Hippolyta","36","18","9","9","0"
"Hero G Hippolyta Head Standard","34","18","16","0","0"
"Hero G Jason Head Standard","17","17","0","0","0"
"Hero G Jason Shield","32","15","17","0","0"
"Hero G Jason Standard","34","17","15","2","0"
"Hero G Perseus Head Standard","36","18","18","0","0"
"Hero G Perseus Standard","35","18","8","9","0"
"hero g physician","6","0","6","0","0"
"hero g physician head","1","0","1","0","0"
"Hero G Polyphemus Shield","47","23","24","0","0"
"Hero G Theseus","35","18","7","10","0"
"Hero G Theseus Head Standard","18","18","0","0","0"
"Hero G Theseus Shield","35","17","18","0","0"
"Hero N Hero","19","9","10","0","0"
"Hero N Hero Hammer","10","10","0","0","0"
"Hero N Hero Hammer Low","2","2","0","0","0"
"Hero N Hero Head","10","10","0","0","0"
"Hero N Hersir","2","1","0","1","0"
"Hero N Hersir Head","1","1","0","0","0"
"Hero N Ragnorok Axe","54","54","0","0","0"
"Hero N Ragnorok Female","19","10","8","1","0"
"Hero N Ragnorok Female Head","10","10","0","0","0"
"Hero N Ragnorok Male","39","19","18","2","0"
"Hero N Ragnorok Male Head","19","19","0","0","0"
"Hero X Ajax","44","22","9","13","0"
"Hero X Ajax Shield","20","20","0","0","0"
"Hero X Ajax Spear","23","23","0","0","0"
"Hero X Kastor","43","28","2","13","0"
"Hero X Kastor(pixelxform1)","13","0","13","0","13"
"IceTitan","1","1","0","0","0"
"IGC Stone Prop","1","1","0","0","0"
"infantry c halberdier head bronze","1","0","1","0","0"
"infantry c halberdier head copper","1","0","1","0","0"
"infantry c halberdier head iron","1","0","1","0","0"
"infantry c halberdier head standard","1","0","1","0","0"
"infantry c halberdier standard","6","0","6","0","0"
"Infantry E Axeman Head Standard","7","7","0","0","0"
"Infantry E Axeman Standard","16","8","8","0","0"
"infantry e khopesh head standard","1","0","1","0","0"
"infantry e khopesh standard","6","0","6","0","0"
"Infantry E Mercenary","29","15","14","0","0"
"Infantry E Mercenary Head","16","16","0","0","0"
"Infantry E Spearman Head Bronze","1","1","0","0","0"
"Infantry E Spearman Head Copper","1","1","0","0","0"
"Infantry E Spearman Head Iron","1","1","0","0","0"
"Infantry E Spearman shield map","5","5","0","0","0"
"Infantry E Spearman Standard","12","6","5","1","0"
"Infantry G Hoplite Bronze","47","23","13","11","0"
"Infantry G Hoplite Head Bronze","2","1","1","0","0"
"Infantry G Hoplite Head Copper","1","1","0","0","0"
"Infantry G Hoplite Head Iron","2","1","1","0","0"
"Infantry G Hoplite Head Iron cine","1","1","0","0","0"
"Infantry G Hoplite Head Standard","2","2","0","0","0"
"infantry g hoplite iron cine","1","1","0","0","0"
"Infantry G Hoplite Standard","27","7","20","0","0"
"Infantry G Hypaspist Cape","10","0","10","0","0"
"Infantry G Hypaspist Head Bronze","1","1","0","0","0"
"Infantry G Hypaspist Head Copper","1","1","0","0","0"
"Infantry G Hypaspist Head Iron","2","1","1","0","0"
"Infantry G Hypaspist Head Standard","2","2","0","0","0"
"Infantry G Hypaspist Standard","21","10","8","3","0"
"Infantry G Militia","12","6","5","1","0"
"Infantry G Militia Head","11","11","0","0","0"
"Infantry G Myrmidon Head Iron","11","1","9","1","0"
"Infantry G Myrmidon Iron","18","9","8","1","0"
"Infantry G Normal Head Standard","2","2","0","0","0"
"Infantry N Huskarl Bronze","19","9","10","0","0"
"Infantry N Huskarl Cape","15","0","15","0","0"
"Infantry N Huskarl Head Iron","2","2","0","0","0"
"Infantry N Huskarl Head Standard","17","17","0","0","0"
"infantry n huskarl iron","3","1","2","0","0"
"Infantry N Huskarl Standard","18","9","8","1","0"
"Infantry N Ulfsark Head Bronze","2","2","0","0","0"
"Infantry N Ulfsark Head Copper","2","2","0","0","0"
"Infantry N Ulfsark Head Iron","2","2","0","0","0"
"infantry n ulfsark head scout","8","8","0","0","0"
"Infantry N Ulfsark Head Standard","10","10","0","0","0"
"infantry n ulfsark scout","15","0","15","0","0"
"Infantry N Ulfsark Standard","18","9","8","1","0"
"Infantry X 2 Sword Fighter Iron","37","19","18","0","0"
"Infantry X Maceman Bronze","1","1","0","0","0"
"Infantry X Maceman Copper","1","1","0","0","0"
"Infantry X Maceman Hero","1","1","0","0","0"
"Infantry X Maceman Iron","37","19","18","0","0"
"Infantry X Maceman Standard","1","1","0","0","0"
"Infantry X Swordsman Hero","13","13","0","0","0"
"Infantry X Swordsman Iron","40","14","26","0","0"
"Infantry X Trident Soldier Cape Iron","21","0","21","0","0"
"Infantry X Trident Soldier Head Iron","3","3","0","0","0"
"Infantry X Trident Soldier Hero","4","2","2","0","0"
"Infantry X Trident Soldier Iron","38","19","19","0","0"
"Infantry X Trident Soldier Shield Hero","2","0","2","0","0"
"Infantry X Trident Soldier Shield Iron","21","0","21","0","0"
"Infantry X Trident Soldier Trident Iron","8","8","0","0","0"
"Kronos Wonder Map1","6","6","0","0","0"
"Kronos Wonder Map2","12","6","6","0","0"
"LP Cavalry G Scout Horse","2","1","0","1","0"
"LP Cavalry X","92","46","0","46","0"
"LP Cine X Krios","12","6","6","0","0"
"LP E Cavalry","30","18","6","6","0"
"LP E Chariot Archer","17","12","0","5","0"
"LP E Infantry","70","35","0","35","0"
"LP E Mercenaries","30","15","0","15","0"
"LP E Villager","83","46","0","37","0"
"LP G Cataphract Horse Iron","21","10","0","11","0"
"lp g cavalry","75","47","0","28","0"
"LP G Crossbowman","28","18","0","10","0"
"LP G Hetairoi","26","8","0","18","0"
"LP G Infantry","75","41","0","34","0"
"LP G Militia","18","12","0","6","0"
"LP G Myrmidon","29","20","0","9","0"
"LP G Villager","89","49","0","40","0"
"LP Infantry Archery X","263","152","0","111","0"
"LP MU X Argus Map","15","7","8","0","0"
"LP MU X Stymphalian Bird Map","14","9","5","0","0"
"LP N Cavalry","34","17","0","17","0"
"LP N Dwarf","52","37","0","15","0"
"LP N Infantry","89","56","0","33","0"
"LP N Ragnorok","63","33","0","30","0"
"LP N Villager","72","38","0","34","0"
"LP Villager Trade X","151","76","0","75","0"
"Minotaur Ring","51","51","0","0","0"
"MU X Argus Map","15","7","8","0","0"
"MU X Atlantean Flying Medic Map","46","31","7","8","0"
"MU X Atlantean Hundred Giant Map","40","20","20","0","0"
"MU X Atlantean Lampedes map","48","32","16","0","0"
"MU X Atlantean ManOWar Map","31","15","12","4","0"
"MU X Atlantean Satyr Head Map","16","16","0","0","0"
"MU X Atlantean Satyr Map","32","16","8","8","0"
"MU X Automation Map","45","23","22","0","0"
"MU X Behemoth Map","24","12","12","0","0"
"MU X Dryad","26","12","14","0","0"
"MU X Dryad Hair","13","13","0","0","0"
"MU X Nereid Rider Map","24","13","11","0","0"
"MU X Nereid Shark Map","18","18","0","0","0"
"MU X Promethean Map","76","38","38","0","0"
"MU X Servant of Oceanus Map","21","7","14","0","0"
"MU X Stymphalian Bird Map","15","10","5","0","0"
"MU X Stymphatian Bird Projectile","1","1","0","0","0"
"N Titan Gate Ice","6","6","0","0","0"
"Naval C All","23","0","23","0","0"
"Naval E All","121","71","45","5","0"
"Naval E Pirate Ship","44","22","12","10","0"
"Naval G All","193","92","95","6","0"
"naval g all wrecked","6","2","4","0","0"
"Naval N All","126","74","49","3","0"
"Naval N Kraken","62","52","10","0","0"
"Naval N Kraken map","5","5","0","0","0"
"Naval N Longship map","4","2","2","0","0"
"Naval N Utility map","12","12","0","0","0"
"Naval X All","110","55","55","0","0"
"Norse_military04","4","4","0","0","0"
"Oranos Wonder Map","12","8","4","0","0"
"Oranos Wonder Map1","11","6","5","0","0"
"Oranos Wonder Map3","6","6","0","0","0"
"Platform Map","12","6","6","0","0"
"player color texture","62","0","0","62","0"
"Projectile A Ballista Arrow","4","0","4","0","0"
"Projectile A Siege Rock map","3","3","0","0","0"
"QuiverFletching","2","2","0","0","0"
"random_bricks","6","6","0","0","0"
"random_bricks2","5","5","0","0","0"
"random_bricks3","4","4","0","0","0"
"random_bricks4","4","4","0","0","0"
"saw_horse","3","3","0","0","0"
"Scenario A Dwarven Forge Belt","1","1","0","0","0"
"Scenario A Dwarven Forge Shared A","3","3","0","0","0"
"Scenario A Dwarven Forge Shared B","8","8","0","0","0"
"Scenario A Gate Ram","7","7","0","0","0"
"Scenario A Gate Ram Wall","4","4","0","0","0"
"Scenario A Pit","10","10","0","0","0"
"Scenario A Pit Attachments","5","5","0","0","0"
"Scenario A Pit Cliff","2","2","0","0","0"
"Scenario A Pit Edge","3","3","0","0","0"
"Scenario A Pit Tile Cracky Edge","9","9","0","0","0"
"Scenario A Tartarus Door","15","15","0","0","0"
"Scenario A Tartarus Door Cliff","10","10","0","0","0"
"Scenario A Tartarus Door Crack","1","1","0","0","0"
"Scenario B Amanra map","39","19","20","0","0"
"Scenario B Amanra SwordShield map","40","40","0","0","0"
"scenario c danzhu","6","0","6","0","0"
"scenario c danzhu head","1","0","1","0","0"
"Scenario C Gargarensis map","50","25","25","0","0"
"scenario c jiaolong","19","8","11","0","0"
"scenario c jiaolong head","1","0","1","0","0"
"Scenario C Kamos","97","49","48","0","0"
"Scenario C Kamos Blade","24","24","0","0","0"
"scenario c shun","30","0","30","0","0"
"scenario c shun head","11","0","11","0","0"
"Scenario E Great Box","6","0","6","0","0"
"Scenario E Great Box Camel","2","2","0","0","0"
"Scenario E Great Box Cart","4","4","0","0","0"
"Scenario E Great Box map","5","4","1","0","0"
"Scenario E Guardian","78","39","39","0","0"
"Scenario E Jail Gates","1","1","0","0","0"
"Scenario E Kemsyt","22","22","0","0","0"
"Scenario E Setna map","38","20","18","0","0"
"Scenario E Setna Staff map","40","40","0","0","0"
"Scenario G Arkantos God Map","1","1","0","0","0"
"Scenario G Arkantos Head","30","30","0","0","0"
"Scenario G Arkantos Man map","24","12","12","0","0"
"Scenario G Arkantos man mapBlue","2","2","0","0","0"
"Scenario G Arkantos map","59","29","30","0","0"
"Scenario G Chiron Map","60","30","26","4","0"
"Scenario G Circe","64","43","21","0","0"
"Scenario G Circe Head","22","22","0","0","0"
"Scenario G Excavation","4","4","0","0","0"
"scenario g excavation terrain","5","5","0","0","0"
"Scenario G Kastor map","16","6","10","0","0"
"Scenario G Odysseus map","41","20","10","11","0"
"Scenario G Old Man Map","4","2","2","0","0"
"Scenario G Skult Map","18","9","9","0","0"
"Scenario N Brokk Head","38","38","0","0","0"
"Scenario N Brokk Standard","72","36","36","0","0"
"Scenario N Dwarven Mine Cliff A","3","3","0","0","0"
"Scenario N Dwarven Mine Cliff B","2","2","0","0","0"
"Scenario N Dwarven Mine Inside","1","1","0","0","0"
"Scenario N Dwarven Mine Opening","1","1","0","0","0"
"Scenario N Dwarven Mine Outside","1","1","0","0","0"
"Scenario N Eitri Head","38","38","0","0","0"
"Scenario N Eitri Standard","73","36","37","0","0"
"Scenario N Folstag Flag","17","10","7","0","0"
"scenario n pirate ship","16","8","8","0","0"
"Scenario N Reginleif map","47","24","23","0","0"
"Scenario N Reginleif Weapons map","47","24","23","0","0"
"Scenario N Thors Hammer","23","23","0","0","0"
"Scenario N Thors Hammer Cart","6","6","0","0","0"
"Scenario Old Man Head Map","2","2","0","0","0"
"Scenario Skult Head Map","8","8","0","0","0"
"Scenario T Shared","2","1","1","0","0"
"scenario t troy gate","8","8","0","0","0"
"scenario t troy gate deadB","4","4","0","0","0"
"scenario t troy wall long","18","9","9","0","0"
"scenario t troy wall long dead","8","4","4","0","0"
"Scenario Theocrat","23","12","11","0","0"
"Scenario Theocrat Head","12","12","0","0","0"
"Scenario Theocrat Staff","30","16","14","0","0"
"Scenario Theocrat Staff(pixelxform1)","2","0","2","0","2"
"Scenario Theocrat(pixelxform1)","1","0","1","0","1"
"scenario x amanra map","44","22","11","11","0"
"scenario x amanra swordshield map","43","43","0","0","0"
"SFX A Avalanche Snow","2","2","0","0","0"
"SFX A Avalanche Snow Moving","1","1","0","0","0"
"SFX A Boat Ripple Small","1","1","0","0","0"
"SFX A Carnivora","24","12","12","0","0"
"SFX A Carnivora Water","18","9","9","0","0"
"SFX A Healing Spring Stone","2","1","1","0","0"
"SFX A Healing Spring Water","1","1","0","0","0"
"SFX A Implode","6","6","0","0","0"
"SFX A Rain","2","2","0","0","0"
"SFX A Serpent","24","11","7","6","0"
"SFX A Snow","1","1","0","0","0"
"sfx a tunnel","1","1","0","0","0"
"sfx a vortex light ray","1","1","0","0","0"
"SFX A Walking Woods","23","12","11","0","0"
"sfx c earth dragon hole","1","1","0","0","0"
"sfx c flood","2","2","0","0","0"
"sfx c growth vines","23","23","0","0","0"
"SFX E Ancestors Water","32","21","11","0","0"
"SFX E Citadel","6","3","3","0","0"
"SFX E Citadel Age4","6","3","3","0","0"
"SFX E Inferno Fire Ground map","2","2","0","0","0"
"SFX E Locust Thick map","1","1","0","0","0"
"SFX E Locust Thin map","2","2","0","0","0"
"SFX E Meteor Blast map","2","2","0","0","0"
"SFX E Meteor map","2","2","0","0","0"
"SFX E Serpents Water","23","12","11","0","0"
"SFX E Son of Osiris","46","23","11","12","0"
"SFX E Son of Osiris Head","21","21","0","0","0"
"SFX G Animal Magnetism","6","3","3","0","0"
"SFX G Growth Plants","2","2","0","0","0"
"SFX G Plenty","14","10","4","0","0"
"SFX G Sentinel","12","7","5","0","0"
"SFX G Sentinel Weapons","5","5","0","0","0"
"SFX N Dwarven Mine","6","6","0","0","0"
"SFX N Frost Ice Block","21","21","0","0","0"
"SFX N Nidhogg","36","24","12","0","0"
"SFX N Tunnel map","1","1","0","0","0"
"sfx x arkatnos birth veins","2","2","0","0","0"
"sfx x spider egg bottom","3","3","0","0","0"
"sfx x spider egg sack","3","3","0","0","0"
"Shadow Cinematic units","3","3","0","0","0"
"shadow unit circle 32x32","4","4","0","0","0"
"shadow unit circle 64x64","9","9","0","0","0"
"siege c fire lance","5","0","5","0","0"
"siege c fire lance head","1","0","1","0","0"
"Siege C Sitting Tiger","6","0","6","0","0"
"Siege E Catapult","22","12","6","4","0"
"Siege E Catapult Projectile","15","15","0","0","0"
"Siege E Tower","14","7","7","0","0"
"Siege G Helepolis","24","16","3","5","0"
"Siege G Petrobolos","13","6","7","0","0"
"Siege G Petrobolos Iron","2","1","1","0","0"
"Siege G Petrobolos Projectile","9","9","0","0","0"
"Siege G Trojan Horse","4","4","0","0","0"
"Siege N Ballista","17","9","5","3","0"
"Siege N Ballista Bolt","34","17","13","4","0"
"Siege N Ballista Bolt Iron","2","1","1","0","0"
"Siege N Ram","31","17","7","7","0"
"Siege N Ram Carrier Shield","1","0","1","0","0"
"Siege N Ram Iron","26","13","8","5","0"
"Siege N Ram Ring","6","6","0","0","0"
"Siege N Ram Ring Iron","6","6","0","0","0"
"Siege X Chieroballista","35","18","17","0","0"
"Siege X Chieroballista Man","24","12","12","0","0"
"Siege X Fire Siphon","22","11","11","0","0"
"Siege X Fire Siphon Upgrade","12","12","0","0","0"
"Siege X Onager","4","0","4","0","0"
"SkyboxBlueSky_BK","1","1","0","0","0"
"SkyboxBlueSky_BK2","1","1","0","0","0"
"SkyboxBlueSky_FR","1","1","0","0","0"
"SkyboxBlueSky_FR2","1","1","0","0","0"
"SkyboxBlueSky_LF","1","1","0","0","0"
"SkyboxBlueSky_LF2","1","1","0","0","0"
"SkyboxBlueSky_RT","1","1","0","0","0"
"SkyboxBlueSky_RT2","1","1","0","0","0"
"SkyboxStormy_BK","1","1","0","0","0"
"SkyboxStormy_BK2","1","1","0","0","0"
"SkyboxStormy_FR2","1","1","0","0","0"
"SkyboxStormy_LF2","1","1","0","0","0"
"SkyboxStormy_RT","1","1","0","0","0"
"SkyboxStormy_RT2","1","1","0","0","0"
"SkyboxSunset_BK2","1","1","0","0","0"
"SkyboxSunset_FR","1","1","0","0","0"
"SkyboxSunset_FR2","1","1","0","0","0"
"SkyboxSunset_LF2","1","1","0","0","0"
"SkyboxSunset_RT","1","1","0","0","0"
"SkyboxSunset_RT2","1","1","0","0","0"
"SkyboxWinter_BK","1","1","0","0","0"
"SkyboxWinter_BK2","1","1","0","0","0"
"SkyboxWinter_FR2","1","1","0","0","0"
"SkyboxWinter_LF","1","1","0","0","0"
"SkyboxWinter_LF2","1","1","0","0","0"
"SkyboxWinter_RT","1","1","0","0","0"
"SkyboxWinter_RT2","1","1","0","0","0"
"SPC X Gaia Tree","4","4","0","0","0"
"SPC X Gaia Tree shadow","3","3","0","0","0"
"Special A Snowman","1","1","0","0","0"
"special c azure dragon","5","0","5","0","0"
"special c azure dragon head","5","5","0","0","0"
"special c dragon turtle","6","0","6","0","0"
"special c dragon turtle head","6","6","0","0","0"
"special c earth dragon","4","0","4","0","0"
"special c earth dragon b","4","4","0","0","0"
"special c jiangshi","5","0","5","0","0"
"special c jiangshi head","1","0","1","0","0"
"special c monkey king","6","0","6","0","0"
"Special C Pixiu","7","0","7","0","0"
"special c qilin","18","9","9","0","0"
"special c salamander","11","0","11","0","0"
"special c terracotta soldier","6","0","6","0","0"
"special c terracotta soldier head","1","1","0","0","0"
"special c vermillion bird","5","0","5","0","0"
"special c vermillion bird wing","5","0","5","0","0"
"special c vermillion bird wing alpha","5","5","0","0","0"
"Special E Anubite","7","3","4","0","0"
"Special E Apep map","10","5","5","0","0"
"Special E Avenger","56","38","8","10","0"
"Special E Leviathan map","48","32","13","3","0"
"Special E Minion map","43","22","21","0","0"
"Special E Mummy map","60","40","8","12","0"
"Special E Petesuchos","32","16","14","2","0"
"Special E Petesuchos Arrow","2","2","0","0","0"
"Special E Pharaoh","53","26","27","0","0"
"Special E Pharaoh Head","52","26","26","0","0"
"Special E Phoenix","12","8","4","0","0"
"Special E Phoenix Egg","6","3","3","0","0"
"Special E Priest","38","19","17","2","0"
"Special E Priest Head","16","16","0","0","0"
"Special E Priest Staff","37","37","0","0","0"
"Special E Roc","42","28","9","5","0"
"Special E Roc Basket","23","12","11","0","0"
"Special E Scarab map","27","14","12","1","0"
"Special E Scorpion Man","35","18","8","9","0"
"Special E Scorpion Man Head","18","18","0","0","0"
"Special E Sphinx","40","20","9","11","0"
"Special E Vulture map","12","8","4","0","0"
"Special E Wadjet","42","28","12","2","0"
"Special G Agamemnon","39","19","9","11","0"
"Special G Agamemnon Head","39","39","0","0","0"
"Special G Athena","16","8","8","0","0"
"Special G Athena Head","8","8","0","0","0"
"Special G Carcinos","32","16","14","2","0"
"Special G Centaur","20","10","9","1","0"
"Special G Centaur Head","1","1","0","0","0"
"Special G Centaur Head upgrade","1","1","0","0","0"
"Special G Centaur Low","20","10","0","10","0"
"Special G Chimera","32","16","7","9","0"
"Special G Chimera map","2","1","1","0","0"
"Special G Chimera Tail","15","8","6","1","0"
"Special G Colossus map","41","20","10","11","0"
"special g colossus sword","18","18","0","0","0"
"Special G Cyclops","40","20","9","11","0"
"Special G Cyclops map","5","2","3","0","0"
"Special G Giant Turtle","2","1","1","0","0"
"Special G Golem map","6","0","6","0","0"
"Special G Griffon map","13","7","6","0","0"
"Special G Harpy map","16","8","8","0","0"
"Special G Hippocampus","18","6","5","7","0"
"Special G Hydra Land","124","62","62","0","0"
"Special G Hydra Statue","1","1","0","0","0"
"Special G Manticore","28","14","12","2","0"
"Special G Manticore Barbs","1","1","0","0","0"
"Special G Manticore Statue","1","1","0","0","0"
"Special G Manticore Wing","14","14","0","0","0"
"Special G Manticore Wing statue","1","1","0","0","0"
"Special G Medusa","39","21","16","2","0"
"Special G Minotaur","51","26","11","14","0"
"Special G Nemean Lion","39","20","19","0","0"
"Special G Nemean Lion Statue","1","1","0","0","0"
"Special G Pegasus","27","27","0","0","0"
"Special G Pegasus Wings","52","27","25","0","0"
"Special G Polyphemus map","47","24","11","12","0"
"Special G Scylla","124","62","26","36","0"
"Special G Sea Turtle","32","16","15","1","0"
"Special G Shade","33","20","5","8","0"
"Special G Underworld Shade","34","34","0","0","0"
"Special N Battle Boar","56","28","27","1","0"
"Special N Einheriar","16","9","7","0","0"
"Special N Einheriar Axe Standard","2","2","0","0","0"
"Special N Einheriar Head","17","17","0","0","0"
"Special N Einheriar Horn","9","9","0","0","0"
"Special N Einheriar Low","27","18","0","9","0"
"Special N Fenris","40","20","18","2","0"
"Special N Fire Giant","34","17","8","9","0"
"Special N Fire Giant map","5","4","1","0","0"
"Special N Frost Giant","46","23","12","11","0"
"Special N Frost Giant Head","4","4","0","0","0"
"Special N Frost Giant Head Upgrade","2","2","0","0","0"
"Special N Giant","49","25","13","11","0"
"Special N Giant Head","24","24","0","0","0"
"Special N Giant map","12","12","0","0","0"
"Special N Jarl Cape map","23","11","12","0","0"
"Special N Jormund Brood","8","4","4","0","0"
"Special N King Folstag","14","14","0","0","0"
"Special N King Folstag Upgrade","30","15","15","0","0"
"Special N Raven","23","16","4","3","0"
"Special N Troll","41","21","10","10","0"
"Special N Troll Bag","18","0","18","0","0"
"Special N Trollkarien Map","1","1","0","0","0"
"Special N Valkyrie Hoarse map","1","1","0","0","0"
"Special N Valkyrie Horse map","10","10","0","0","0"
"Special N Valkyrie Horse map Statue","1","1","0","0","0"
"Special N Valkyrie Low","20","10","0","10","0"
"Special N Valkyrie map","22","11","10","1","0"
"Special N Valkyrie staute map","1","1","0","0","0"
"Special X Oracle","40","20","20","0","0"
"Special X Oracle Hero","47","23","24","0","0"
"Special X Spider body","3","3","0","0","0"
"special X Spider door","2","2","0","0","0"
"Stalagmite_A","3","3","0","0","0"
"Stalagmite_B","3","3","0","0","0"
"Statue X Gaia Map","4","2","2","0","0"
"Statue X Kronos Map","2","2","0","0","0"
"Statue X Oranos Map","4","2","2","0","0"
"Temp Santa Body","2","1","1","0","0"
"temp santa hat","2","2","0","0","0"
"Temp Santa Head","2","2","0","0","0"
"terrain e lily pads","2","2","0","0","0"
"terrain e lily pads b","2","2","0","0","0"
"terrain e lily pads c","2","2","0","0","0"
"terrain e papyrus","1","1","0","0","0"
"terrain e papyrus b","1","1","0","0","0"
"terrain e papyrus leaf","1","1","0","0","0"
"Terrain_E_WaterReeds_Mapa","1","1","0","0","0"
"Terrain_E_WaterReeds_Mapb","1","1","0","0","0"
"Test Flags","15","0","15","0","0"
"textflare","4","4","0","0","0"
"Theocrat Map","2","1","1","0","0"
"Theocrat Map(pixelxform1)","1","0","1","0","1"
"Titan E Ra Map","3","3","0","0","0"
"Titan E Ra Pads Map","2","0","2","0","0"
"Titan E Ra Skirt Map","4","2","2","0","0"
"Titan G Cerebus Map1","2","1","1","0","0"
"Titan G Cerebus Map2","2","1","1","0","0"
"Titan N Troll Hammer Map","1","1","0","0","0"
"Titan N Troll Map1","1","1","0","0","0"
"Titan N Troll Map2","2","1","1","0","0"
"Titan X Gaia","6","4","2","0","0"
"Titan X Golem Map1","2","1","1","0","0"
"Titan X Golem Map2","1","1","0","0","0"
"Titan X Kronos","1","0","1","0","0"
"Titan X Promethean 1","5","2","3","0","0"
"Titan X Promethean 2","3","3","0","0","0"
"tool_hammer","6","6","0","0","0"
"tool_saw","6","6","0","0","0"
"trade c caravan","8","0","8","0","0"
"trade c caravan cargo","4","0","4","0","0"
"Trade E Caravan Basket","44","22","22","0","0"
"Trade E Caravan Camel","43","22","21","0","0"
"Trade E Caravan Cargo","16","5","11","0","0"
"Trade G Caravan Cargo","20","10","10","0","0"
"Trade G Caravan Cart","1","1","0","0","0"
"Trade G Caravan Donkey","20","10","10","0","0"
"Trade N Caravan Cargo","20","10","8","2","0"
"Trade N Caravan Cart","1","1","0","0","0"
"Trade N Caravan Ox","52","26","22","4","0"
"Trade X Caravan","19","9","10","0","0"
"Trade X Caravan Cargo","10","5","5","0","0"
"UI Garrison Pips","4","0","0","4","0"
"UI Hitpoint Bars","3","0","0","3","0"
"ui_banners atlantean","7","7","0","0","0"
"ui_banners atlantean2","5","5","0","0","0"
"UI_Banners Egypt","26","26","0","0","0"
"UI_Banners Egypt2","19","19","0","0","0"
"UI_Banners Greek","13","13","0","0","0"
"UI_Banners Greek2","17","17","0","0","0"
"UI_Banners Norse","27","27","0","0","0"
"UI_Banners Norse2","18","18","0","0","0"
"ui_banners selected atlantean","8","8","0","0","0"
"ui_banners selected atlantean2","5","5","0","0","0"
"UI_Banners Selected Egypt","19","19","0","0","0"
"UI_Banners Selected Egypt2","14","14","0","0","0"
"UI_Banners Selected Greek","34","34","0","0","0"
"UI_Banners Selected Greek2","16","16","0","0","0"
"UI_Banners Selected Norse","19","19","0","0","0"
"UI_Banners Selected Norse2","16","16","0","0","0"
"villager c female","17","0","17","0","0"
"villager c male head","1","1","0","0","0"
"villager c male standard","17","0","17","0","0"
"Villager E Female","43","21","20","2","0"
"Villager E Female Head","22","22","0","0","0"
"Villager E Male Head","27","27","0","0","0"
"Villager E Male Standard","52","26","25","1","0"
"Villager E Villager map","1","1","0","0","0"
"Villager G Atlantean Male","41","21","20","0","0"
"Villager G Atlantean Male Head","21","21","0","0","0"
"Villager G Female","55","28","25","2","0"
"Villager G Female Head","28","28","0","0","0"
"Villager G Male Head","53","52","1","0","0"
"Villager G Male Standard","86","43","41","2","0"
"Villager G Villager map","5","5","0","0","0"
"Villager N Dwarf Head","23","23","0","0","0"
"Villager N Dwarf Standard","43","22","19","2","0"
"Villager N Female","40","21","17","2","0"
"Villager N Female Head","22","22","0","0","0"
"Villager N Male Head","22","22","0","0","0"
"Villager N Male Standard","44","22","21","1","0"
"Villager N Ox","20","10","0","10","0"
"Villager N Oxcart","20","10","10","0","0"
"Villager X Crate Empty","111","111","0","0","0"
"Villager X Crate Farm","8","8","0","0","0"
"Villager X Crate Gold","3","3","0","0","0"
"Villager X Crate Hunt","4","4","0","0","0"
"Villager X Crate Wood","8","8","0","0","0"
"Villager X Female","68","35","33","0","0"
"Villager X Male","67","33","34","0","0"
"Villager X Pony","202","135","67","0","0"
"wave crest","2","2","0","0","0"
"wave crest2","2","2","0","0","0"
"Waypoint","2","1","1","0","0"
"wood_brace","4","4","0","0","0"
"World A Atlantis","2","2","0","0","0"
"World A Atlantis Walls map","4","4","0","0","0"
"World A AtlantisB","2","2","0","0","0"
"World A AtlantisC","2","2","0","0","0"
"world a avalanche","2","2","0","0","0"
"World A Barrels Map","8","8","0","0","0"
"World A Berries","1","1","0","0","0"
"World A Bouy","2","0","2","0","0"
"world a breastplate map","11","11","0","0","0"
"World A Bridge Wood","9","9","0","0","0"
"World A Bush","4","4","0","0","0"
"World A Bush Short map","1","1","0","0","0"
"World A Campfire","4","4","0","0","0"
"World A DigSite","10","10","0","0","0"
"world a excavation sword","10","10","0","0","0"
"World A Farm Ground map","1","1","0","0","0"
"World A Farm Plants map","2","2","0","0","0"
"World A Fence Stone","4","4","0","0","0"
"World A Fence Wood","4","4","0","0","0"
"World A Firewood","8","8","0","0","0"
"World A Flowers","5","5","0","0","0"
"World A Fountain","3","3","0","0","0"
"World A Gold Bin","10","10","0","0","0"
"World A Gold map","11","11","0","0","0"
"World A Grass map","10","10","0","0","0"
"World A Iron Fence","1","1","0","0","0"
"World A Jade map","4","4","0","0","0"
"World A Papyrus","1","1","0","0","0"
"World A Props 1","16","16","0","0","0"
"World A Raft","2","2","0","0","0"
"World A Reeds map","13","13","0","0","0"
"World A Relic Arrows of the Alfar","1","1","0","0","0"
"World A Relic Eye of Horus","1","1","0","0","0"
"World A Relic Fetters of Fenrir","1","1","0","0","0"
"World A Relic Golden Bridle of Pegasus","1","1","0","0","0"
"World A Relic Head of Orpheus","1","1","0","0","0"
"World A Relic Kithara of Apollo","1","1","0","0","0"
"World A Relic Monkey","1","1","0","0","0"
"World A Relic Ring of the Nibelung","1","1","0","0","0"
"World A Relic Ship of Fingernails","1","1","0","0","0"
"World A Relic Standard","1","1","0","0","0"
"World A Relic The Wedjat Eye","1","1","0","0","0"
"World A RiverRocks map","5","5","0","0","0"
"World A Roasting Pig","2","2","0","0","0"
"World A Rocks map","66","66","0","0","0"
"world a rocks map2","18","18","0","0","0"
"World A Rocks Underworld","10","10","0","0","0"
"World A RottedLog","1","1","0","0","0"
"World A RottingLog","1","1","0","0","0"
"world a seaweed","1","1","0","0","0"
"World A Sign","3","3","0","0","0"
"World A Skeleton","4","4","0","0","0"
"World A Stalagmite","4","4","0","0","0"
"World A Stone Blocks","2","2","0","0","0"
"World A Tamarisk branch","2","2","0","0","0"
"World A Tamarisk Tree","5","5","0","0","0"
"World A Tamarisk Tree leaf","5","5","0","0","0"
"World A Tamarisk Tree Light Wood","4","4","0","0","0"
"World A Tanrack","4","4","0","0","0"
"World A Taproot Insides","2","2","0","0","0"
"World A Taproot Large","7","7","0","0","0"
"world a tsunami range indicator","1","1","0","0","0"
"World A Underworld Crator","1","1","0","0","0"
"World A Underworld Passage Color Transform","3","0","3","0","0"
"World A Underworld Passage Crator","3","3","0","0","0"
"World A Underworld Passage Rock","3","3","0","0","0"
"World A Underworld Rock","8","8","0","0","0"
"World A Waterfall blue water","1","1","0","0","0"
"World A Waterfall rocks limestone","1","1","0","0","0"
"World A Waterfall top water","1","1","0","0","0"
"World A Waterfall white water","1","1","0","0","0"
"World A Waypoint Flag","1","0","1","0","0"
"world c bamboo tree","13","13","0","0","0"
"world c dam","4","4","0","0","0"
"world c flag","1","0","1","0","0"
"world c jungle palm","12","12","0","0","0"
"world c jungle palm burnt","5","5","0","0","0"
"world c jungle tree","6","6","0","0","0"
"world c statue fuxi","1","0","1","0","0"
"world c statue fuxi head","1","0","1","0","0"
"world c statue nuwa","1","0","1","0","0"
"world c statue nuwa stand","3","0","3","0","0"
"world c statue shennong","1","0","1","0","0"
"world c statue shennong head","1","0","1","0","0"
"World E Column","6","6","0","0","0"
"World E Flag","6","3","3","0","0"
"World E Fountain","2","2","0","0","0"
"World E Garrison Flag","2","1","1","0","0"
"World E Milestone","2","2","0","0","0"
"World E Palm Burnt","4","4","0","0","0"
"World E Palm map","2","2","0","0","0"
"World E Palm mapB","38","38","0","0","0"
"World E Savannah burnt map","9","9","0","0","0"
"World E Savannah map","12","12","0","0","0"
"World E Statue Anubite","2","2","0","0","0"
"World E Statue Anubite Base","2","2","0","0","0"
"World E Statue Isis","17","10","7","0","0"
"World E Statue Isis Sprite","2","2","0","0","0"
"World E Statue Ra","6","3","3","0","0"
"World E Statue Ra Sprite","2","2","0","0","0"
"World E Statue Set","6","3","3","0","0"
"World E Statue Set Sprite","2","2","0","0","0"
"World E Tent","1","1","0","0","0"
"World G Aspen","60","60","0","0","0"
"world g aspen burnt map","14","14","0","0","0"
"World G Column","8","8","0","0","0"
"World G Flag","6","3","3","0","0"
"World G Fountain","1","1","0","0","0"
"World G Garrison Flag","2","1","1","0","0"
"World G Hades Temple","4","2","2","0","0"
"world G Helmet Map","12","12","0","0","0"
"World G Milestone","2","2","0","0","0"
"World G Oak Burnt","10","10","0","0","0"
"World G Oak Cinematic map","4","4","0","0","0"
"World G Oak map","1","1","0","0","0"
"World G Oak mapB","51","51","0","0","0"
"world G statue base","6","6","0","0","0"
"World G Statue Chimera","1","1","0","0","0"
"World G Statue Chimera Tail","1","1","0","0","0"
"World G Statue Colossus","1","1","0","0","0"
"World G Statue Colossus Base","4","4","0","0","0"
"World G Statue Cyclops","2","2","0","0","0"
"World G Statue Hades","6","3","3","0","0"
"World G Statue Hades Sprite","2","2","0","0","0"
"World G Statue Minotaur","1","1","0","0","0"
"World G Statue Minotaur Axe","2","2","0","0","0"
"World G Statue Poseidon","23","11","12","0","0"
"World G Statue Poseidon Base","10","9","1","0","0"
"World G Statue Poseidon Sprite","2","2","0","0","0"
"World G Statue Poseidon Trident","4","4","0","0","0"
"World G Statue Zeus","6","3","3","0","0"
"World G Statue Zeus Sprite","3","3","0","0","0"
"World G Tent","4","2","2","0","0"
"World G Torch","2","2","0","0","0"
"World G Zues UWPassage","1","1","0","0","0"
"World G ZuesStairs","2","2","0","0","0"
"World M Marsh Tree","16","16","0","0","0"
"World M Marsh Tree burnt map","4","4","0","0","0"
"World N Column","6","6","0","0","0"
"World N Flag","8","5","3","0","0"
"World N Fountain","2","2","0","0","0"
"World N Garrison Flag","2","1","1","0","0"
"World N Milestone","2","2","0","0","0"
"World N Pine Burnt","9","9","0","0","0"
"World N Pine map2","29","29","0","0","0"
"world n pine map2 Dead Tree","2","2","0","0","0"
"World N Pine map2Snow","28","28","0","0","0"
"World N Rocksnow map","1","1","0","0","0"
"World N Rocksymbols grass map","3","3","0","0","0"
"World N Rocksymbols map","1","1","0","0","0"
"World N Rocksymbols shadow map","2","2","0","0","0"
"World N Runestone map","3","3","0","0","0"
"World N Runestone shadow map","1","1","0","0","0"
"World N Statue Loki","6","3","3","0","0"
"World N Statue Loki Sprite","2","2","0","0","0"
"World N Statue Mountain Giant","1","1","0","0","0"
"World N Statue Mountain Giant Base","1","1","0","0","0"
"World N Statue Mountain Giant Club","1","1","0","0","0"
"World N Statue Mountain Giant Head","1","1","0","0","0"
"World N Statue Odin","12","6","6","0","0"
"World N Statue Odin Sprite","2","2","0","0","0"
"World N Statue Thor","6","3","3","0","0"
"World N Statue Thor Sprite","2","2","0","0","0"
"World N Tent","2","1","1","0","0"
"World N Torch","2","2","0","0","0"
"World N Well of Urd","2","2","0","0","0"
"World N Well of Urd runes map","2","2","0","0","0"
"World T Tundra Burnt Map","5","5","0","0","0"
"World T Tundra Tree","12","12","0","0","0"
"world X column","9","9","0","0","0"
"World X Earth 01","1","1","0","0","0"
"World X Earth 02","1","1","0","0","0"
"World X Earth 03","1","1","0","0","0"
"World X Earth 04","1","1","0","0","0"
"World X Hesperides Tree","1","1","0","0","0"
"World X Hesperides Tree leaf","1","1","0","0","0"
"World X Lava Pit","1","1","0","0","0"
"World X Stars Map","1","1","0","0","0"
"world X statue gaia sprite","2","2","0","0","0"
"world X statue Kronos sprite","2","2","0","0","0"
"world X statue Oranos sprite","2","2","0","0","0"
"World X Volcano","5","5","0","0","0"
"World X Volcano lava","1","1","0","0","0"
