"MaterialFile","Texture","SecondaryTexture","Bumpmap","Specmap","Glossmap","EmissiveMap","ColorTransform","Flags","PixelXForm"
"D:\AI_upscaling\AoMEE\reports\materials_xml\agamemn_aomsp07pivotwalk_0.mtrl.xml","Agamemnon Map","","","","","","0","",""
"D:\AI_upscaling\AoMEE\reports\materials_xml\agamemn_aomsp07pivotwalk_1.mtrl.xml","Agamemnon Map","","","","","","4","",""
"D:\AI_upscaling\AoMEE\reports\materials_xml\agamemn_aomsp07pivotwalk_2.mtrl.xml","Agamemnon Map","","","","","","0","",""
"D:\AI_upscaling\AoMEE\reports\materials_xml\agamemn_aomsp07pivotwalk_3.mtrl.xml","shadow unit circle 32x32","","","","","","0","",""
"D:\AI_upscaling\AoMEE\reports\materials_xml\ai marker_0.mtrl.xml","","","","","","","0","",""
"D:\AI_upscaling\AoMEE\reports\materials_xml\ai marker_1.mtrl.xml","","","","","","","0","",""
"D:\AI_upscaling\AoMEE\reports\materials_xml\animal alfred_attacka_0.mtrl.xml","alfred","","","","","","0","",""
"D:\AI_upscaling\AoMEE\reports\materials_xml\animal alfred_attacka_1.mtrl.xml","alfred_crown","","","","","","4","",""
"D:\AI_upscaling\AoMEE\reports\materials_xml\animal alfred_birtha_0.mtrl.xml","alfred","","","","","","0","",""
"D:\AI_upscaling\AoMEE\reports\materials_xml\animal alfred_birtha_1.mtrl.xml","alfred_crown","","","","","","4","",""
"D:\AI_upscaling\AoMEE\reports\materials_xml\animal alfred_boreda_0.mtrl.xml","alfred","","","","","","0","",""
"D:\AI_upscaling\AoMEE\reports\materials_xml\animal alfred_boreda_1.mtrl.xml","alfred_crown","","","","","","4","",""
"D:\AI_upscaling\AoMEE\reports\materials_xml\animal alfred_deatha_0.mtrl.xml","alfred","","","","","","0","",""
"D:\AI_upscaling\AoMEE\reports\materials_xml\animal alfred_deatha_1.mtrl.xml","alfred_crown","","","","","","4","",""
"D:\AI_upscaling\AoMEE\reports\materials_xml\animal alfred_flaila_0.mtrl.xml","alfred","","","","","","0","",""
"D:\AI_upscaling\AoMEE\reports\materials_xml\animal alfred_flaila_1.mtrl.xml","alfred_crown","","","","","","4","",""
"D:\AI_upscaling\AoMEE\reports\materials_xml\animal alfred_idlea_0.mtrl.xml","alfred","","","","","","0","",""
"D:\AI_upscaling\AoMEE\reports\materials_xml\animal alfred_idlea_1.mtrl.xml","alfred_crown","","","","","","4","",""
"D:\AI_upscaling\AoMEE\reports\materials_xml\animal alfred_walka_0.mtrl.xml","alfred","","","","","","0","",""
"D:\AI_upscaling\AoMEE\reports\materials_xml\animal alfred_walka_1.mtrl.xml","alfred_crown","","","","","","4","",""
"D:\AI_upscaling\AoMEE\reports\materials_xml\animal aurochs_attacka_0.mtrl.xml","Animal Aurochs Map","","","","","","0","",""
"D:\AI_upscaling\AoMEE\reports\materials_xml\animal aurochs_boreda_0.mtrl.xml","Animal Aurochs Map","","","","","","0","",""
"D:\AI_upscaling\AoMEE\reports\materials_xml\animal aurochs_boredb_0.mtrl.xml","Animal Aurochs Map","","","","","","0","",""
"D:\AI_upscaling\AoMEE\reports\materials_xml\animal aurochs_boredc_0.mtrl.xml","Animal Aurochs Map","","","","","","0","",""
"D:\AI_upscaling\AoMEE\reports\materials_xml\animal aurochs_deatha_0.mtrl.xml","Animal Aurochs Map","","","","","","0","",""
"D:\AI_upscaling\AoMEE\reports\materials_xml\animal aurochs_flaila_0.mtrl.xml","Animal Aurochs Map","","","","","","0","",""
"D:\AI_upscaling\AoMEE\reports\materials_xml\animal aurochs_idlea_0.mtrl.xml","Animal Aurochs Map","","","","","","0","",""
"D:\AI_upscaling\AoMEE\reports\materials_xml\animal aurochs_runa_0.mtrl.xml","Animal Aurochs Map","","","","","","0","",""
"D:\AI_upscaling\AoMEE\reports\materials_xml\animal aurochs_walka_0.mtrl.xml","Animal Aurochs Map","","","","","","0","",""
"D:\AI_upscaling\AoMEE\reports\materials_xml\animal baboon_attacka_0.mtrl.xml","Animal Baboon map","","","","","","0","",""
"D:\AI_upscaling\AoMEE\reports\materials_xml\animal baboon_boreda_0.mtrl.xml","Animal Baboon map","","","","","","0","",""
"D:\AI_upscaling\AoMEE\reports\materials_xml\animal baboon_deatha_0.mtrl.xml","Animal Baboon map","","","","","","0","",""
"D:\AI_upscaling\AoMEE\reports\materials_xml\animal baboon_flaila_0.mtrl.xml","Animal Baboon map","","","","","","0","",""
"D:\AI_upscaling\AoMEE\reports\materials_xml\animal baboon_idlea_0.mtrl.xml","Animal Baboon map","","","","","","0","",""
"D:\AI_upscaling\AoMEE\reports\materials_xml\animal baboon_walka_0.mtrl.xml","Animal Baboon map","","","","","","0","",""
"D:\AI_upscaling\AoMEE\reports\materials_xml\animal bearlaser_attacka_0.mtrl.xml","Animal Bearlaser map","","","","","","0","",""
"D:\AI_upscaling\AoMEE\reports\materials_xml\animal bearlaser_attacka_1.mtrl.xml","Animal Bearlaser map","","","","","","0","",""
"D:\AI_upscaling\AoMEE\reports\materials_xml\animal bearlaser_attacka_2.mtrl.xml","Animal Bearlaser beam map","","","","","","0","",""
"D:\AI_upscaling\AoMEE\reports\materials_xml\animal bearlaser_attacka_3.mtrl.xml","Animal Bearlaser cape map","","","","","","0","",""
"D:\AI_upscaling\AoMEE\reports\materials_xml\animal bearlaser_attacka_4.mtrl.xml","Animal Monkey map","","","","","","0","",""
"D:\AI_upscaling\AoMEE\reports\materials_xml\animal bearlaser_attacka_5.mtrl.xml","Animal Monkey map","","","","","","0","",""
"D:\AI_upscaling\AoMEE\reports\materials_xml\animal bearlaser_attacka_6.mtrl.xml","Animal Monkey map","","","","","","0","",""
"D:\AI_upscaling\AoMEE\reports\materials_xml\animal bearlaser_attacka_7.mtrl.xml","Animal Monkey map","","","","","","0","",""
"D:\AI_upscaling\AoMEE\reports\materials_xml\animal bearlaser_attackb_0.mtrl.xml","Animal Monkey map","","","","","","0","",""
"D:\AI_upscaling\AoMEE\reports\materials_xml\animal bearlaser_attackb_1.mtrl.xml","Animal Bearlaser map","","","","","","0","",""
"D:\AI_upscaling\AoMEE\reports\materials_xml\animal bearlaser_attackb_2.mtrl.xml","Animal Bearlaser map","","","","","","0","",""
"D:\AI_upscaling\AoMEE\reports\materials_xml\animal bearlaser_attackb_3.mtrl.xml","Animal Bearlaser beam map","","","","","","0","",""
"D:\AI_upscaling\AoMEE\reports\materials_xml\animal bearlaser_attackb_4.mtrl.xml","Animal Bearlaser cape map","","","","","","0","",""
"D:\AI_upscaling\AoMEE\reports\materials_xml\animal bearlaser_attackb_5.mtrl.xml","Animal Monkey map","","","","","","0","",""
"D:\AI_upscaling\AoMEE\reports\materials_xml\animal bearlaser_boreda_0.mtrl.xml","Animal Bearlaser map","","","","","","0","",""
"D:\AI_upscaling\AoMEE\reports\materials_xml\animal bearlaser_boreda_1.mtrl.xml","Animal Bearlaser map","","","","","","0","",""
"D:\AI_upscaling\AoMEE\reports\materials_xml\animal bearlaser_boreda_2.mtrl.xml","Animal Bearlaser beam map","","","","","","0","",""
"D:\AI_upscaling\AoMEE\reports\materials_xml\animal bearlaser_boreda_3.mtrl.xml","Animal Bearlaser cape map","","","","","","0","",""
"D:\AI_upscaling\AoMEE\reports\materials_xml\animal bearlaser_boreda_4.mtrl.xml","Animal Monkey map","","","","","","0","",""
"D:\AI_upscaling\AoMEE\reports\materials_xml\animal bearlaser_boreda_5.mtrl.xml","Animal Monkey map","","","","","","0","",""
"D:\AI_upscaling\AoMEE\reports\materials_xml\animal bearlaser_deatha_0.mtrl.xml","Animal Monkey map","","","","","","0","",""
"D:\AI_upscaling\AoMEE\reports\materials_xml\animal bearlaser_deatha_1.mtrl.xml","Animal Monkey map","","","","","","0","",""
"D:\AI_upscaling\AoMEE\reports\materials_xml\animal bearlaser_deatha_2.mtrl.xml","Animal Bear map","","","","","","0","",""
"D:\AI_upscaling\AoMEE\reports\materials_xml\animal bearlaser_idlea_0.mtrl.xml","Animal Bearlaser map","","","","","","0","",""
"D:\AI_upscaling\AoMEE\reports\materials_xml\animal bearlaser_idlea_1.mtrl.xml","Animal Bearlaser map","","","","","","0","",""
"D:\AI_upscaling\AoMEE\reports\materials_xml\animal bearlaser_idlea_2.mtrl.xml","Animal Bearlaser beam map","","","","","","0","",""
"D:\AI_upscaling\AoMEE\reports\materials_xml\animal bearlaser_idlea_3.mtrl.xml","Animal Bearlaser cape map","","","","","","0","",""
"D:\AI_upscaling\AoMEE\reports\materials_xml\animal bearlaser_idlea_4.mtrl.xml","Animal Monkey map","","","","","","0","",""
"D:\AI_upscaling\AoMEE\reports\materials_xml\animal bearlaser_idlea_5.mtrl.xml","Animal Monkey map","","","","","","0","",""
"D:\AI_upscaling\AoMEE\reports\materials_xml\animal bearlaser_walka_0.mtrl.xml","Animal Monkey map","","","","","","0","",""
"D:\AI_upscaling\AoMEE\reports\materials_xml\animal bearlaser_walka_1.mtrl.xml","Animal Monkey map","","","","","","0","",""
"D:\AI_upscaling\AoMEE\reports\materials_xml\animal bearlaser_walka_2.mtrl.xml","Animal Bearlaser map","","","","","","0","",""
"D:\AI_upscaling\AoMEE\reports\materials_xml\animal bearlaser_walka_3.mtrl.xml","Animal Bearlaser map","","","","","","0","",""
"D:\AI_upscaling\AoMEE\reports\materials_xml\animal bearlaser_walka_4.mtrl.xml","Animal Bearlaser beam map","","","","","","0","",""
"D:\AI_upscaling\AoMEE\reports\materials_xml\animal bearlaser_walka_5.mtrl.xml","Animal Bearlaser cape map","","","","","","0","",""
"D:\AI_upscaling\AoMEE\reports\materials_xml\animal bear_attacka_0.mtrl.xml","Animal Bear map","","","","","","0","",""
"D:\AI_upscaling\AoMEE\reports\materials_xml\animal bear_attacka_1.mtrl.xml","Animal Bear map","","","","","","0","",""
"D:\AI_upscaling\AoMEE\reports\materials_xml\animal bear_boreda_0.mtrl.xml","Animal Bear map","","","","","","0","",""
"D:\AI_upscaling\AoMEE\reports\materials_xml\animal bear_boreda_1.mtrl.xml","Animal Bear map","","","","","","0","",""
"D:\AI_upscaling\AoMEE\reports\materials_xml\animal bear_boredb_0.mtrl.xml","Animal Bear map","","","","","","0","",""
"D:\AI_upscaling\AoMEE\reports\materials_xml\animal bear_boredb_1.mtrl.xml","Animal Bear map","","","","","","0","",""
