"RelativeTGA","OriginalDDT","DDTMagic","DDTSizeBytes","DDTWidth","DDTHeight","TGAWidth","TGAHeight","TGAType","TGABitsPerPixel","TGAAlphaBits","TGASizeBytes","PixelCount","PixelStreamValid","PixelReason","BTIExists","BTISizeBytes","DimensionsMatch","Status"
"textures\animal dog a map.tga","textures\animal dog a map.DDT","RTS3","5512","64","64","64","64","10","32","8","12898","4096","True","Valid pixel stream","True","30","True","OK"
"textures\animal dog b map.tga","textures\animal dog b map.DDT","RTS3","5512","64","64","64","64","10","32","8","12818","4096","True","Valid pixel stream","True","30","True","OK"
"textures\animal elephant indian.tga","textures\animal elephant indian.DDT","RTS3","11016","128","128","128","128","10","32","8","50763","16384","True","Valid pixel stream","True","18","True","OK"
"textures\animal parrot map.tga","textures\animal parrot map.DDT","RTS3","3502","64","64","64","64","10","32","8","11053","4096","True","Valid pixel stream","True","18","True","OK"
"textures\archer c crossbow.tga","textures\archer c crossbow.DDT","RTS3","5512","64","64","64","64","10","32","8","11603","4096","True","Valid pixel stream","True","30","True","OK"
"textures\icons\boat c fire ship chinese icon.tga","textures\icons\boat c fire ship chinese icon.DDT","RTS3","12192","64","64","64","64","10","32","8","19648","4096","True","Valid pixel stream","True","34","True","OK"
"textures\icons\boat c fishing boat icon.tga","textures\icons\boat c fishing boat icon.DDT","RTS3","12320","64","64","64","64","10","32","8","19843","4096","True","Valid pixel stream","True","34","True","OK"
"textures\icons\boat c junk icon.tga","textures\icons\boat c junk icon.DDT","RTS3","12655","64","64","64","64","10","32","8","19833","4096","True","Valid pixel stream","True","34","True","OK"
"textures\icons\boat c siege ship chinese icon.tga","textures\icons\boat c siege ship chinese icon.DDT","RTS3","12688","64","64","64","64","10","32","8","19933","4096","True","Valid pixel stream","True","34","True","OK"
"textures\icons\boat c transport icon.tga","textures\icons\boat c transport icon.DDT","RTS3","12607","64","64","64","64","10","32","8","19978","4096","True","Valid pixel stream","True","34","True","OK"
"textures\icons\god power barrage icon.tga","textures\icons\god power barrage icon.DDT","RTS3","5860","64","64","64","64","10","32","8","12873","4096","True","Valid pixel stream","True","34","True","OK"
"textures\icons\god power earth dragon icon.tga","textures\icons\god power earth dragon icon.DDT","RTS3","6524","64","64","64","64","10","32","8","10798","4096","True","Valid pixel stream","True","34","True","OK"
"textures\icons\god power flood icon.tga","textures\icons\god power flood icon.DDT","RTS3","11200","64","64","64","64","10","32","8","17088","4096","True","Valid pixel stream","True","34","True","OK"
"textures\icons\god power geyser icon.tga","textures\icons\god power geyser icon.DDT","RTS3","6827","64","64","64","64","10","32","8","12308","4096","True","Valid pixel stream","True","34","True","OK"
"textures\icons\god power journey icon.tga","textures\icons\god power journey icon.DDT","RTS3","30550","128","128","128","128","10","32","8","55333","16384","True","Valid pixel stream","True","34","True","OK"
"textures\icons\god power recreation icon.tga","textures\icons\god power recreation icon.DDT","RTS3","4956","64","64","64","64","10","32","8","7418","4096","True","Valid pixel stream","True","34","True","OK"
"textures\icons\siege c fire lance icon.tga","textures\icons\siege c fire lance icon.DDT","RTS3","5588","64","64","64","64","10","32","8","8488","4096","True","Valid pixel stream","True","34","True","OK"
"textures\icons\special c azure dragon icon.tga","textures\icons\special c azure dragon icon.DDT","RTS3","5178","64","64","64","64","10","32","8","7883","4096","True","Valid pixel stream","True","34","True","OK"
"textures\icons\special c black tortoise icon.tga","textures\icons\special c black tortoise icon.DDT","RTS3","2072","64","64","64","64","10","32","8","3778","4096","True","Valid pixel stream","True","24","True","OK"
"textures\icons\special c earth dragon icon.tga","textures\icons\special c earth dragon icon.DDT","RTS3","6524","64","64","64","64","10","32","8","10798","4096","True","Valid pixel stream","True","34","True","OK"
"textures\icons\special c jiangshi icon.tga","textures\icons\special c jiangshi icon.DDT","RTS3","6536","64","64","64","64","10","32","8","10258","4096","True","Valid pixel stream","True","34","True","OK"
"textures\icons\special c monkey king icon.tga","textures\icons\special c monkey king icon.DDT","RTS3","8100","64","64","64","64","10","32","8","13503","4096","True","Valid pixel stream","True","34","True","OK"
"textures\icons\special c pixiu icon.tga","textures\icons\special c pixiu icon.DDT","RTS3","8639","64","64","64","64","10","32","8","13323","4096","True","Valid pixel stream","True","34","True","OK"
"textures\icons\special c qilin icon.tga","textures\icons\special c qilin icon.DDT","RTS3","6982","64","64","64","64","10","32","8","10723","4096","True","Valid pixel stream","True","34","True","OK"
"textures\icons\special c terracotta soldier icon.tga","textures\icons\special c terracotta soldier icon.DDT","RTS3","6866","64","64","64","64","10","32","8","11573","4096","True","Valid pixel stream","True","34","True","OK"
"textures\icons\special c vermilion bird icon.tga","textures\icons\special c vermilion bird icon.DDT","RTS3","5811","64","64","64","64","10","32","8","8783","4096","True","Valid pixel stream","True","34","True","OK"
"textures\icons\special c war salamander icon.tga","textures\icons\special c war salamander icon.DDT","RTS3","11975","64","64","64","64","10","32","8","20398","4096","True","Valid pixel stream","True","34","True","OK"
"textures\icons\special c white tiger icon.tga","textures\icons\special c white tiger icon.DDT","RTS3","7333","64","64","64","64","10","32","8","12933","4096","True","Valid pixel stream","True","34","True","OK"
"textures\icons\trade c caravan icon.tga","textures\icons\trade c caravan icon.DDT","RTS3","8259","64","64","64","64","10","32","8","13618","4096","True","Valid pixel stream","True","34","True","OK"
"textures\special c qilin.tga","textures\special c qilin.DDT","RTS3","43704","256","128","256","128","10","32","8","75363","32768","True","Valid pixel stream","True","18","True","OK"
"textures\special g griffon map.tga","textures\special g griffon map.DDT","RTS3","21952","128","128","128","128","2","32","8","65554","16384","True","Valid uncompressed TGA","True","27","True","OK_PROVISIONAL_GRIFFON"
"textures\world c jungle palm burnt.tga","textures\world c jungle palm burnt.DDT","RTS3","81952","256","256","256","256","10","32","8","225308","65536","True","Valid pixel stream","True","18","True","OK"
"textures\world c jungle palm.tga","textures\world c jungle palm.DDT","RTS3","81952","256","256","256","256","10","32","8","93223","65536","True","Valid pixel stream","True","18","True","OK"
"textures\world c jungle tree burnt.tga","textures\world c jungle tree burnt.DDT","RTS3","81952","256","256","256","256","10","32","8","243018","65536","True","Valid pixel stream","True","18","True","OK"
"textures\world c jungle tree.tga","textures\world c jungle tree.DDT","RTS3","81952","256","256","256","256","10","32","8","253993","65536","True","Valid pixel stream","True","18","True","OK"
