"Filename","Category","Width","Height","BTI_AlphaBits","BTI_Format","TGA_AlphaType","TGA_AlphaValues","OpaqueCoveragePct","CoverageGroup"
"animal chicken.tga","","32","32","0","BC3","Binary","1","100","75-100%"
"animal fish anchovy.tga","","32","16","0","BC3","Binary","1","100","75-100%"
"animal fish herring.tga","","32","16","0","BC3","Binary","1","100","75-100%"
"animal fish mahi.tga","","32","16","0","BC3","Binary","1","100","75-100%"
"animal fish perch.tga","","32","16","0","BC3","Binary","1","100","75-100%"
"animal fish salmon.tga","","32","16","0","BC3","Binary","1","100","75-100%"
"animal rooster.tga","","32","32","0","BC3","Binary","1","100","75-100%"
"attachments a club.tga","","32","16","0","BC3","Binary","1","100","75-100%"
"attachments a skeleton.tga","","64","64","0","BC3","Binary","1","100","75-100%"
"attachments a sling.tga","","64","32","0","BC3","Binary","1","100","75-100%"
"attachments g polyphemus club.tga","","32","32","0","BC3","Binary","1","100","75-100%"
"background chinese opaque.tga","","32","32","0","DeflatedRGBA8","Binary","1","100","75-100%"
"background egypt opaque.tga","","32","32","0","DeflatedRGBA8","Binary","1","100","75-100%"
"background fade blue.tga","","256","16","0","DeflatedRGBA8","Binary","1","100","75-100%"
"background fade green.tga","","256","16","0","DeflatedRGBA8","Binary","1","100","75-100%"
"background fade red.tga","","256","16","0","DeflatedRGBA8","Binary","1","100","75-100%"
"background fade yellow.tga","","256","16","0","DeflatedRGBA8","Binary","1","100","75-100%"
"background greek opaque.tga","","32","32","0","DeflatedRGBA8","Binary","1","100","75-100%"
"background norse opaque.tga","","32","32","0","DeflatedRGBA8","Binary","1","100","75-100%"
"building g temple statues map.tga","","256","256","0","BC3","Binary","1","100","75-100%"
"building g wonder destructed.tga","","256","256","0","BC3","Binary","1","100","75-100%"
"building x sky temple roof.tga","","128","128","0","BC3","Binary","1","100","75-100%"
"projectile a siege rock map.tga","","64","64","0","BC3","Binary","1","100","75-100%"
"scenario a dwarven forge belt.tga","","64","16","0","BC3","Binary","1","100","75-100%"
"scenario a dwarven forge shared a.tga","","256","256","0","BC3","Binary","1","100","75-100%"
"scenario a dwarven forge shared b.tga","","256","256","0","BC3","Binary","1","100","75-100%"
"sfx a ip glow.tga","","128","64","0","BC3","Binary","1","100","75-100%"
"sfx a lighthouse glow.tga","","32","16","0","BC3","Binary","1","100","75-100%"
"sfx a rain sunlight.tga","","32","64","0","BC3","Binary","1","100","75-100%"
"sfx a rainbow.tga","","128","64","0","BC3","Binary","1","100","75-100%"
"sfx b lighthouse glow.tga","","64","64","0","BC3","Binary","1","100","75-100%"
"sfx c ip glow.tga","","128","64","0","BC3","Binary","1","100","75-100%"
"sfx g lightning skyflash.tga","","128","128","0","BC3","Binary","1","100","75-100%"
"sfx n frost ice block unit.tga","","128","128","0","BC3","Binary","1","100","75-100%"
"siege g petrobolos projectile.tga","","32","32","0","BC3","Binary","1","100","75-100%"
"special e phoenix.tga","","64","64","0","BC3","Binary","1","100","75-100%"
"special n frost giant head upgrade.tga","","64","64","0","BC3","Binary","1","100","75-100%"
"special n frost giant head.tga","","64","64","0","BC3","Binary","1","100","75-100%"
"ui background blue opaque.tga","","32","32","0","DeflatedRGBA8","Binary","1","100","75-100%"
"ui background dark blue opaque.tga","","32","32","0","DeflatedRGBA8","Binary","1","100","75-100%"
"ui background yellow opaque.tga","","8","8","0","DeflatedRGBA8","Binary","1","100","75-100%"
"ui progress bar flair.tga","","32","128","0","DeflatedRGBA8","Binary","1","100","75-100%"
"ui text chat box grey.tga","","32","32","0","DeflatedRGBA8","Binary","1","100","75-100%"
"ui text chat box.tga","","32","32","0","DeflatedRGBA8","Binary","1","100","75-100%"
"ui text chat box.tga","","32","32","0","DeflatedRGBA8","Binary","1","100","75-100%"
"villager e female head.tga","","32","32","0","BC3","Binary","1","100","75-100%"
"villager g female head.tga","","32","32","0","BC3","Binary","1","100","75-100%"
"villager n female head.tga","","32","32","0","BC3","Binary","1","100","75-100%"
"ui line yellow vertical.tga","","8","256","0","DeflatedRGBA8","MultiValue","221","0.391","0-10%"
"ui line yellow.tga","","256","8","0","DeflatedRGBA8","MultiValue","227","0.391","0-10%"
"animal flying purple hippo.tga","","256","128","1","BC3","Binary","1","0","0-10%"
"animal prmonkey.tga","","128","128","1","BC3","Binary","1","0","0-10%"
"building e age3a accessories.tga","","256","256","1","BC3","Binary","1","0","0-10%"
"building e age4 accessories.tga","","256","256","1","BC3","Binary","1","0","0-10%"
"building e age4roof.tga","","256","256","1","BC3","Binary","1","0","0-10%"
"building e monument2.tga","","128","128","1","BC3","Binary","1","0","0-10%"
"building e monument4.tga","","256","256","1","BC3","Binary","1","0","0-10%"
"building e ra wonder01.tga","","256","256","1","BC3","Binary","1","0","0-10%"
"building e set wonder01.tga","","256","256","1","BC3","Binary","1","0","0-10%"
"building e set wonder03.tga","","256","256","1","BC3","Binary","1","0","0-10%"
"building e titan gate rocks.tga","","128","128","1","BC3","Binary","1","0","0-10%"
"building g fortresswall2.tga","","256","256","1","BC3","Binary","1","0","0-10%"
"building g titan gate rocks.tga","","128","128","1","BC3","Binary","1","0","0-10%"
"building n thorarmory1.tga","","256","256","1","BC3","Binary","1","0","0-10%"
"building n titan gate rocks.tga","","128","128","1","BC3","Binary","1","0","0-10%"
"cavalry g hetairoi head iron.tga","","32","32","1","BC3","Binary","1","0","0-10%"
"hero g athena head low map.tga","","32","32","1","BC3","Binary","1","0","0-10%"
"infantry e spearman shield map.tga","","32","32","1","BC3","Binary","1","0","0-10%"
"lp g militia.tga","","64","32","1","BC3","Binary","1","0","0-10%"
"scenario a gate ram.tga","","256","256","1","BC3","Binary","1","0","0-10%"
"scenario e great box cart.tga","","128","128","1","BC3","Binary","1","0","0-10%"
"scenario g arkantos god map.tga","","128","128","1","BC3","Binary","1","0","0-10%"
"scenario n dwarven mine inside.tga","","256","128","1","BC3","Binary","1","0","0-10%"
"scenario n dwarven mine opening.tga","","256","256","1","BC3","Binary","1","0","0-10%"
"scenario n dwarven mine outside.tga","","256","128","1","BC3","Binary","1","0","0-10%"
"scenario n thors hammer.tga","","128","128","1","BC3","Binary","1","0","0-10%"
"sfx g lightning bolt.tga","","64","32","1","BC3","Binary","1","0","0-10%"
"sfx n dwarven mine.tga","","256","256","1","BC3","Binary","1","0","0-10%"
"siege e catapult projectile.tga","","32","32","1","BC3","Binary","1","0","0-10%"
"special e roc.tga","","128","128","1","BC3","Binary","1","0","0-10%"
"special e scorpion man head.tga","","32","32","1","BC3","Binary","1","0","0-10%"
"special n king folstag.tga","","64","64","1","BC3","Binary","1","0","0-10%"
"special n valkyrie low.tga","","128","64","1","BC3","Binary","1","0","0-10%"
"statue x kronos map.tga","","128","128","1","BC3","Binary","1","0","0-10%"
"titan x golem map2.tga","","256","256","1","BC3","Binary","1","0","0-10%"
"trade e caravan cargo.tga","","64","64","1","BC3","Binary","1","0","0-10%"
"world a gold map.tga","","256","256","1","BC3","Binary","1","0","0-10%"
"world a relic armor of achilles.tga","","128","64","1","BC3","Binary","1","0","0-10%"
"world a relic eye of horus.tga","","128","64","1","BC3","Binary","1","0","0-10%"
"world a relic fetters of fenrir.tga","","128","64","1","BC3","Binary","1","0","0-10%"
"world a relic golden bridle of pegasus.tga","","128","64","1","BC3","Binary","1","0","0-10%"
"world a relic head of orpheus.tga","","128","64","1","BC3","Binary","1","0","0-10%"
"world a relic ring of the nibelung.tga","","128","64","1","BC3","Binary","1","0","0-10%"
"world a relic ship of fingernails.tga","","128","64","1","BC3","Binary","1","0","0-10%"
"world a relic the wedjat eye.tga","","128","64","1","BC3","Binary","1","0","0-10%"
"world g statue poseidon base.tga","","64","32","1","BC3","Binary","1","0","0-10%"
"world g zues uwpassage.tga","","256","256","1","BC3","Binary","1","0","0-10%"
"world g zuesstairs.tga","","128","128","1","BC3","Binary","1","0","0-10%"
"building e outpost.tga","","256","256","1","BC3","Binary","2","0.262","0-10%"
"building g shrine.tga","","256","256","1","BC3","Binary","2","0.317","0-10%"
"hero g heracles head.tga","","64","32","1","BC3","Binary","2","0.391","0-10%"
"oranos wonder map.tga","","256","256","1","BC3","Binary","2","0.397","0-10%"
"building g roofage1.tga","","256","256","1","BC3","Binary","2","0.412","0-10%"
"building x titangate.tga","","256","256","1","BC3","Binary","2","0.415","0-10%"
"building x palace age2.tga","","256","256","1","BC3","Binary","2","0.586","0-10%"
"building n thorarmory.tga","","256","256","1","BC3","Binary","2","0.861","0-10%"
"building g fortress.tga","","256","256","1","BC3","Binary","2","0.989","0-10%"
"building x wall iron.tga","","256","256","1","BC3","Binary","2","1.32","0-10%"
"building x roof age0.tga","","256","256","1","BC3","Binary","2","1.324","0-10%"
"building x wall stone.tga","","256","256","1","BC3","Binary","2","1.337","0-10%"
"building n templeage1.tga","","256","256","1","BC3","Binary","2","1.341","0-10%"
"building n templeage2.tga","","256","256","1","BC3","Binary","2","1.341","0-10%"
"building n templeage3.tga","","256","256","1","BC3","Binary","2","1.341","0-10%"
"platform map.tga","","128","32","1","BC3","Binary","2","1.367","0-10%"
"building n shared06 2 map.tga","","256","256","1","BC3","Binary","2","1.37","0-10%"
"building g age0.tga","","256","256","1","BC3","Binary","2","1.408","0-10%"
"building x tower watch4.tga","","256","256","1","BC3","Binary","2","1.41","0-10%"
"building g settlementage1.tga","","256","256","1","BC3","Binary","2","1.424","0-10%"
"building g settlementage3.tga","","256","256","1","BC3","Binary","2","1.424","0-10%"
"building x wall bronze.tga","","256","256","1","BC3","Binary","2","1.428","0-10%"
"building n settlementage1.tga","","256","256","1","BC3","Binary","2","1.434","0-10%"
"building n settlementage2.tga","","256","256","1","BC3","Binary","2","1.45","0-10%"
"infantry x trident soldier head hero.tga","","64","16","1","BC3","Binary","2","1.465","0-10%"
"building g templeage2.tga","","256","256","1","BC3","Binary","2","1.479","0-10%"
"building g templeage1.tga","","256","256","1","BC3","Binary","2","1.515","0-10%"
"building x tower watch2.tga","","256","256","1","BC3","Binary","2","1.517","0-10%"
"building x tower watch3.tga","","256","256","1","BC3","Binary","2","1.517","0-10%"
"building e age2 accessories burnt.tga","","256","256","1","BC3","Binary","2","1.526","0-10%"
"building_e_monumentbase_map.tga","","256","256","1","BC3","Binary","2","1.562","0-10%"
"building e lighthouse.tga","","256","256","1","BC3","Binary","2","1.595","0-10%"
"building g wonder.tga","","256","256","1","BC3","Binary","2","1.598","0-10%"
"building e age3 accessories.tga","","256","256","1","BC3","Binary","2","1.614","0-10%"
"building e shared02 2 map.tga","","256","256","1","BC3","Binary","2","1.614","0-10%"
"building n settlementage3.tga","","256","256","1","BC3","Binary","2","1.642","0-10%"
"building g settlementage2.tga","","256","256","1","BC3","Binary","2","1.645","0-10%"
"world g hades temple.tga","","256","256","1","BC3","Binary","2","1.672","0-10%"
"building x palace age3.tga","","256","256","1","BC3","Binary","2","1.678","0-10%"
"building n shared01 1 map.tga","","256","256","1","BC3","Binary","2","1.698","0-10%"
"building g towers.tga","","256","256","1","BC3","Binary","2","1.712","0-10%"
"world e statue isis.tga","","128","128","1","BC3","Binary","2","1.752","0-10%"
"villager n oxcart.tga","","128","128","1","BC3","Binary","2","1.794","0-10%"
"building g fortifiedwall.tga","","256","256","1","BC3","Binary","2","1.804","0-10%"
"animal goatnubian map.tga","","64","64","1","BC3","Binary","2","1.807","0-10%"
"building e wall4.tga","","256","256","1","BC3","Binary","2","1.892","0-10%"
"world g statue hades.tga","","128","128","1","BC3","Binary","2","1.941","0-10%"
"oranos wonder map1.tga","","256","256","1","BC3","Binary","2","1.953","0-10%"
"building g temple.tga","","256","256","1","BC3","Binary","2","1.996","0-10%"
"building n shared01 3 map.tga","","256","256","1","BC3","Binary","2","1.996","0-10%"
"cavalry g hippikon horse copper.tga","","128","128","1","BC3","Binary","2","10.004","10-25%"
"cavalry g prodromos horse copper.tga","","128","128","1","BC3","Binary","2","10.004","10-25%"
"archer g toxotes head bronze.tga","","32","32","1","BC3","Binary","2","10.059","10-25%"
"archer g toxotes head copper.tga","","32","32","1","BC3","Binary","2","10.059","10-25%"
"archer g toxotes head iron.tga","","32","32","1","BC3","Binary","2","10.059","10-25%"
"archer g toxotes head standard.tga","","32","32","1","BC3","Binary","2","10.059","10-25%"
"infantry g hypaspist head bronze.tga","","32","32","1","BC3","Binary","2","10.059","10-25%"
"infantry g hypaspist head copper.tga","","32","32","1","BC3","Binary","2","10.059","10-25%"
"infantry g hypaspist head iron.tga","","32","32","1","BC3","Binary","2","10.059","10-25%"
"infantry g hypaspist head standard.tga","","32","32","1","BC3","Binary","2","10.059","10-25%"
"special g centaur head upgrade.tga","","32","32","1","BC3","Binary","2","10.059","10-25%"
"cine x mp melagius head.tga","","16","16","1","BC3","Binary","2","10.156","10-25%"
"sfx g sentinel.tga","","128","128","1","BC3","Binary","2","10.535","10-25%"
"archer n throwing axeman low bronze.tga","","32","32","1","BC3","Binary","2","10.547","10-25%"
"archer n throwing axeman low copper.tga","","32","32","1","BC3","Binary","2","10.547","10-25%"
"archer n throwing axeman low iron.tga","","32","32","1","BC3","Binary","2","10.547","10-25%"
"archer n throwing axeman low standard.tga","","32","32","1","BC3","Binary","2","10.547","10-25%"
"cavalry g cataphract head iron.tga","","32","32","1","BC3","Binary","2","10.645","10-25%"
"special n jormund brood hump.tga","","64","128","1","BC3","Binary","2","10.938","10-25%"
"animal caribou map.tga","","64","64","1","BC3","Binary","1","100","75-100%"
"attachments a axe map.tga","","32","32","1","BC3","Binary","1","100","75-100%"
"attachments a shovel.tga","","64","8","1","BC3","Binary","1","100","75-100%"
"attachments n shield cinepirateship map.tga","","64","64","1","BC3","Binary","1","100","75-100%"
"building e isis wonder03.tga","","256","256","1","BC3","Binary","1","100","75-100%"
"building e monument1.tga","","128","128","1","BC3","Binary","1","100","75-100%"
"building e monument3.tga","","128","128","1","BC3","Binary","1","100","75-100%"
"cine a kemsyt head bag.tga","","128","128","1","BC3","Binary","1","100","75-100%"
"cine spear map.tga","","128","256","1","BC3","Binary","1","100","75-100%"
"cine x trident soldier helmet.tga","","128","128","1","BC3","Binary","1","100","75-100%"
"hero g achilles.tga","","64","64","1","BC3","Binary","1","100","75-100%"
"hero g ajax.tga","","64","64","1","BC3","Binary","1","100","75-100%"
"hero g atalanta.tga","","32","32","1","BC3","Binary","1","100","75-100%"
"hero g chiron.tga","","64","64","1","BC3","Binary","1","100","75-100%"
"hero g heracles.tga","","64","64","1","BC3","Binary","1","100","75-100%"
"hero g hippolyta.tga","","64","64","1","BC3","Binary","1","100","75-100%"
"hero g theseus.tga","","64","64","1","BC3","Binary","1","100","75-100%"
"hero n ragnorok female head.tga","","32","32","1","BC3","Binary","1","100","75-100%"
"hero n ragnorok male head.tga","","32","32","1","BC3","Binary","1","100","75-100%"
"infantry e mercenary head.tga","","32","32","1","BC3","Binary","1","100","75-100%"
"infantry x trident soldier head iron.tga","","64","16","1","BC3","Binary","1","100","75-100%"
"scenario u chronos hand.tga","","256","256","1","BC3","Binary","1","100","75-100%"
"sfx g plenty decal.tga","","256","256","1","BC3","Binary","1","100","75-100%"
"sfx g plenty shadow.tga","","256","256","1","BC3","Binary","1","100","75-100%"
"siege g trojan horse.tga","","256","256","1","BC3","Binary","1","100","75-100%"
"special g agamemnon head.tga","","64","64","1","BC3","Binary","1","100","75-100%"
"special g athena head.tga","","128","64","1","BC3","Binary","1","100","75-100%"
"special g underworld shade.tga","","64","64","1","BC3","Binary","1","100","75-100%"
"temp santa head.tga","","64","64","1","BC3","Binary","1","100","75-100%"
"titan n troll hammer map.tga","","128","128","1","BC3","Binary","1","100","75-100%"
"titan n troll map1.tga","","256","256","1","BC3","Binary","1","100","75-100%"
"villager g atlantean male head.tga","","32","32","1","BC3","Binary","1","100","75-100%"
"world a fountain.tga","","64","64","1","BC3","Binary","1","100","75-100%"
"world a jade map.tga","","256","256","1","BC3","Binary","1","100","75-100%"
"world a relic monkey.tga","","128","64","1","BC3","Binary","1","100","75-100%"
"world e brazier map.tga","","64","64","1","BC3","Binary","1","100","75-100%"
"world g brazier map.tga","","64","64","1","BC3","Binary","1","100","75-100%"
"world g statue base.tga","","64","32","1","BC3","Binary","1","100","75-100%"
"world n brazier map.tga","","64","64","1","BC3","Binary","1","100","75-100%"
"special e phoenix egg.tga","","64","64","1","BC3","Binary","2","12.5","10-25%"
"infantry e spearman iron.tga","","64","64","1","BC3","Binary","2","13.062","10-25%"
"special n einheriar upgrade.tga","","64","64","1","BC3","Binary","2","13.428","10-25%"
"special n einheriar.tga","","64","64","1","BC3","Binary","2","13.428","10-25%"
"special n raven.tga","","64","64","1","BC3","Binary","2","13.672","10-25%"
"scenario theocrat staff.tga","","32","8","1","BC3","Binary","2","15.625","10-25%"
"world e statue ra.tga","","128","128","1","BC3","Binary","2","15.906","10-25%"
"special e priest head.tga","","32","16","1","BC3","Binary","2","16.406","10-25%"
"cine g ajax old map.tga","","256","256","1","BC3","Binary","2","17.076","10-25%"
"cavalry g hippikon standard.tga","","64","64","1","BC3","Binary","2","18.872","10-25%"
"infantry x swordsman bronze.tga","","64","64","1","BC3","Binary","2","19.312","10-25%"
"infantry x swordsman copper.tga","","64","64","1","BC3","Binary","2","19.312","10-25%"
"infantry x swordsman hero.tga","","64","64","1","BC3","Binary","2","19.312","10-25%"
"infantry x swordsman iron.tga","","64","64","1","BC3","Binary","2","19.312","10-25%"
"infantry x swordsman standard.tga","","64","64","1","BC3","Binary","2","19.312","10-25%"
"building e isis wonder02.tga","","256","256","1","BC3","Binary","2","2.04","0-10%"
"building e isis wonder01.tga","","256","256","1","BC3","Binary","2","2.051","0-10%"
"building x roof age1.tga","","256","256","1","BC3","Binary","2","2.081","0-10%"
"building e ra wonder02.tga","","256","256","1","BC3","Binary","2","2.097","0-10%"
"sfx g plenty.tga","","256","256","1","BC3","Binary","2","2.107","0-10%"
"building e set wonder02.tga","","256","256","1","BC3","Binary","2","2.142","0-10%"
"special g centaur low.tga","","128","64","1","BC3","Binary","2","2.246","0-10%"
"building e monument platforms.tga","","256","256","1","BC3","Binary","2","2.251","0-10%"
"building x wall oreichalkos.tga","","256","256","1","BC3","Binary","2","2.283","0-10%"
"kronos wonder map2.tga","","256","256","1","BC3","Binary","2","2.304","0-10%"
"building g hades wonder.tga","","256","256","1","BC3","Binary","2","2.344","0-10%"
"building g wallsage2.tga","","256","256","1","BC3","Binary","2","2.435","0-10%"
"building g fortresswall.tga","","256","256","1","BC3","Binary","2","2.464","0-10%"
"animal cow a map.tga","","128","128","1","BC3","Binary","2","2.686","0-10%"
"animal cow b map.tga","","128","128","1","BC3","Binary","2","2.686","0-10%"
"animal cow c map.tga","","128","128","1","BC3","Binary","2","2.686","0-10%"
"building g zues wonder01.tga","","256","256","1","BC3","Binary","2","2.766","0-10%"
"building e titan gate map.tga","","256","256","1","BC3","Binary","2","2.826","0-10%"
"statue x oranos map.tga","","128","128","1","BC3","Binary","2","2.863","0-10%"
"scenario g circe head.tga","","32","32","1","BC3","Binary","2","2.93","0-10%"
"cavalry g hippikon copper.tga","","64","64","1","BC3","Binary","2","21.924","10-25%"
"world a bouy.tga","","32","32","1","BC3","Binary","2","22.656","10-25%"
"hero g belerophon.tga","","64","64","1","BC3","Binary","2","23.071","10-25%"
"world a waypoint flag.tga","","128","64","1","BC3","Binary","2","25","10-25%"
"hero n hero low.tga","","64","64","1","BC3","Binary","2","28.076","25-50%"
"cavalry e chariot horse map.tga","","128","128","1","BC3","Binary","2","28.888","25-50%"
"building e age2 burnt.tga","","256","256","1","BC3","Binary","2","3.07","0-10%"
"building e age2.tga","","256","256","1","BC3","Binary","2","3.07","0-10%"
"building e settlement age2.tga","","256","256","1","BC3","Binary","2","3.07","0-10%"
"building e shared01 2 map.tga","","256","256","1","BC3","Binary","2","3.07","0-10%"
"building g wallsage1.tga","","256","256","1","BC3","Binary","2","3.145","0-10%"
"building g wallsage3.tga","","256","256","1","BC3","Binary","2","3.355","0-10%"
"world g statue zeus.tga","","128","128","1","BC3","Binary","2","3.381","0-10%"
"cavalry g hippikon head bronze.tga","","32","32","1","BC3","Binary","2","3.418","0-10%"
"cavalry g hippikon head copper.tga","","32","32","1","BC3","Binary","2","3.418","0-10%"
"cavalry g hippikon head iron.tga","","32","32","1","BC3","Binary","2","3.418","0-10%"
"building g shared05 2 map.tga","","256","256","1","BC3","Binary","2","3.461","0-10%"
"scenario t troy wall long dead.tga","","256","256","1","BC3","Binary","2","3.516","0-10%"
"scenario t troy wall long deadb.tga","","256","256","1","BC3","Binary","2","3.516","0-10%"
"scenario t troy wall long.tga","","256","256","1","BC3","Binary","2","3.516","0-10%"
"building g fortressroof.tga","","256","256","1","BC3","Binary","2","3.583","0-10%"
"special e roc basket.tga","","128","128","1","BC3","Binary","2","3.754","0-10%"
"cavalry x javelin copper.tga","","64","64","1","BC3","Binary","2","31.104","25-50%"
"cavalry x javelin standard.tga","","64","64","1","BC3","Binary","2","31.104","25-50%"
"archer g peltast low copper.tga","","32","32","1","BC3","Binary","2","31.348","25-50%"
"cavalry e war elephant basket standard.tga","","64","64","1","BC3","Binary","2","4.126","0-10%"
"siege n ballista iron.tga","","64","64","1","BC3","Binary","2","4.126","0-10%"
"siege n ballista.tga","","64","64","1","BC3","Binary","2","4.126","0-10%"
"sfx e citadel age4.tga","","256","256","1","BC3","Binary","2","4.276","0-10%"
"sfx e citadel.tga","","256","256","1","BC3","Binary","2","4.276","0-10%"
"cine g poseidon stone.tga","","256","256","1","BC3","Binary","2","4.282","0-10%"
"special e petesuchos.tga","","128","128","1","BC3","Binary","2","4.37","0-10%"
"special g centaur upgrade.tga","","64","64","1","BC3","Binary","2","4.639","0-10%"
"special g centaur.tga","","64","64","1","BC3","Binary","2","4.639","0-10%"
"special g cyclops upgrade.tga","","128","128","1","BC3","Binary","2","4.785","0-10%"
"special g cyclops.tga","","128","128","1","BC3","Binary","2","4.785","0-10%"
"world g garrison flag.tga","","64","32","1","BC3","Binary","2","47.461","25-50%"
"building e age4.tga","","256","256","1","BC3","Binary","2","5.151","0-10%"
"building e settlement age4.tga","","256","256","1","BC3","Binary","2","5.151","0-10%"
"world g shrine map.tga","","128","128","1","BC3","Binary","2","5.585","0-10%"
"siege g petrobolos iron.tga","","64","64","1","BC3","Binary","2","5.615","0-10%"
"siege g petrobolos.tga","","64","64","1","BC3","Binary","2","5.615","0-10%"
"trade g caravan cargo.tga","","64","64","1","BC3","Binary","2","5.908","0-10%"
"low infantry g normal head bronze.tga","","32","16","1","BC3","Binary","2","50","25-50%"
"low infantry g normal head copper.tga","","32","16","1","BC3","Binary","2","50","25-50%"
"low infantry g normal head iron.tga","","32","16","1","BC3","Binary","2","50","25-50%"
"low infantry g normal head standard.tga","","32","16","1","BC3","Binary","2","50","25-50%"
"scenario n reginleif map.tga","","64","64","1","BC3","Binary","2","6.055","0-10%"
"world e tent.tga","","128","128","1","BC3","Binary","2","6.384","0-10%"
"infantry e chariot archer iron map.tga","","64","64","1","BC3","Binary","2","6.445","0-10%"
"scenario g circe.tga","","64","64","1","BC3","Binary","2","6.616","0-10%"
"siege e catapult iron.tga","","64","64","1","BC3","Binary","2","6.616","0-10%"
"siege e catapult.tga","","64","64","1","BC3","Binary","2","6.616","0-10%"
"siege g petrobolos tire low.tga","","16","16","1","BC3","Binary","2","70.703","50-75%"
"command time shift icons 32.tga","","32","32","1","DeflatedRGBA8","Binary","2","79.492","75-100%"
"cavalry g hippikon horse standard.tga","","128","128","1","BC3","Binary","2","8.521","0-10%"
"cavalry g prodromos horse standard.tga","","128","128","1","BC3","Binary","2","8.521","0-10%"
"special g pegasus.tga","","128","128","1","BC3","Binary","2","8.521","0-10%"
"projectile a ballista arrow iron.tga","","64","16","1","BC3","Binary","2","8.594","0-10%"
"projectile a ballista arrow.tga","","64","16","1","BC3","Binary","2","8.594","0-10%"
"siege n ballista bolt iron.tga","","64","16","1","BC3","Binary","2","8.594","0-10%"
"siege n ballista bolt.tga","","64","16","1","BC3","Binary","2","8.594","0-10%"
"infantry g myrmidon head iron.tga","","64","32","1","BC3","Binary","2","8.74","0-10%"
"archer g peltast cape bronze.tga","","64","64","1","BC3","Binary","2","80.908","75-100%"
"archer g peltast cape copper.tga","","64","64","1","BC3","Binary","2","80.908","75-100%"
"archer g peltast cape iron.tga","","64","64","1","BC3","Binary","2","80.908","75-100%"
"archer g peltast cape standard.tga","","64","64","1","BC3","Binary","2","80.908","75-100%"
"world a relic standard.tga","","64","64","1","BC3","Binary","2","82.812","75-100%"
"trade e caravan basket.tga","","128","128","1","BC3","Binary","2","9.015","0-10%"
"hero g theseus shield.tga","","64","32","1","BC3","Binary","2","9.961","0-10%"
"infantry g hoplite head iron.tga","","32","32","1","BC3","Binary","2","9.961","0-10%"
"infantry g hypaspist map.tga","","64","64","1","BC3","Binary","2","94.067","75-100%"
"building n wonder.tga","","256","256","1","BC3","MultiValue","3","0.536","0-10%"
"building n temple.tga","","256","256","1","BC3","MultiValue","3","0.876","0-10%"
"titan x kronos.tga","","256","256","1","BC3","MultiValue","3","0.89","0-10%"
"building x temple age0.tga","","256","256","1","BC3","MultiValue","3","0.946","0-10%"
"world n tent.tga","","128","128","1","BC3","MultiValue","3","1.007","0-10%"
"building n shared02 2 map.tga","","256","256","1","BC3","MultiValue","3","1.054","0-10%"
"special e mummy map.tga","","64","64","1","BC3","MultiValue","3","1.099","0-10%"
"special g chimera.tga","","128","128","1","BC3","MultiValue","3","1.099","0-10%"
"special g sea turtle.tga","","256","256","1","BC3","MultiValue","3","1.1","0-10%"
"gaia wonder map2.tga","","256","256","1","BC3","MultiValue","3","1.176","0-10%"
"special g hydra map.tga","","128","128","1","BC3","MultiValue","3","1.202","0-10%"
"lp cine x krios.tga","","128","128","1","BC3","MultiValue","3","1.208","0-10%"
"special g nemean lion.tga","","128","128","1","BC3","MultiValue","3","1.361","0-10%"
"cavalry n raiding cavalry horse bronze.tga","","128","128","1","BC3","MultiValue","3","1.416","0-10%"
"cavalry n raiding cavalry horse copper.tga","","128","128","1","BC3","MultiValue","3","1.416","0-10%"
"cavalry n raiding cavalry horse iron.tga","","128","128","1","BC3","MultiValue","3","1.416","0-10%"
"cavalry n raiding cavalry horse standard.tga","","128","128","1","BC3","MultiValue","3","1.416","0-10%"
"building n wallage4.tga","","256","256","1","BC3","MultiValue","3","1.428","0-10%"
"siege g petrobolos low.tga","","64","64","1","BC3","MultiValue","3","1.514","0-10%"
"cine x krios.tga","","256","256","1","BC3","MultiValue","3","1.544","0-10%"
"building n tower.tga","","256","128","1","BC3","MultiValue","3","1.596","0-10%"
"world e statue set.tga","","128","128","1","BC3","MultiValue","3","1.599","0-10%"
"titan g cerebus map2.tga","","256","256","1","BC3","MultiValue","3","1.604","0-10%"
"building n hillfort.tga","","256","256","1","BC3","MultiValue","3","1.683","0-10%"
"animal pig map.tga","","64","64","1","BC3","MultiValue","3","1.685","0-10%"
"building n shrine.tga","","128","128","1","BC3","MultiValue","3","1.782","0-10%"
"building n settlementage4.tga","","256","256","1","BC3","MultiValue","3","1.868","0-10%"
"building e age2 wall.tga","","256","256","1","BC3","MultiValue","3","1.955","0-10%"
"world n statue odin.tga","","128","128","1","BC3","MultiValue","3","1.971","0-10%"
"cine x hp automatonmap.tga","","256","256","1","BC3","MultiValue","3","10.007","10-25%"
"cine n reginleif weapons map.tga","","256","256","1","BC3","MultiValue","3","10.048","10-25%"
"cavalry e war elephant rider standard.tga","","64","64","1","BC3","MultiValue","3","10.059","10-25%"
"attachments x shield champion.tga","","128","64","1","BC3","MultiValue","3","10.266","10-25%"
"attachments x shield hero.tga","","128","64","1","BC3","MultiValue","3","10.266","10-25%"
"building c titan gate door map.tga","","128","128","1","BC3","MultiValue","135","10.266","10-25%"
"special g shade.tga","","64","64","1","BC3","MultiValue","3","10.278","10-25%"
"special n jarl cape map.tga","","32","32","1","BC3","MultiValue","3","10.547","10-25%"
"trash weapon.tga","","128","64","1","BC3","MultiValue","3","10.559","10-25%"
"cavalry g hippikon horse bronze.tga","","128","128","1","BC3","MultiValue","3","10.583","10-25%"
"cavalry g hippikon horse iron.tga","","128","128","1","BC3","MultiValue","3","10.583","10-25%"
"cavalry g prodromos horse bronze.tga","","128","128","1","BC3","MultiValue","3","10.583","10-25%"
"cavalry g prodromos horse iron.tga","","128","128","1","BC3","MultiValue","3","10.583","10-25%"
"villager x pony.tga","","64","64","1","BC3","MultiValue","3","10.62","10-25%"
"trade g caravan donkey.tga","","64","64","1","BC3","MultiValue","3","10.718","10-25%"
"archer n normal bronze.tga","","64","64","1","BC3","MultiValue","41","10.767","10-25%"
"archer n normal copper.tga","","64","64","1","BC3","MultiValue","41","10.767","10-25%"
"archer n normal iron.tga","","64","64","1","BC3","MultiValue","41","10.767","10-25%"
"infantry n bondi bronze.tga","","64","64","1","BC3","MultiValue","41","10.767","10-25%"
"infantry n bondi copper.tga","","64","64","1","BC3","MultiValue","41","10.767","10-25%"
"infantry n bondi iron.tga","","64","64","1","BC3","MultiValue","41","10.767","10-25%"
"infantry e mercenary.tga","","64","64","1","BC3","MultiValue","3","10.84","10-25%"
"cine x kastor adult.tga","","256","256","1","BC3","MultiValue","3","10.884","10-25%"
"sfx meteorite splat decal.tga","","128","128","1","BC3","MultiValue","3","11.09","10-25%"
"infantry x 2 sword fighter hero.tga","","64","64","1","BC3","MultiValue","3","11.182","10-25%"
"infantry x 2 sword fighter iron.tga","","64","64","1","BC3","MultiValue","3","11.182","10-25%"
"special g agamemnon.tga","","128","128","1","BC3","MultiValue","3","11.45","10-25%"
"attachments g shield bronze.tga","","128","64","1","BC3","MultiValue","3","11.56","10-25%"
"toxotemap.tga","","256","256","1","BC3","MultiValue","3","11.765","10-25%"
"cine g ajax map.tga","","256","256","1","BC3","MultiValue","3","11.865","10-25%"
"cine n huskarl cape.tga","","128","128","1","BC3","MultiValue","3","11.963","10-25%"
"villager e male standard.tga","","64","64","1","BC3","MultiValue","3","12.085","10-25%"
"hero g belerophon shield.tga","","64","32","1","BC3","MultiValue","3","12.109","10-25%"
"hero g bellerophon shield.tga","","64","32","1","BC3","MultiValue","3","12.109","10-25%"
"attachments x shield heavy.tga","","128","64","1","BC3","MultiValue","3","12.122","10-25%"
"mu x atlantean hundred giant map.tga","","128","128","1","BC3","MultiValue","3","12.238","10-25%"
"attachments x shield medium.tga","","128","64","1","BC3","MultiValue","3","12.476","10-25%"
"hero x kastor.tga","","64","64","1","BC3","MultiValue","3","12.5","10-25%"
"cavalry x javelin bronze.tga","","64","64","1","BC3","MultiValue","3","12.695","10-25%"
"cavalry x javelin hero.tga","","64","64","1","BC3","MultiValue","3","12.695","10-25%"
"cavalry x javelin iron.tga","","64","64","1","BC3","MultiValue","3","12.695","10-25%"
"attachments n shield iron.tga","","128","64","1","BC3","MultiValue","3","12.915","10-25%"
"cavalry e war elephant rider bronze.tga","","64","64","1","BC3","MultiValue","3","12.915","10-25%"
"cavalry e war elephant rider iron.tga","","64","64","1","BC3","MultiValue","3","12.915","10-25%"
"trade x caravan.tga","","64","64","1","BC3","MultiValue","3","13.184","10-25%"
"attachments a shields map.tga","","128","128","1","BC3","MultiValue","3","13.391","10-25%"
"attachments e shield iron.tga","","128","64","1","BC3","MultiValue","3","13.477","10-25%"
"cine x hp melagiusmap.tga","","256","256","1","BC3","MultiValue","3","13.495","10-25%"
"cine a brokk map.tga","","256","256","1","BC3","MultiValue","3","13.564","10-25%"
"cine a eitri map.tga","","256","256","1","BC3","MultiValue","3","13.564","10-25%"
"cavalry g hetairoi bronze.tga","","64","64","1","BC3","MultiValue","3","13.672","10-25%"
"cavalry g hetairoi copper.tga","","64","64","1","BC3","MultiValue","3","13.672","10-25%"
"infantry x trident soldier hero.tga","","64","64","1","BC3","MultiValue","3","13.721","10-25%"
"infantry x trident soldier iron.tga","","64","64","1","BC3","MultiValue","3","13.721","10-25%"
"mu x atlantean flying medic map.tga","","128","128","1","BC3","MultiValue","3","13.733","10-25%"
"mu x nereid rider map.tga","","128","128","1","BC3","MultiValue","3","13.733","10-25%"
"archer g crossbowman.tga","","64","64","1","BC3","MultiValue","3","13.794","10-25%"
"attachments e shield bronze.tga","","128","64","1","BC3","MultiValue","3","13.904","10-25%"
"attachments g shield iron.tga","","128","64","1","BC3","MultiValue","3","13.928","10-25%"
"world a underworld passage color transform.tga","","64","64","1","BC3","MultiValue","3","13.965","10-25%"
"attachments g shield copper.tga","","128","64","1","BC3","MultiValue","3","13.977","10-25%"
"special n jormund brood.tga","","128","128","1","BC3","MultiValue","3","14.044","10-25%"
"cine g chiron map.tga","","256","256","1","BC3","MultiValue","3","14.078","10-25%"
"cine g amanra map.tga","","256","256","1","BC3","MultiValue","3","14.149","10-25%"
"infantry x maceman bronze.tga","","64","64","1","BC3","MultiValue","3","14.282","10-25%"
"infantry x maceman copper.tga","","64","64","1","BC3","MultiValue","3","14.282","10-25%"
"infantry x maceman hero.tga","","64","64","1","BC3","MultiValue","3","14.282","10-25%"
"infantry x maceman iron.tga","","64","64","1","BC3","MultiValue","3","14.282","10-25%"
"infantry x maceman standard.tga","","64","64","1","BC3","MultiValue","3","14.282","10-25%"
"scenario g kastor map.tga","","64","64","1","BC3","MultiValue","3","14.355","10-25%"
"cine e setna.tga","","256","256","1","BC3","MultiValue","3","14.374","10-25%"
"special g chimera tail.tga","","64","64","1","BC3","MultiValue","3","14.6","10-25%"
"archer x bronze.tga","","64","64","1","BC3","MultiValue","3","14.673","10-25%"
"archer x copper.tga","","64","64","1","BC3","MultiValue","3","14.673","10-25%"
"archer x hero.tga","","64","64","1","BC3","MultiValue","3","14.673","10-25%"
"archer x iron.tga","","64","64","1","BC3","MultiValue","3","14.673","10-25%"
"archer x standard.tga","","64","64","1","BC3","MultiValue","3","14.673","10-25%"
"special g colossus map.tga","","128","128","1","BC3","MultiValue","3","14.728","10-25%"
"hero n ragnorok female.tga","","64","64","1","BC3","MultiValue","3","15.186","10-25%"
"villager n female.tga","","64","64","1","BC3","MultiValue","3","15.186","10-25%"
"trash.tga","","256","256","1","BC3","MultiValue","3","15.477","10-25%"
"cavalry g cataphract iron.tga","","64","64","1","BC3","MultiValue","3","15.479","10-25%"
"archer g peltast iron.tga","","64","64","1","BC3","MultiValue","3","15.747","10-25%"
"cine g amanra old map.tga","","256","256","1","BC3","MultiValue","3","15.768","10-25%"
"mu x automation map.tga","","64","64","1","BC3","MultiValue","3","15.845","10-25%"
"cine e axeman.tga","","256","256","1","BC3","MultiValue","3","15.874","10-25%"
"cine a arkantosman map.tga","","256","256","1","BC3","MultiValue","3","15.912","10-25%"
"greekheromap.tga","","256","256","1","BC3","MultiValue","3","16.008","10-25%"
"attachments e shield copper.tga","","128","64","1","BC3","MultiValue","3","16.052","10-25%"
"cine x hp arcusmap.tga","","256","256","1","BC3","MultiValue","3","16.083","10-25%"
"attachments n shield copper.tga","","128","64","1","BC3","MultiValue","3","16.162","10-25%"
"special g scylla.tga","","256","256","1","BC3","MultiValue","3","16.261","10-25%"
"hoplitemap.tga","","256","256","1","BC3","MultiValue","3","16.264","10-25%"
"archer g peltast low standard.tga","","32","32","1","BC3","MultiValue","3","16.309","10-25%"
"scenario e setna map.tga","","64","64","1","BC3","MultiValue","3","16.797","10-25%"
"scenario b amanra map.tga","","64","64","1","BC3","MultiValue","3","16.895","10-25%"
"archer e slinger iron.tga","","64","64","1","BC3","MultiValue","3","16.943","10-25%"
"g hypaspist highmodelmap.tga","","256","256","1","BC3","MultiValue","3","17.122","10-25%"
"infantry g hoplite copper.tga","","64","64","1","BC3","MultiValue","3","17.285","10-25%"
"attachments n shield bronze.tga","","128","64","1","BC3","MultiValue","3","17.346","10-25%"
"cine a arkantos map.tga","","256","256","1","BC3","MultiValue","3","17.513","10-25%"
"hero g achilles cape.tga","","64","32","1","BC3","MultiValue","18","17.627","10-25%"
"siege x chieroballista man upgrade.tga","","64","64","1","BC3","MultiValue","3","18.042","10-25%"
"siege x chieroballista man.tga","","64","64","1","BC3","MultiValue","3","18.042","10-25%"
"cavalry e camelry map.tga","","64","64","1","BC3","MultiValue","3","18.213","10-25%"
"cine e infantry map.tga","","256","256","1","BC3","MultiValue","3","18.271","10-25%"
"hero g perseus standard.tga","","64","64","1","BC3","MultiValue","3","18.53","10-25%"
"scenario c shun.tga","","128","128","1","BC3","MultiValue","98","18.701","10-25%"
"infantry g hoplite standard.tga","","64","64","1","BC3","MultiValue","3","19.189","10-25%"
"mu x atlantean lampedes map.tga","","128","128","1","BC3","MultiValue","3","19.464","10-25%"
"archer n throwing axeman iron.tga","","64","64","1","BC3","MultiValue","3","19.653","10-25%"
"special n valkyrie upgrade.tga","","64","64","1","BC3","MultiValue","3","19.824","10-25%"
"special e scarab map.tga","","128","128","1","BC3","MultiValue","3","2.057","0-10%"
"special g hydra land.tga","","256","256","1","BC3","MultiValue","3","2.126","0-10%"
"mu x behemoth map.tga","","256","256","1","BC3","MultiValue","3","2.277","0-10%"
"building x sky temple.tga","","256","256","1","BC3","MultiValue","3","2.344","0-10%"
"sfx g animal magnetism.tga","","128","128","1","BC3","MultiValue","3","2.344","0-10%"
"building n shared03 2 map.tga","","256","256","1","BC3","MultiValue","3","2.417","0-10%"
"siege x fire siphon upgrade.tga","","128","128","1","BC3","MultiValue","3","2.417","0-10%"
"siege x fire siphon.tga","","128","128","1","BC3","MultiValue","3","2.417","0-10%"
"cavalry x javelin horse hero.tga","","128","128","1","BC3","MultiValue","3","2.466","0-10%"
"cavalry x javelin horse iron.tga","","128","128","1","BC3","MultiValue","3","2.466","0-10%"
"cavalry g hetairoi horse iron.tga","","128","128","1","BC3","MultiValue","3","2.557","0-10%"
"animal goat map.tga","","64","64","1","BC3","MultiValue","3","2.612","0-10%"
"world n statue thor.tga","","128","128","1","BC3","MultiValue","3","2.643","0-10%"
"building n shared04 2 map.tga","","256","256","1","BC3","MultiValue","3","2.66","0-10%"
"siege n ballista map.tga","","256","256","1","BC3","MultiValue","3","2.707","0-10%"
"building e age1.tga","","256","256","1","BC3","MultiValue","3","2.762","0-10%"
"building e settlement age1.tga","","256","256","1","BC3","MultiValue","3","2.762","0-10%"
"world n statue loki.tga","","128","128","1","BC3","MultiValue","3","2.814","0-10%"
"hero g heracles shield.tga","","64","32","1","BC3","MultiValue","3","2.832","0-10%"
"cyclops high.tga","","256","256","1","BC3","MultiValue","3","2.855","0-10%"
"building n shared01 2 map.tga","","256","256","1","BC3","MultiValue","3","2.858","0-10%"
"building c accessories.tga","","256","256","1","BC3","MultiValue","95","2.884","0-10%"
"special e priest.tga","","64","64","1","BC3","MultiValue","3","20.068","10-25%"
"scenario x amanra map.tga","","64","64","1","BC3","MultiValue","3","20.63","10-25%"
"special x oracle hero.tga","","64","64","1","BC3","MultiValue","3","20.679","10-25%"
"special x oracle.tga","","64","64","1","BC3","MultiValue","3","20.679","10-25%"
"cavalry x lancer bronze.tga","","64","64","1","BC3","MultiValue","3","20.874","10-25%"
"cavalry x lancer copper.tga","","64","64","1","BC3","MultiValue","3","20.874","10-25%"
"cavalry x lancer iron.tga","","64","64","1","BC3","MultiValue","3","20.874","10-25%"
"cavalry x lancer standard.tga","","64","64","1","BC3","MultiValue","3","20.874","10-25%"
"scenario n brokk standard.tga","","64","64","1","BC3","MultiValue","3","20.874","10-25%"
"infantry g hoplite bronze.tga","","64","64","1","BC3","MultiValue","3","20.923","10-25%"
"special n valkyrie map.tga","","128","128","1","BC3","MultiValue","3","21.033","10-25%"
"cavalry g hippikon iron.tga","","64","64","1","BC3","MultiValue","3","21.191","10-25%"
"special e avenger map.tga","","128","128","1","BC3","MultiValue","3","21.24","10-25%"
"cavalry g hippikon bronze.tga","","64","64","1","BC3","MultiValue","3","21.411","10-25%"
"infantry g hoplite iron.tga","","64","64","1","BC3","MultiValue","3","21.484","10-25%"
"archer g toxotes bronze.tga","","64","64","1","BC3","MultiValue","3","21.533","10-25%"
"archer e slinger bronze.tga","","64","64","1","BC3","MultiValue","3","21.582","10-25%"
"villager x male hero.tga","","64","64","1","BC3","MultiValue","3","21.582","10-25%"
"villager x male.tga","","64","64","1","BC3","MultiValue","3","21.582","10-25%"
"infantry x trident soldier shield hero.tga","","32","64","1","BC3","MultiValue","3","21.68","10-25%"
"infantry x trident soldier shield iron.tga","","32","64","1","BC3","MultiValue","3","21.68","10-25%"
"cavalry n jarl standard.tga","","64","64","1","BC3","MultiValue","3","21.777","10-25%"
"archer e slinger copper.tga","","64","64","1","BC3","MultiValue","3","21.973","10-25%"
"scenario n eitri standard.tga","","64","64","1","BC3","MultiValue","3","22.217","10-25%"
"infantry n ulfsark scout.tga","","64","64","1","BC3","MultiValue","40","22.803","10-25%"
"villager x female hero.tga","","64","64","1","BC3","MultiValue","3","22.803","10-25%"
"villager x female.tga","","64","64","1","BC3","MultiValue","3","22.803","10-25%"
"hero x ajax.tga","","64","64","1","BC3","MultiValue","3","23.047","10-25%"
"cavalry g hetairoi iron.tga","","64","64","1","BC3","MultiValue","3","23.584","10-25%"
"archer g toxotes iron.tga","","64","64","1","BC3","MultiValue","3","24.292","10-25%"
"butterfly.tga","","32","32","1","BC3","MultiValue","3","24.609","10-25%"
"cine n hersir.tga","","256","256","1","BC3","MultiValue","3","24.651","10-25%"
"scenario g chiron map.tga","","64","64","1","BC3","MultiValue","3","24.756","10-25%"
"cine n ulfsark.tga","","256","256","1","BC3","MultiValue","3","24.792","10-25%"
"infantry e axeman bronze.tga","","64","64","1","BC3","MultiValue","3","24.829","10-25%"
"infantry e axeman iron.tga","","64","64","1","BC3","MultiValue","3","24.854","10-25%"
"infantry e axeman copper.tga","","64","64","1","BC3","MultiValue","3","24.976","10-25%"
"special e pharaoh head.tga","","64","32","1","BC3","MultiValue","3","25.293","25-50%"
"scenario g arkantos man map.tga","","128","128","1","BC3","MultiValue","3","25.61","25-50%"
"archer g peltast low bronze.tga","","32","32","1","BC3","MultiValue","3","25.977","25-50%"
"archer g peltast low iron.tga","","32","32","1","BC3","MultiValue","3","25.977","25-50%"
"hero n hero.tga","","128","128","1","BC3","MultiValue","3","26.245","25-50%"
"hero n hersir.tga","","128","128","1","BC3","MultiValue","3","26.245","25-50%"
"cavalry n raiding cavalry bronze.tga","","64","64","1","BC3","MultiValue","3","26.904","25-50%"
"cavalry n raiding cavalry copper.tga","","64","64","1","BC3","MultiValue","3","26.904","25-50%"
"cavalry n raiding cavalry iron.tga","","64","64","1","BC3","MultiValue","3","26.904","25-50%"
"cavalry n raiding cavalry standard.tga","","64","64","1","BC3","MultiValue","3","26.904","25-50%"
"scenario g arkantos map.tga","","128","128","1","BC3","MultiValue","3","27.655","25-50%"
"hero n ragnorok male.tga","","64","64","1","BC3","MultiValue","3","27.832","25-50%"
"villager n male standard.tga","","64","64","1","BC3","MultiValue","3","27.832","25-50%"
"archer g peltast bronze.tga","","64","64","1","BC3","MultiValue","3","28.003","25-50%"
"mu x servant of oceanus map.tga","","128","128","1","BC3","MultiValue","3","28.058","25-50%"
"special e anubite iron.tga","","128","128","1","BC3","MultiValue","3","28.094","25-50%"
"mu x atlantean manowar map.tga","","128","128","1","BC3","MultiValue","3","28.186","25-50%"
"sfx e son of osiris head.tga","","32","32","1","BC3","MultiValue","3","28.223","25-50%"
"infantry g myrmidon iron.tga","","64","64","1","BC3","MultiValue","3","28.809","25-50%"
"special e anubite.tga","","128","128","1","BC3","MultiValue","3","28.827","25-50%"
"hero g jason shield.tga","","64","32","1","BC3","MultiValue","3","28.906","25-50%"
"archer n throwing axeman bronze.tga","","64","64","1","BC3","MultiValue","3","29.053","25-50%"
"hero g hercules.tga","","64","64","1","BC3","MultiValue","3","29.077","25-50%"
"forkboy map.tga","","128","128","1","BC3","MultiValue","3","29.346","25-50%"
"archer g toxotes copper.tga","","64","64","1","BC3","MultiValue","3","29.395","25-50%"
"cavalry g prodromos bronze.tga","","64","64","1","BC3","MultiValue","3","29.443","25-50%"
"cavalry g prodromos copper.tga","","64","64","1","BC3","MultiValue","3","29.443","25-50%"
"cavalry g prodromos iron.tga","","64","64","1","BC3","MultiValue","3","29.443","25-50%"
"cavalry e chariot archer iron.tga","","256","256","1","BC3","MultiValue","3","29.555","25-50%"
"scenario g skult map.tga","","64","64","1","BC3","MultiValue","3","29.663","25-50%"
"cavalry e camelry bronze.tga","","64","64","1","BC3","MultiValue","3","29.81","25-50%"
"cavalry e chariot archer bronze.tga","","256","256","1","BC3","MultiValue","3","29.842","25-50%"
"cine x hp arcusweaponsmap.tga","","128","128","1","BC3","MultiValue","3","3.125","0-10%"
"special g scylla map.tga","","128","128","1","BC3","MultiValue","3","3.308","0-10%"
"cinematic naval g trireme.tga","","256","256","1","BC3","MultiValue","3","3.36","0-10%"
"siege g helepolis iron.tga","","256","128","1","BC3","MultiValue","3","3.366","0-10%"
"siege g helepolis.tga","","256","128","1","BC3","MultiValue","3","3.366","0-10%"
"building n odin wonder01.tga","","256","256","1","BC3","MultiValue","3","3.384","0-10%"
"special g carcinos.tga","","128","128","1","BC3","MultiValue","3","3.424","0-10%"
"hero g polyphemus shield.tga","","64","32","1","BC3","MultiValue","3","3.467","0-10%"
"building n titan gate map.tga","","256","256","1","BC3","MultiValue","3","3.496","0-10%"
"special n giant.tga","","128","128","1","BC3","MultiValue","3","3.497","0-10%"
"temp santa body.tga","","128","128","1","BC3","MultiValue","3","3.497","0-10%"
"world n loki statue map.tga","","128","128","1","BC3","MultiValue","3","3.564","0-10%"
"world n thor statue map.tga","","128","128","1","BC3","MultiValue","3","3.564","0-10%"
"cavalry e camelry camel copper.tga","","128","128","1","BC3","MultiValue","3","3.571","0-10%"
"cavalry e camelry camel bronze.tga","","128","128","1","BC3","MultiValue","3","3.577","0-10%"
"cavalry e camelry camel iron.tga","","128","128","1","BC3","MultiValue","3","3.589","0-10%"
"special n giant map.tga","","64","64","1","BC3","MultiValue","3","3.638","0-10%"
"mu x dryad.tga","","128","128","1","BC3","MultiValue","3","3.748","0-10%"
"scenario e great box.tga","","256","256","1","BC3","MultiValue","3","3.893","0-10%"
"building x mirror tower.tga","","256","128","1","BC3","MultiValue","3","3.943","0-10%"
"cavalry x javelin horse bronze.tga","","128","128","1","BC3","MultiValue","3","3.949","0-10%"
"special g manticore.tga","","128","128","1","BC3","MultiValue","3","3.955","0-10%"
"sfx a walking woods.tga","","128","128","1","BC3","MultiValue","3","3.967","0-10%"
"cine a jarl map.tga","","256","256","1","BC3","MultiValue","3","3.97","0-10%"
"cavalry e camelry iron.tga","","64","64","1","BC3","MultiValue","3","30.005","25-50%"
"infantry e spearman standard.tga","","64","64","1","BC3","MultiValue","3","30.566","25-50%"
"infantry e spearman copper.tga","","64","64","1","BC3","MultiValue","3","31.079","25-50%"
"infantry e spearman bronze.tga","","64","64","1","BC3","MultiValue","3","31.128","25-50%"
"mu x oracle.tga","","64","64","1","BC3","MultiValue","3","31.445","25-50%"
"villager g atlantean male.tga","","64","64","1","BC3","MultiValue","3","31.616","25-50%"
"sfx e son of osiris.tga","","64","64","1","BC3","MultiValue","3","31.714","25-50%"
"archer e slinger standard.tga","","64","64","1","BC3","MultiValue","3","31.86","25-50%"
"archer n throwing axeman copper.tga","","64","64","1","BC3","MultiValue","3","32.202","25-50%"
"infantry g hypaspist copper.tga","","64","64","1","BC3","MultiValue","3","32.642","25-50%"
"infantry g hypaspist bronze.tga","","64","64","1","BC3","MultiValue","3","32.837","25-50%"
"infantry g hypaspist iron.tga","","64","64","1","BC3","MultiValue","3","32.837","25-50%"
"archer g peltast head bronze.tga","","32","32","1","BC3","MultiValue","3","34.082","25-50%"
"archer g peltast head copper.tga","","32","32","1","BC3","MultiValue","3","34.082","25-50%"
"archer g peltast head iron.tga","","32","32","1","BC3","MultiValue","3","34.082","25-50%"
"archer g peltast head standard.tga","","32","32","1","BC3","MultiValue","3","34.082","25-50%"
"cavalry e chariot archer copper.tga","","256","256","1","BC3","MultiValue","3","34.428","25-50%"
"archer g toxotes standard.tga","","64","64","1","BC3","MultiValue","3","34.961","25-50%"
"hero g jason standard.tga","","64","64","1","BC3","MultiValue","3","34.985","25-50%"
"cavalry e camelry standard.tga","","64","64","1","BC3","MultiValue","3","35.4","25-50%"
"cine g old man map.tga","","256","256","1","BC3","MultiValue","3","35.826","25-50%"
"special g hippocampus.tga","","128","128","1","BC3","MultiValue","3","36.346","25-50%"
"infantry n ulfsark bronze.tga","","64","64","1","BC3","MultiValue","3","36.475","25-50%"
"infantry n ulfsark copper.tga","","64","64","1","BC3","MultiValue","3","36.475","25-50%"
"infantry n ulfsark iron.tga","","64","64","1","BC3","MultiValue","3","36.475","25-50%"
"infantry n ulfsark standard.tga","","64","64","1","BC3","MultiValue","3","36.475","25-50%"
"archer c crossbowman bowstring.tga","","32","4","1","BC2","MultiValue","8","37.5","25-50%"
"cavalry e camelry camel standard.tga","","128","128","1","BC3","MultiValue","3","4.01","0-10%"
"special g golem map.tga","","256","256","1","BC3","MultiValue","22","4.024","0-10%"
"special n fenris.tga","","128","128","1","BC3","MultiValue","3","4.108","0-10%"
"cine a jarl horse map.tga","","256","256","1","BC3","MultiValue","3","4.124","0-10%"
"special g cyclops map.tga","","128","128","1","BC3","MultiValue","3","4.138","0-10%"
"cavalry e mercenary horse standard.tga","","128","128","1","BC3","MultiValue","3","4.175","0-10%"
"cavalry n jarl horse bronze.tga","","128","128","1","BC3","MultiValue","3","4.193","0-10%"
"building e age3.tga","","256","256","1","BC3","MultiValue","3","4.213","0-10%"
"building e settlement age3.tga","","256","256","1","BC3","MultiValue","3","4.213","0-10%"
"building e shared01 3 map.tga","","256","256","1","BC3","MultiValue","3","4.213","0-10%"
"cavalry g cataphract horse iron.tga","","128","128","1","BC3","MultiValue","3","4.279","0-10%"
"siege x chieroballista downgrade.tga","","128","128","1","BC3","MultiValue","3","4.297","0-10%"
"siege x chieroballista.tga","","128","128","1","BC3","MultiValue","3","4.297","0-10%"
"world g statue poseidon.tga","","128","128","1","BC3","MultiValue","3","4.333","0-10%"
"cavalry e war elephant copper.tga","","256","128","1","BC3","MultiValue","3","4.401","0-10%"
"cavalry x lancer horse bronze.tga","","128","128","1","BC3","MultiValue","3","4.401","0-10%"
"cavalry x lancer horse hero.tga","","128","128","1","BC3","MultiValue","3","4.401","0-10%"
"cavalry x lancer horse iron.tga","","128","128","1","BC3","MultiValue","3","4.401","0-10%"
"titan g cerebus map1.tga","","256","256","1","BC3","MultiValue","3","4.501","0-10%"
"world x gaia  statue map.tga","","128","128","1","BC3","MultiValue","3","4.535","0-10%"
"building g titan gate door map.tga","","128","128","1","BC3","MultiValue","3","4.584","0-10%"
"scenario u shade.tga","","64","64","1","BC3","MultiValue","3","4.614","0-10%"
"cavalry n jarl horse iron.tga","","128","128","1","BC3","MultiValue","3","4.633","0-10%"
"building n loki wonder02.tga","","256","256","1","BC3","MultiValue","3","4.692","0-10%"
"cine g hoplite shield.tga","","128","64","1","BC3","MultiValue","3","4.736","0-10%"
"cavalry n jarl horse copper.tga","","128","128","1","BC3","MultiValue","3","4.828","0-10%"
"lp mu x stymphalian bird map.tga","","128","128","1","BC3","MultiValue","3","4.871","0-10%"
"world a tents map.tga","","256","256","1","BC3","MultiValue","3","4.895","0-10%"
"world n odin statue map.tga","","128","128","1","BC3","MultiValue","3","4.901","0-10%"
"titan n troll map2.tga","","256","256","1","BC3","MultiValue","3","4.941","0-10%"
"archer g peltast copper.tga","","64","64","1","BC3","MultiValue","3","40.186","25-50%"
"infantry g hypaspist standard.tga","","64","64","1","BC3","MultiValue","3","41.65","25-50%"
"villager g male standard.tga","","64","64","1","BC3","MultiValue","3","42.725","25-50%"
"cavalry e camelry copper.tga","","64","64","1","BC3","MultiValue","3","43.872","25-50%"
"waypoint.tga","","64","64","1","BC3","MultiValue","3","44.409","25-50%"
"infantry e axeman standard.tga","","64","64","1","BC3","MultiValue","3","45.605","25-50%"
"villager e female.tga","","64","64","1","BC3","MultiValue","3","48.999","25-50%"
"villager n ox.tga","","64","64","1","BC3","MultiValue","3","5.029","0-10%"
"mu x stymphalian bird map.tga","","256","256","1","BC3","MultiValue","3","5.052","0-10%"
"building e obelisk.tga","","256","128","1","BC3","MultiValue","3","5.164","0-10%"
"cavalry x javelin horse copper.tga","","128","128","1","BC3","MultiValue","3","5.225","0-10%"
"cavalry x javelin horse standard.tga","","128","128","1","BC3","MultiValue","3","5.225","0-10%"
"special n frost giant upgrade.tga","","128","128","1","BC3","MultiValue","3","5.255","0-10%"
"special n frost giant.tga","","128","128","1","BC3","MultiValue","3","5.255","0-10%"
"special n king folstag upgrade.tga","","128","128","1","BC3","MultiValue","3","5.255","0-10%"
"statue x gaia map.tga","","128","128","1","BC3","MultiValue","3","5.255","0-10%"
"world g tent.tga","","128","128","1","BC3","MultiValue","3","5.273","0-10%"
"cavalry g scout horse.tga","","128","128","1","BC3","MultiValue","3","5.328","0-10%"
"mu x promethean map.tga","","64","64","1","BC3","MultiValue","3","5.371","0-10%"
"cavalry n jarl horse standard.tga","","128","128","1","BC3","MultiValue","3","5.438","0-10%"
"special e sphinx.tga","","128","128","1","BC3","MultiValue","3","5.499","0-10%"
"cavalry n jarl copper.tga","","64","64","1","BC3","MultiValue","3","5.518","0-10%"
"siege n ram iron.tga","","128","128","1","BC3","MultiValue","3","5.548","0-10%"
"siege n ram.tga","","128","128","1","BC3","MultiValue","3","5.548","0-10%"
"special n battle boar.tga","","128","128","1","BC3","MultiValue","3","5.548","0-10%"
"agamemnon map.tga","","256","256","1","BC3","MultiValue","3","5.562","0-10%"
"cavalry e war elephant iron.tga","","256","128","1","BC3","MultiValue","3","5.728","0-10%"
"cavalry e war elephant bronze.tga","","256","128","1","BC3","MultiValue","3","5.804","0-10%"
"naval e pirate ship.tga","","256","256","1","BC3","MultiValue","3","5.92","0-10%"
"scenario e guardian.tga","","128","128","1","BC3","MultiValue","3","5.963","0-10%"
"infantry g militia.tga","","64","64","1","BC3","MultiValue","3","52.148","50-75%"
"scenario e great box camel.tga","","256","256","1","BC3","MultiValue","3","52.751","50-75%"
"villager g female.tga","","64","64","1","BC3","MultiValue","3","52.832","50-75%"
"archer n throwing axeman standard.tga","","64","64","1","BC3","MultiValue","3","52.93","50-75%"
"archer g peltast standard.tga","","64","64","1","BC3","MultiValue","3","53.735","50-75%"
"building g titan gate map.tga","","256","256","1","BC3","MultiValue","3","57.895","50-75%"
"cine a jarl helmet map.tga","","128","128","1","BC3","MultiValue","3","6.03","0-10%"
"trade e caravan camel.tga","","128","128","1","BC3","MultiValue","3","6.042","0-10%"
"trade n caravan cargo.tga","","128","128","1","BC3","MultiValue","3","6.238","0-10%"
"cavalry e war elephant basket copper.tga","","64","64","1","BC3","MultiValue","3","6.299","0-10%"
"special e pharaoh.tga","","64","64","1","BC3","MultiValue","3","6.323","0-10%"
"sfx a serpent.tga","","64","64","1","BC3","MultiValue","3","6.372","0-10%"
"athenamap.tga","","256","256","1","BC3","MultiValue","3","6.381","0-10%"
"scenario theocrat.tga","","64","64","1","BC3","MultiValue","3","6.519","0-10%"
"special n troll.tga","","128","128","1","BC3","MultiValue","3","6.592","0-10%"
"cine x trident soldier shield.tga","","256","256","1","BC3","MultiValue","3","6.628","0-10%"
"cavalry x lancer horse copper.tga","","128","128","1","BC3","MultiValue","3","6.677","0-10%"
"cavalry x lancer horse standard.tga","","128","128","1","BC3","MultiValue","3","6.677","0-10%"
"sfx a healing spring stone.tga","","256","256","1","BC3","MultiValue","3","6.729","0-10%"
"hero g atalanta shield.tga","","64","32","1","BC3","MultiValue","3","6.982","0-10%"
"cavalry g prodromos standard.tga","","64","64","1","BC3","MultiValue","3","63.11","50-75%"
"scenario g odysseus map.tga","","64","64","1","BC3","MultiValue","3","65.063","50-75%"
"scenario g old man map.tga","","64","64","1","BC3","MultiValue","3","65.674","50-75%"
"special g medusa map.tga","","64","64","1","BC3","MultiValue","3","65.796","50-75%"
"world n garrison flag.tga","","64","32","1","BC3","MultiValue","3","66.504","50-75%"
"world e garrison flag.tga","","64","32","1","BC3","MultiValue","3","67.236","50-75%"
"special g medusa.tga","","128","128","1","BC3","MultiValue","3","67.932","50-75%"
"naval n utility map.tga","","256","256","1","BC3","MultiValue","3","68.674","50-75%"
"special e wadjet.tga","","128","128","1","BC3","MultiValue","3","69.495","50-75%"
"infantry e spearman map.tga","","64","64","1","BC3","MultiValue","3","69.775","50-75%"
"special g athena.tga","","128","128","1","BC3","MultiValue","3","7.007","0-10%"
"infantry n huskarl bronze.tga","","64","64","1","BC3","MultiValue","3","7.104","0-10%"
"infantry n huskarl copper.tga","","64","64","1","BC3","MultiValue","3","7.104","0-10%"
"infantry n huskarl iron.tga","","64","64","1","BC3","MultiValue","3","7.104","0-10%"
"infantry n huskarl standard.tga","","64","64","1","BC3","MultiValue","3","7.104","0-10%"
"special g chimera map.tga","","64","64","1","BC3","MultiValue","3","7.129","0-10%"
"cine g kastor map.tga","","256","256","1","BC3","MultiValue","3","7.161","0-10%"
"cavalry n jarl bronze.tga","","64","64","1","BC3","MultiValue","3","7.202","0-10%"
"cavalry n jarl iron.tga","","64","64","1","BC3","MultiValue","3","7.202","0-10%"
"attachments mu x automaton.tga","","64","64","1","BC3","MultiValue","3","7.373","0-10%"
"cavalry e war elephant basket iron.tga","","64","64","1","BC3","MultiValue","3","7.446","0-10%"
"theocrat map.tga","","256","256","1","BC3","MultiValue","3","7.521","0-10%"
"scenario c gargarensis map.tga","","128","128","1","BC3","MultiValue","3","7.611","0-10%"
"special n fire giant.tga","","128","128","1","BC3","MultiValue","3","7.648","0-10%"
"titan x promethean 1.tga","","256","256","1","BC3","MultiValue","3","7.755","0-10%"
"naval g all wrecked.tga","","256","256","1","BC3","MultiValue","3","74.352","50-75%"
"naval g all.tga","","256","256","1","BC3","MultiValue","3","74.352","50-75%"
"scenario n thors hammer cart.tga","","128","64","1","BC3","MultiValue","3","74.438","50-75%"
"infantry e axeman map.tga","","64","64","1","BC3","MultiValue","3","74.585","50-75%"
"naval e all.tga","","256","256","1","BC3","MultiValue","3","75.522","75-100%"
"siege n catapult map.tga","","256","256","1","BC3","MultiValue","3","75.826","75-100%"
"archer e slinger map.tga","","64","64","1","BC3","MultiValue","3","75.879","75-100%"
"naval x all.tga","","256","256","1","BC3","MultiValue","3","75.914","75-100%"
"infantry g hoplite map_01.tga","","64","64","1","BC3","MultiValue","3","76.611","75-100%"
"infantry g hoplite map_02.tga","","64","64","1","BC3","MultiValue","3","76.611","75-100%"
"infantry g hoplite map_03.tga","","64","64","1","BC3","MultiValue","3","76.611","75-100%"
"infantry g hoplite map_04.tga","","64","64","1","BC3","MultiValue","3","76.611","75-100%"
"test flags.tga","","128","128","1","BC3","MultiValue","3","78.54","75-100%"
"cine x hp fanaticmap.tga","","256","256","1","BC3","MultiValue","3","8.017","0-10%"
"cavalry e war elephant basket bronze.tga","","64","64","1","BC3","MultiValue","3","8.032","0-10%"
"cine n huskarl.tga","","256","256","1","BC3","MultiValue","3","8.035","0-10%"
"hero g athena low map.tga","","64","64","1","BC3","MultiValue","3","8.057","0-10%"
"cine x trident soldier.tga","","256","256","1","BC3","MultiValue","3","8.099","0-10%"
"trade n caravan ox.tga","","128","128","1","BC3","MultiValue","3","8.246","0-10%"
"hero g chiron shield.tga","","64","32","1","BC3","MultiValue","3","8.301","0-10%"
"building x wall age2.tga","","256","256","1","BC3","MultiValue","3","8.45","0-10%"
"scenario c kamos.tga","","128","128","1","BC3","MultiValue","3","8.551","0-10%"
"cavalry e war elephant rider copper.tga","","64","64","1","BC3","MultiValue","3","8.643","0-10%"
"infantry n ulfsark map.tga","","64","64","1","BC3","MultiValue","3","8.643","0-10%"
"mu x atlantean satyr map.tga","","128","128","1","BC3","MultiValue","3","8.82","0-10%"
"infantry n bondi standard.tga","","64","64","1","BC3","MultiValue","20","8.838","0-10%"
"naval n kraken upgrade.tga","","128","64","1","BC3","MultiValue","3","8.838","0-10%"
"naval n kraken.tga","","128","64","1","BC3","MultiValue","3","8.838","0-10%"
"cine a skult map.tga","","256","256","1","BC3","MultiValue","3","8.997","0-10%"
"cavalry x lancer cape iron.tga","","32","64","1","BC3","MultiValue","3","82.227","75-100%"
"infantry x trident soldier cape iron.tga","","32","64","1","BC3","MultiValue","3","83.496","75-100%"
"infantry n bondi head bronze.tga","","32","32","1","BC3","MultiValue","4","87.891","75-100%"
"infantry n bondi head copper.tga","","32","32","1","BC3","MultiValue","4","87.891","75-100%"
"infantry n bondi head iron.tga","","32","32","1","BC3","MultiValue","4","87.891","75-100%"
"infantry n bondi head standard.tga","","32","32","1","BC3","MultiValue","4","87.891","75-100%"
"special g minotaur.tga","","128","128","1","BC3","MultiValue","3","9.07","0-10%"
"gine g kamos map.tga","","256","256","1","BC3","MultiValue","3","9.174","0-10%"
"special e apep map.tga","","128","128","1","BC3","MultiValue","3","9.174","0-10%"
"cine n reginleif map.tga","","256","256","1","BC3","MultiValue","3","9.198","0-10%"
"special e scorpion man upgrade.tga","","128","128","1","BC3","MultiValue","3","9.241","0-10%"
"special e scorpion man.tga","","128","128","1","BC3","MultiValue","3","9.241","0-10%"
"lp mu x argus map.tga","","128","128","1","BC3","MultiValue","3","9.265","0-10%"
"special g medusa low map.tga","","64","64","1","BC3","MultiValue","3","9.326","0-10%"
"cine g gargarensis map.tga","","256","256","1","BC3","MultiValue","3","9.419","0-10%"
"mu x argus map.tga","","256","256","1","BC3","MultiValue","3","9.903","0-10%"
"scenario n reginleif weapons map.tga","","64","64","1","BC3","MultiValue","3","9.912","0-10%"
"special n troll bag.tga","","64","32","1","BC3","MultiValue","3","9.912","0-10%"
"archer e slinger head bronze.tga","","32","32","1","BC3","MultiValue","3","9.961","0-10%"
"archer e slinger head copper.tga","","32","32","1","BC3","MultiValue","3","9.961","0-10%"
"archer e slinger head iron.tga","","32","32","1","BC3","MultiValue","3","9.961","0-10%"
"archer e slinger head standard.tga","","32","32","1","BC3","MultiValue","3","9.961","0-10%"
"cine x trident soldier cape.tga","","128","256","1","BC3","MultiValue","3","91.968","75-100%"
"scenario u ferryman map.tga","","64","64","1","BC3","MultiValue","3","97.314","75-100%"
"building e shrine.tga","","256","256","1","BC3","MultiValue","3","98.882","75-100%"
"archer c crossbowman head standard.tga","","32","32","4","BC3","Binary","1","0","0-10%"
"archer c mounted archer head bronze.tga","","32","32","4","BC3","Binary","1","0","0-10%"
"archer c mounted archer head copper.tga","","32","32","4","BC3","Binary","1","0","0-10%"
"archer c mounted archer head iron.tga","","32","32","4","BC3","Binary","1","0","0-10%"
"archer c mounted archer head standard.tga","","32","32","4","BC3","Binary","1","0","0-10%"
"archer n normal head bronze.tga","","32","32","4","BC3","Binary","1","0","0-10%"
"archer n normal head copper.tga","","32","32","4","BC3","Binary","1","0","0-10%"
"archer n normal head iron.tga","","32","32","4","BC3","Binary","1","0","0-10%"
"archer n normal head standard.tga","","32","32","4","BC3","Binary","1","0","0-10%"
"building c roofage1.tga","","256","256","4","BC3","Binary","1","0","0-10%"
"building c roofage2.tga","","256","256","4","BC3","Binary","1","0","0-10%"
"building c roofage3.tga","","256","256","4","BC3","Binary","1","0","0-10%"
"building c roofage4.tga","","256","256","4","BC3","Binary","1","0","0-10%"
"building c special.tga","","256","256","4","BC3","Binary","1","0","0-10%"
"building c titan gate rocks.tga","","128","128","4","BC3","Binary","1","0","0-10%"
"building c wonder city floor.tga","","256","256","4","BC3","Binary","1","0","0-10%"
"building c wonder city roof.tga","","256","256","4","BC3","Binary","1","0","0-10%"
"building c wonder city walls.tga","","256","256","4","BC3","Binary","1","0","0-10%"
"building c wonder palace floor.tga","","256","256","4","BC3","Binary","1","0","0-10%"
"building c wonder palace roof.tga","","256","256","4","BC3","Binary","1","0","0-10%"
"building e fortress accessories02.tga","","256","256","4","BC3","Binary","1","0","0-10%"
"building e fortress.tga","","256","256","4","BC3","Binary","1","0","0-10%"
"cine c emperor.tga","","512","512","4","BC3","Binary","1","0","0-10%"
"hero c monk head.tga","","32","32","4","BC3","Binary","1","0","0-10%"
"hero c monk weapon.tga","","16","128","4","BC3","Binary","1","0","0-10%"
"hero g physician head.tga","","32","32","4","BC3","Binary","1","0","0-10%"
"scenario c danzhu head.tga","","32","32","4","BC3","Binary","1","0","0-10%"
"scenario c shun head.tga","","32","32","4","BC3","Binary","1","0","0-10%"
"scenario c zhi head.tga","","64","64","4","BC3","Binary","1","0","0-10%"
"sfx c growth vines.tga","","64","64","4","BC3","Binary","1","0","0-10%"
"trade c caravan.tga","","64","64","4","BC3","Binary","1","0","0-10%"
"world c dam.tga","","128","128","4","BC3","Binary","1","0","0-10%"
"world c statue shennong head.tga","","64","64","4","BC3","Binary","1","0","0-10%"
"building c wonder temple.tga","","256","256","4","BC3","Binary","2","0.873","0-10%"
"building c earthen wall.tga","","256","256","4","BC3","Binary","2","1.91","0-10%"
"building c fortified wall.tga","","256","256","4","BC3","Binary","2","1.91","0-10%"
"building c great wall.tga","","256","256","4","BC3","Binary","2","1.91","0-10%"
"building c stone wall.tga","","256","256","4","BC3","Binary","2","1.91","0-10%"
"animal duck map.tga","","64","64","4","BC3","Binary","1","100","75-100%"
"animal lizard map.tga","","64","64","4","BC3","Binary","1","100","75-100%"
"animal tiger map.tga","","128","128","4","BC3","Binary","1","100","75-100%"
"attachment c halberd head bronze.tga","","32","32","4","BC3","Binary","1","100","75-100%"
"attachment c halberd head copper.tga","","32","32","4","BC3","Binary","1","100","75-100%"
"attachment c halberd head iron.tga","","32","32","4","BC3","Binary","1","100","75-100%"
"attachment c halberd head standard.tga","","32","32","4","BC3","Binary","1","100","75-100%"
"attachments c fire lance.tga","","64","128","4","BC3","Binary","1","100","75-100%"
"attachments c halberd bronze.tga","","128","16","4","BC3","Binary","1","100","75-100%"
"attachments c halberd copper.tga","","128","16","4","BC3","Binary","1","100","75-100%"
"attachments c halberd iron.tga","","128","16","4","BC3","Binary","1","100","75-100%"
"attachments c halberd standard.tga","","128","16","4","BC3","Binary","1","100","75-100%"
"attachments c sword jiaolong.tga","","32","16","4","BC3","Binary","1","100","75-100%"
"cine c shun spear.tga","","128","256","4","BC3","Binary","1","100","75-100%"
"hero c general cape.tga","","128","128","4","BC3","Binary","1","100","75-100%"
"siege c sitting tiger projectile.tga","","32","32","4","BC3","Binary","1","100","75-100%"
"temp santa hat.tga","","64","64","4","BC3","Binary","1","100","75-100%"
"hero c general flag.tga","","128","64","4","BC3","Binary","2","15.808","10-25%"
"building c tower age2.tga","","256","256","4","BC3","Binary","2","2.094","0-10%"
"building c tower age3.tga","","256","256","4","BC3","Binary","2","2.094","0-10%"
"building c tower age4.tga","","256","256","4","BC3","Binary","2","2.094","0-10%"
"world c statue nuwa stand.tga","","32","64","4","BC3","Binary","2","3.125","0-10%"
"infantry e khopesh head bronze.tga","","64","32","4","BC3","Binary","2","49.658","25-50%"
"infantry e khopesh head copper.tga","","64","32","4","BC3","Binary","2","49.658","25-50%"
"infantry e khopesh head iron.tga","","64","32","4","BC3","Binary","2","49.658","25-50%"
"infantry e khopesh head standard.tga","","64","32","4","BC3","Binary","2","49.658","25-50%"
"siege c sitting tiger iron.tga","","64","64","4","BC3","Binary","2","5.981","0-10%"
"siege c sitting tiger.tga","","64","64","4","BC3","Binary","2","5.981","0-10%"
"building e fortress accessories.tga","","256","256","4","BC3","MultiValue","31","0","0-10%"
"building e wonder accessories.tga","","256","256","4","BC3","MultiValue","30","0","0-10%"
"naval g giant turtle.tga","","256","256","4","BC3","MultiValue","244","0","0-10%"
"special g giant turtle.tga","","256","256","4","BC3","MultiValue","244","0","0-10%"
"special g pegasus wings.tga","","64","64","4","BC3","MultiValue","42","0","0-10%"
"titan e ra pads map.tga","","64","64","4","BC3","MultiValue","172","0","0-10%"
"titan e ra skirt map.tga","","256","256","4","BC3","MultiValue","239","0","0-10%"
"titan x gaia.tga","","256","256","4","BC3","MultiValue","165","0","0-10%"
"titan x golem map1.tga","","256","256","4","BC3","MultiValue","242","0","0-10%"
"building c wonder palace walls.tga","","256","256","4","BC3","MultiValue","11","0.024","0-10%"
"archer c mounted archer horse bronze.tga","","128","128","4","BC3","MultiValue","70","0.391","0-10%"
"archer c mounted archer horse copper.tga","","128","128","4","BC3","MultiValue","70","0.391","0-10%"
"archer c mounted archer horse iron.tga","","128","128","4","BC3","MultiValue","70","0.391","0-10%"
"archer c mounted archer horse standard.tga","","128","128","4","BC3","MultiValue","70","0.391","0-10%"
"building c wallsage1.tga","","256","256","4","BC3","MultiValue","11","0.476","0-10%"
"building c wallsage2.tga","","256","256","4","BC3","MultiValue","11","0.476","0-10%"
"building c wallsage3.tga","","256","256","4","BC3","MultiValue","11","0.476","0-10%"
"building c wallsage4.tga","","256","256","4","BC3","MultiValue","11","0.476","0-10%"
"hero c general head.tga","","32","32","4","BC3","MultiValue","48","0.879","0-10%"
"animal yak.tga","","128","128","4","BC3","MultiValue","14","1.025","0-10%"
"animal white tiger map.tga","","128","128","4","BC3","MultiValue","12","1.031","0-10%"
"cine c danzhu.tga","","256","256","4","BC3","MultiValue","101","1.178","0-10%"
"cavalry c chariot horse standard.tga","","128","128","4","BC3","MultiValue","111","1.617","0-10%"
"scenario c danzhu.tga","","128","128","4","BC3","MultiValue","55","1.691","0-10%"
"hero g physician.tga","","64","64","4","BC3","MultiValue","83","1.733","0-10%"
"special c vermillion bird.tga","","256","256","4","BC3","MultiValue","111","1.988","0-10%"
"archer c crossbowman standard.tga","","64","64","4","BC3","MultiValue","104","10.498","10-25%"
"cavalry c chariot bronze.tga","","128","128","4","BC3","MultiValue","78","10.681","10-25%"
"cavalry c chariot copper.tga","","128","128","4","BC3","MultiValue","78","10.681","10-25%"
"cavalry c chariot iron.tga","","128","128","4","BC3","MultiValue","78","10.681","10-25%"
"cavalry c chariot standard.tga","","128","128","4","BC3","MultiValue","78","10.681","10-25%"
"archer c crossbowman bronze.tga","","64","64","4","BC3","MultiValue","93","11.23","10-25%"
"archer c crossbowman copper.tga","","64","64","4","BC3","MultiValue","93","11.23","10-25%"
"archer c crossbowman iron.tga","","64","64","4","BC3","MultiValue","93","11.23","10-25%"
"special c terracotta soldier.tga","","128","128","4","BC3","MultiValue","8","11.621","10-25%"
"cavalry c scout iron.tga","","64","64","4","BC3","MultiValue","95","13.428","10-25%"
"cine c jiaolong.tga","","256","256","4","BC3","MultiValue","216","14.388","10-25%"
"siege c fire lance iron.tga","","64","64","4","BC3","MultiValue","102","14.453","10-25%"
"archer n normal standard.tga","","64","64","4","BC3","MultiValue","8","14.526","10-25%"
"special c azure dragon.tga","","256","128","4","BC3","MultiValue","189","14.825","10-25%"
"infantry c halberdier iron.tga","","64","64","4","BC3","MultiValue","114","15.527","10-25%"
"cavalry c cataphract horse bronze.tga","","128","128","4","BC3","MultiValue","77","15.607","10-25%"
"cavalry c cataphract horse copper.tga","","128","128","4","BC3","MultiValue","77","15.607","10-25%"
"cavalry c cataphract horse iron.tga","","128","128","4","BC3","MultiValue","77","15.607","10-25%"
"cavalry c cataphract horse standard.tga","","128","128","4","BC3","MultiValue","77","15.607","10-25%"
"special c monkey king.tga","","128","256","4","BC3","MultiValue","175","16.342","10-25%"
"cavalry c cataphract copper.tga","","64","64","4","BC3","MultiValue","79","16.895","10-25%"
"scenario c jiaolong.tga","","256","256","4","BC3","MultiValue","180","17.172","10-25%"
"hero c general horse.tga","","128","128","4","BC3","MultiValue","140","2.228","0-10%"
"hero c monk.tga","","64","64","4","BC3","MultiValue","79","2.295","0-10%"
"cavalry c chariot horse bronze.tga","","256","256","4","BC3","MultiValue","145","2.373","0-10%"
"cavalry c chariot horse iron.tga","","256","256","4","BC3","MultiValue","145","2.373","0-10%"
"special c salamander.tga","","128","128","4","BC3","MultiValue","153","2.606","0-10%"
"siege x onager iron.tga","","64","64","4","BC3","MultiValue","4","2.979","0-10%"
"siege x onager.tga","","64","64","4","BC3","MultiValue","4","2.979","0-10%"
"cine c shun.tga","","512","512","4","BC3","MultiValue","252","20.051","10-25%"
"special c jiangshi head.tga","","32","32","4","BC3","MultiValue","33","21.484","10-25%"
"cavalry c scout bronze.tga","","64","64","4","BC3","MultiValue","96","21.753","10-25%"
"siege c fire lance bronze.tga","","64","64","4","BC3","MultiValue","99","24.243","10-25%"
"siege c fire lance.tga","","64","64","4","BC3","MultiValue","100","24.243","10-25%"
"infantry e khopesh standard.tga","","64","64","4","BC3","MultiValue","45","26.343","25-50%"
"cavalry c scout head bronze.tga","","32","32","4","BC3","MultiValue","31","26.758","25-50%"
"cavalry c scout head copper.tga","","32","32","4","BC3","MultiValue","31","26.758","25-50%"
"cavalry c scout head iron.tga","","32","32","4","BC3","MultiValue","31","26.758","25-50%"
"cavalry c scout head standard.tga","","32","32","4","BC3","MultiValue","31","26.758","25-50%"
"infantry c halberdier bronze.tga","","64","64","4","BC3","MultiValue","108","27.539","25-50%"
"infantry e khopesh iron.tga","","64","64","4","BC3","MultiValue","92","27.808","25-50%"
"infantry e khopesh bronze.tga","","64","64","4","BC3","MultiValue","89","28.394","25-50%"
"cavalry c scout copper.tga","","64","64","4","BC3","MultiValue","84","28.418","25-50%"
"hero c immortal.tga","","64","64","4","BC3","MultiValue","70","29.98","25-50%"
"naval c all.tga","","256","256","4","BC3","MultiValue","158","3.027","0-10%"
"siege c fire lance head bronze.tga","","64","32","4","BC3","MultiValue","18","3.906","0-10%"
"siege c fire lance head iron.tga","","64","32","4","BC3","MultiValue","18","3.906","0-10%"
"siege c fire lance head.tga","","64","32","4","BC3","MultiValue","18","3.906","0-10%"
"trade c caravan cargo.tga","","64","64","4","BC3","MultiValue","25","3.955","0-10%"
"special c earth dragon.tga","","256","256","4","BC3","MultiValue","243","33.531","25-50%"
"cavalry c cataphract standard.tga","","64","64","4","BC3","MultiValue","96","33.545","25-50%"
"infantry c halberdier copper.tga","","64","64","4","BC3","MultiValue","95","33.691","25-50%"
"attachments c flag naval.tga","","64","32","4","BC3","MultiValue","14","35.498","25-50%"
"cavalry c charioteer iron.tga","","256","256","4","BC3","MultiValue","194","37.169","25-50%"
"infantry e khopesh copper.tga","","64","64","4","BC3","MultiValue","126","37.183","25-50%"
"cavalry c charioteer bronze.tga","","256","256","4","BC3","MultiValue","188","38.922","25-50%"
"villager c male standard.tga","","64","64","4","BC3","MultiValue","35","39.185","25-50%"
"world c statue shennong.tga","","128","128","4","BC3","MultiValue","9","4.443","0-10%"
"Animal William Walrus Map.tga","","256","256","4","BC3","MultiValue","68","4.701","0-10%"
"titan c pangu.tga","","1024","512","4","BC3","MultiValue","229","4.809","0-10%"
"infantry c halberdier standard.tga","","64","64","4","BC3","MultiValue","88","41.553","25-50%"
"sfx c earth dragon hole.tga","","256","256","4","BC3","MultiValue","256","43.079","25-50%"
"cavalry c scout standard.tga","","64","64","4","BC3","MultiValue","106","43.506","25-50%"
"cine c zhi.tga","","256","256","4","BC3","MultiValue","254","44.72","25-50%"
"world a underworld crator.tga","","256","256","4","BC3","MultiValue","256","44.983","25-50%"
"world c statue nuwa.tga","","128","128","4","BC3","MultiValue","131","5.658","0-10%"
"special c dragon turtle.tga","","256","256","4","BC3","MultiValue","143","5.861","0-10%"
"villager c female.tga","","256","256","4","BC3","MultiValue","145","50.017","50-75%"
"cavalry c charioteer standard.tga","","256","256","4","BC3","MultiValue","190","50.594","50-75%"
"special c jiangshi.tga","","128","128","4","BC3","MultiValue","81","57.91","50-75%"
"Special C Pixiu.tga","","512","256","4","BC3","MultiValue","232","6.004","0-10%"
"scenario c zhi.tga","","128","128","4","BC3","MultiValue","77","65.656","50-75%"
"hero c general flag alpha.tga","","32","32","4","BC3","MultiValue","4","65.723","50-75%"
"special c vermillion bird wing.tga","","256","128","4","BC3","MultiValue","244","7.178","0-10%"
"cavalry c scout horse standard.tga","","128","128","4","BC3","MultiValue","120","7.69","0-10%"
"cavalry c cataphract head bronze.tga","","32","32","4","BC3","MultiValue","18","7.812","0-10%"
"cavalry c cataphract head copper.tga","","32","32","4","BC3","MultiValue","18","7.812","0-10%"
"cavalry c cataphract head iron.tga","","32","32","4","BC3","MultiValue","18","7.812","0-10%"
"cavalry c cataphract head standard.tga","","32","32","4","BC3","MultiValue","18","7.812","0-10%"
"infantry c halberdier head bronze.tga","","32","32","4","BC3","MultiValue","18","7.812","0-10%"
"infantry c halberdier head copper.tga","","32","32","4","BC3","MultiValue","18","7.812","0-10%"
"infantry c halberdier head iron.tga","","32","32","4","BC3","MultiValue","18","7.812","0-10%"
"infantry c halberdier head standard.tga","","32","32","4","BC3","MultiValue","18","7.812","0-10%"
"special c terracotta soldier head.tga","","32","32","4","BC3","MultiValue","18","7.812","0-10%"
"cavalry c scout horse bronze.tga","","128","128","4","BC3","MultiValue","109","8.337","0-10%"
"cavalry c scout horse copper.tga","","128","128","4","BC3","MultiValue","109","8.337","0-10%"
"cavalry c scout horse iron.tga","","128","128","4","BC3","MultiValue","109","8.337","0-10%"
"cavalry c cataphract bronze.tga","","64","64","4","BC3","MultiValue","101","8.667","0-10%"
"cavalry c cataphract iron.tga","","64","64","4","BC3","MultiValue","101","8.667","0-10%"
"scenario c jiaolong head.tga","","64","64","4","BC3","MultiValue","36","8.838","0-10%"
"archer c mounted archer bronze.tga","","64","64","4","BC3","MultiValue","25","9.521","0-10%"
"archer c mounted archer copper.tga","","64","64","4","BC3","MultiValue","25","9.521","0-10%"
"archer c mounted archer iron.tga","","64","64","4","BC3","MultiValue","24","9.521","0-10%"
"archer c mounted archer standard.tga","","64","64","4","BC3","MultiValue","24","9.521","0-10%"
"archer c crossbowman head bronze.tga","","32","32","4","BC3","MultiValue","60","9.668","0-10%"
"archer c crossbowman head copper.tga","","32","32","4","BC3","MultiValue","60","9.668","0-10%"
"archer c crossbowman head iron.tga","","32","32","4","BC3","MultiValue","60","9.668","0-10%"
"hero c general.tga","","128","128","4","BC3","MultiValue","139","9.735","0-10%"
"cine c shun shoulder.tga","","128","128","4","BC3","MultiValue","4","96.68","75-100%"
"building c props.tga","","256","256","4","BC3","MultiValue","69","99.255","75-100%"
