"Filename","Category","Width","Height","OpaquePixels","OpaqueCoveragePct","AlphaValueCount","BTIFile","BTILine"
"animal cow a map.tga","Animal","128","128","440","2.686","2","D:\AI_upscaling\AoMEE\extracted\textures\animal cow a map.bti","alpha=1 noalphatest fmt=BC3"
"animal cow b map.tga","Animal","128","128","440","2.686","2","D:\AI_upscaling\AoMEE\extracted\textures\animal cow b map.bti","alpha=1 noalphatest fmt=BC3"
"animal cow c map.tga","Animal","128","128","440","2.686","2","D:\AI_upscaling\AoMEE\extracted\textures\animal cow c map.bti","alpha=1 noalphatest fmt=BC3"
"animal goatnubian map.tga","Animal","64","64","74","1.807","2","D:\AI_upscaling\AoMEE\extracted\textures\animal goatnubian map.bti","alpha=1 noalphatest fmt=BC3"
"building c earthen wall.tga","Building","256","256","1252","1.91","2","D:\AI_upscaling\AoMEE\extracted\textures\building c earthen wall.bti","alpha=4 noalphatest fmt=BC3"
"building c fortified wall.tga","Building","256","256","1252","1.91","2","D:\AI_upscaling\AoMEE\extracted\textures\building c fortified wall.bti","alpha=4 noalphatest fmt=BC3"
"building c great wall.tga","Building","256","256","1252","1.91","2","D:\AI_upscaling\AoMEE\extracted\textures\building c great wall.bti","alpha=4 noalphatest fmt=BC3"
"building c stone wall.tga","Building","256","256","1252","1.91","2","D:\AI_upscaling\AoMEE\extracted\textures\building c stone wall.bti","alpha=4 noalphatest fmt=BC3"
"building c tower age2.tga","Building","256","256","1372","2.094","2","D:\AI_upscaling\AoMEE\extracted\textures\building c tower age2.bti","alpha=4 noalphatest fmt=BC3"
"building c tower age3.tga","Building","256","256","1372","2.094","2","D:\AI_upscaling\AoMEE\extracted\textures\building c tower age3.bti","alpha=4 noalphatest fmt=BC3"
"building c tower age4.tga","Building","256","256","1372","2.094","2","D:\AI_upscaling\AoMEE\extracted\textures\building c tower age4.bti","alpha=4 noalphatest fmt=BC3"
"building c wonder temple.tga","Building","256","256","572","0.873","2","D:\AI_upscaling\AoMEE\extracted\textures\building c wonder temple.bti","alpha=4 noalphatest fmt=BC3"
"building e age2 accessories burnt.tga","Building","256","256","1000","1.526","2","D:\AI_upscaling\AoMEE\extracted\textures\building e age2 accessories burnt.bti","alpha=1 noalphatest fmt=BC3"
"building e age2 burnt.tga","Building","256","256","2012","3.07","2","D:\AI_upscaling\AoMEE\extracted\textures\building e age2 burnt.bti","alpha=1 noalphatest fmt=BC3"
"building e age2.tga","Building","256","256","2012","3.07","2","D:\AI_upscaling\AoMEE\extracted\textures\building e age2.bti","alpha=1 noalphatest fmt=BC3"
"building e age3 accessories.tga","Building","256","256","1058","1.614","2","D:\AI_upscaling\AoMEE\extracted\textures\building e age3 accessories.bti","alpha=1 noalphatest fmt=BC3"
"building e age4.tga","Building","256","256","3376","5.151","2","D:\AI_upscaling\AoMEE\extracted\textures\building e age4.bti","alpha=1 noalphatest fmt=BC3"
"building e isis wonder01.tga","Building","256","256","1344","2.051","2","D:\AI_upscaling\AoMEE\extracted\textures\building e isis wonder01.bti","alpha=1 noalphatest fmt=BC3"
"building e isis wonder02.tga","Building","256","256","1337","2.04","2","D:\AI_upscaling\AoMEE\extracted\textures\building e isis wonder02.bti","alpha=1 noalphatest fmt=BC3"
"building e lighthouse.tga","Building","256","256","1045","1.595","2","D:\AI_upscaling\AoMEE\extracted\textures\building e lighthouse.bti","alpha=1 noalphatest fmt=BC3"
"building e monument platforms.tga","Building","256","256","1475","2.251","2","D:\AI_upscaling\AoMEE\extracted\textures\building e monument platforms.bti","alpha=1 noalphatest fmt=BC3"
"building e outpost.tga","Building","256","256","172","0.262","2","D:\AI_upscaling\AoMEE\extracted\textures\building e outpost.bti","alpha=1 noalphatest fmt=BC3"
"building e ra wonder02.tga","Building","256","256","1374","2.097","2","D:\AI_upscaling\AoMEE\extracted\textures\building e ra wonder02.bti","alpha=1 noalphatest fmt=BC3"
"building e set wonder02.tga","Building","256","256","1404","2.142","2","D:\AI_upscaling\AoMEE\extracted\textures\building e set wonder02.bti","alpha=1 noalphatest fmt=BC3"
"building e settlement age2.tga","Building","256","256","2012","3.07","2","D:\AI_upscaling\AoMEE\extracted\textures\building e settlement age2.bti","alpha=1 noalphatest fmt=BC3"
"building e settlement age4.tga","Building","256","256","3376","5.151","2","D:\AI_upscaling\AoMEE\extracted\textures\building e settlement age4.bti","alpha=1 noalphatest fmt=BC3"
"building e shared01 2 map.tga","Building","256","256","2012","3.07","2","D:\AI_upscaling\AoMEE\extracted\textures\building e shared01 2 map.bti","alpha=1 noalphatest fmt=BC3"
"building e shared02 2 map.tga","Building","256","256","1058","1.614","2","D:\AI_upscaling\AoMEE\extracted\textures\building e shared02 2 map.bti","alpha=1 noalphatest fmt=BC3"
"building e titan gate map.tga","Building","256","256","1852","2.826","2","D:\AI_upscaling\AoMEE\extracted\textures\building e titan gate map.bti","alpha=1 noalphatest fmt=BC3"
"building e wall4.tga","Building","256","256","1240","1.892","2","D:\AI_upscaling\AoMEE\extracted\textures\building e wall4.bti","alpha=1 noalphatest fmt=BC3"
"building g age0.tga","Building","256","256","923","1.408","2","D:\AI_upscaling\AoMEE\extracted\textures\building g age0.bti","alpha=1 noalphatest fmt=BC3"
"building g fortifiedwall.tga","Building","256","256","1182","1.804","2","D:\AI_upscaling\AoMEE\extracted\textures\building g fortifiedwall.bti","alpha=1 noalphatest fmt=BC3"
"building g fortress.tga","Building","256","256","648","0.989","2","D:\AI_upscaling\AoMEE\extracted\textures\building g fortress.bti","alpha=1 noalphatest fmt=BC3"
"building g fortressroof.tga","Building","256","256","2348","3.583","2","D:\AI_upscaling\AoMEE\extracted\textures\building g fortressroof.bti","alpha=1 noalphatest fmt=BC3"
"building g fortresswall.tga","Building","256","256","1615","2.464","2","D:\AI_upscaling\AoMEE\extracted\textures\building g fortresswall.bti","alpha=1 noalphatest fmt=BC3"
"building g hades wonder.tga","Building","256","256","1536","2.344","2","D:\AI_upscaling\AoMEE\extracted\textures\building g hades wonder.bti","alpha=1 noalphatest fmt=BC3"
"building g roofage1.tga","Building","256","256","270","0.412","2","D:\AI_upscaling\AoMEE\extracted\textures\building g roofage1.bti","alpha=1 noalphatest fmt=BC3"
"building g settlementage1.tga","Building","256","256","933","1.424","2","D:\AI_upscaling\AoMEE\extracted\textures\building g settlementage1.bti","alpha=1 noalphatest fmt=BC3"
"building g settlementage2.tga","Building","256","256","1078","1.645","2","D:\AI_upscaling\AoMEE\extracted\textures\building g settlementage2.bti","alpha=1 noalphatest fmt=BC3"
"building g settlementage3.tga","Building","256","256","933","1.424","2","D:\AI_upscaling\AoMEE\extracted\textures\building g settlementage3.bti","alpha=1 noalphatest fmt=BC3"
"building g shared05 2 map.tga","Building","256","256","2268","3.461","2","D:\AI_upscaling\AoMEE\extracted\textures\building g shared05 2 map.bti","alpha=1 noalphatest fmt=BC3"
"building g shrine.tga","Building","256","256","208","0.317","2","D:\AI_upscaling\AoMEE\extracted\textures\building g shrine.bti","alpha=1 noalphatest fmt=BC3"
"building g temple.tga","Building","256","256","1308","1.996","2","D:\AI_upscaling\AoMEE\extracted\textures\building g temple.bti","alpha=1 noalphatest fmt=BC3"
"building g templeage1.tga","Building","256","256","993","1.515","2","D:\AI_upscaling\AoMEE\extracted\textures\building g templeage1.bti","alpha=1 noalphatest fmt=BC3"
"building g templeage2.tga","Building","256","256","969","1.479","2","D:\AI_upscaling\AoMEE\extracted\textures\building g templeage2.bti","alpha=1 noalphatest fmt=BC3"
"building g towers.tga","Building","256","256","1122","1.712","2","D:\AI_upscaling\AoMEE\extracted\textures\building g towers.bti","alpha=1 noalphatest fmt=BC3"
"building g wallsage1.tga","Building","256","256","2061","3.145","2","D:\AI_upscaling\AoMEE\extracted\textures\building g wallsage1.bti","alpha=1 noalphatest fmt=BC3"
"building g wallsage2.tga","Building","256","256","1596","2.435","2","D:\AI_upscaling\AoMEE\extracted\textures\building g wallsage2.bti","alpha=1 noalphatest fmt=BC3"
"building g wallsage3.tga","Building","256","256","2199","3.355","2","D:\AI_upscaling\AoMEE\extracted\textures\building g wallsage3.bti","alpha=1 noalphatest fmt=BC3"
"building g wonder.tga","Building","256","256","1047","1.598","2","D:\AI_upscaling\AoMEE\extracted\textures\building g wonder.bti","alpha=1 noalphatest fmt=BC3"
"building g zues wonder01.tga","Building","256","256","1813","2.766","2","D:\AI_upscaling\AoMEE\extracted\textures\building g zues wonder01.bti","alpha=1 noalphatest fmt=BC3"
"building n settlementage1.tga","Building","256","256","940","1.434","2","D:\AI_upscaling\AoMEE\extracted\textures\building n settlementage1.bti","alpha=1 noalphatest fmt=BC3"
"building n settlementage2.tga","Building","256","256","950","1.45","2","D:\AI_upscaling\AoMEE\extracted\textures\building n settlementage2.bti","alpha=1 noalphatest fmt=BC3"
"building n settlementage3.tga","Building","256","256","1076","1.642","2","D:\AI_upscaling\AoMEE\extracted\textures\building n settlementage3.bti","alpha=1 noalphatest fmt=BC3"
"building n shared01 1 map.tga","Building","256","256","1113","1.698","2","D:\AI_upscaling\AoMEE\extracted\textures\building n shared01 1 map.bti","alpha=1 noalphatest fmt=BC3"
"building n shared01 3 map.tga","Building","256","256","1308","1.996","2","D:\AI_upscaling\AoMEE\extracted\textures\building n shared01 3 map.bti","alpha=1 noalphatest fmt=BC3"
"building n shared06 2 map.tga","Building","256","256","898","1.37","2","D:\AI_upscaling\AoMEE\extracted\textures\building n shared06 2 map.bti","alpha=1 noalphatest fmt=BC3"
"building n templeage1.tga","Building","256","256","879","1.341","2","D:\AI_upscaling\AoMEE\extracted\textures\building n templeage1.bti","alpha=1 noalphatest fmt=BC3"
"building n templeage2.tga","Building","256","256","879","1.341","2","D:\AI_upscaling\AoMEE\extracted\textures\building n templeage2.bti","alpha=1 noalphatest fmt=BC3"
"building n templeage3.tga","Building","256","256","879","1.341","2","D:\AI_upscaling\AoMEE\extracted\textures\building n templeage3.bti","alpha=1 noalphatest fmt=BC3"
"building n thorarmory.tga","Building","256","256","564","0.861","2","D:\AI_upscaling\AoMEE\extracted\textures\building n thorarmory.bti","alpha=1 noalphatest fmt=BC3"
"building x palace age2.tga","Building","256","256","384","0.586","2","D:\AI_upscaling\AoMEE\extracted\textures\building x palace age2.bti","alpha=1 noalphatest fmt=BC3"
"building x palace age3.tga","Building","256","256","1100","1.678","2","D:\AI_upscaling\AoMEE\extracted\textures\building x palace age3.bti","alpha=1 noalphatest fmt=BC3"
"building x roof age0.tga","Building","256","256","868","1.324","2","D:\AI_upscaling\AoMEE\extracted\textures\building x roof age0.bti","alpha=1 noalphatest fmt=BC3"
"building x roof age1.tga","Building","256","256","1364","2.081","2","D:\AI_upscaling\AoMEE\extracted\textures\building x roof age1.bti","alpha=1 noalphatest fmt=BC3"
"building x titangate.tga","Building","256","256","272","0.415","2","D:\AI_upscaling\AoMEE\extracted\textures\building x titangate.bti","alpha=1 noalphatest fmt=BC3"
"building x tower watch2.tga","Building","256","256","994","1.517","2","D:\AI_upscaling\AoMEE\extracted\textures\building x tower watch2.bti","alpha=1 noalphatest fmt=BC3"
"building x tower watch3.tga","Building","256","256","994","1.517","2","D:\AI_upscaling\AoMEE\extracted\textures\building x tower watch3.bti","alpha=1 noalphatest fmt=BC3"
"building x tower watch4.tga","Building","256","256","924","1.41","2","D:\AI_upscaling\AoMEE\extracted\textures\building x tower watch4.bti","alpha=1 noalphatest fmt=BC3"
"building x wall bronze.tga","Building","256","256","936","1.428","2","D:\AI_upscaling\AoMEE\extracted\textures\building x wall bronze.bti","alpha=1 noalphatest fmt=BC3"
"building x wall iron.tga","Building","256","256","865","1.32","2","D:\AI_upscaling\AoMEE\extracted\textures\building x wall iron.bti","alpha=1 noalphatest fmt=BC3"
"building x wall oreichalkos.tga","Building","256","256","1496","2.283","2","D:\AI_upscaling\AoMEE\extracted\textures\building x wall oreichalkos.bti","alpha=1 noalphatest fmt=BC3"
"building x wall stone.tga","Building","256","256","876","1.337","2","D:\AI_upscaling\AoMEE\extracted\textures\building x wall stone.bti","alpha=1 noalphatest fmt=BC3"
"building_e_monumentbase_map.tga","Building","256","256","1024","1.562","2","D:\AI_upscaling\AoMEE\extracted\textures\building_e_monumentbase_map.bti","alpha=1 noalphatest fmt=BC3"
"kronos wonder map2.tga","Building","256","256","1510","2.304","2","D:\AI_upscaling\AoMEE\extracted\textures\kronos wonder map2.bti","alpha=1 noalphatest fmt=BC3"
"oranos wonder map.tga","Building","256","256","260","0.397","2","D:\AI_upscaling\AoMEE\extracted\textures\oranos wonder map.bti","alpha=1 noalphatest fmt=BC3"
"oranos wonder map1.tga","Building","256","256","1280","1.953","2","D:\AI_upscaling\AoMEE\extracted\textures\oranos wonder map1.bti","alpha=1 noalphatest fmt=BC3"
"scenario t troy wall long dead.tga","Building","256","256","2304","3.516","2","D:\AI_upscaling\AoMEE\extracted\textures\scenario t troy wall long dead.bti","alpha=1 noalphatest fmt=BC3"
"scenario t troy wall long deadb.tga","Building","256","256","2304","3.516","2","D:\AI_upscaling\AoMEE\extracted\textures\scenario t troy wall long deadb.bti","alpha=1 noalphatest fmt=BC3"
"scenario t troy wall long.tga","Building","256","256","2304","3.516","2","D:\AI_upscaling\AoMEE\extracted\textures\scenario t troy wall long.bti","alpha=1 noalphatest fmt=BC3"
"hero g heracles head.tga","Character/Unit","64","32","8","0.391","2","D:\AI_upscaling\AoMEE\extracted\textures\hero g heracles head.bti","alpha=1 noalphatest fmt=BC3"
"hero g theseus shield.tga","Character/Unit","64","32","204","9.961","2","D:\AI_upscaling\AoMEE\extracted\textures\hero g theseus shield.bti","alpha=1 noalphatest fmt=BC3"
"infantry x trident soldier head hero.tga","Character/Unit","64","16","15","1.465","2","D:\AI_upscaling\AoMEE\extracted\textures\infantry x trident soldier head hero.bti","alpha=1 noalphatest fmt=BC3"
"cavalry e war elephant basket standard.tga","Other","64","64","169","4.126","2","D:\AI_upscaling\AoMEE\extracted\textures\cavalry e war elephant basket standard.bti","alpha=1 noalphatest fmt=BC3"
"cavalry g hippikon head bronze.tga","Other","32","32","35","3.418","2","D:\AI_upscaling\AoMEE\extracted\textures\cavalry g hippikon head bronze.bti","alpha=1 noalphatest fmt=BC3"
"cavalry g hippikon head copper.tga","Other","32","32","35","3.418","2","D:\AI_upscaling\AoMEE\extracted\textures\cavalry g hippikon head copper.bti","alpha=1 noalphatest fmt=BC3"
"cavalry g hippikon head iron.tga","Other","32","32","35","3.418","2","D:\AI_upscaling\AoMEE\extracted\textures\cavalry g hippikon head iron.bti","alpha=1 noalphatest fmt=BC3"
"cavalry g hippikon horse standard.tga","Other","128","128","1396","8.521","2","D:\AI_upscaling\AoMEE\extracted\textures\cavalry g hippikon horse standard.bti","alpha=1 noalphatest fmt=BC3"
"cavalry g prodromos horse standard.tga","Other","128","128","1396","8.521","2","D:\AI_upscaling\AoMEE\extracted\textures\cavalry g prodromos horse standard.bti","alpha=1 noalphatest fmt=BC3"
"cine g poseidon stone.tga","Other","256","256","2806","4.282","2","D:\AI_upscaling\AoMEE\extracted\textures\cine g poseidon stone.bti","alpha=1 noalphatest fmt=BC3"
"infantry e chariot archer iron map.tga","Other","64","64","264","6.445","2","D:\AI_upscaling\AoMEE\extracted\textures\infantry e chariot archer iron map.bti","alpha=1 noalphatest fmt=BC3"
"infantry g hoplite head iron.tga","Other","32","32","102","9.961","2","D:\AI_upscaling\AoMEE\extracted\textures\infantry g hoplite head iron.bti","alpha=1 noalphatest fmt=BC3"
"infantry g myrmidon head iron.tga","Other","64","32","179","8.74","2","D:\AI_upscaling\AoMEE\extracted\textures\infantry g myrmidon head iron.bti","alpha=1 noalphatest fmt=BC3"
"platform map.tga","Other","128","32","56","1.367","2","D:\AI_upscaling\AoMEE\extracted\textures\platform map.bti","alpha=1 noalphatest fmt=BC3"
"projectile a ballista arrow iron.tga","Other","64","16","88","8.594","2","D:\AI_upscaling\AoMEE\extracted\textures\projectile a ballista arrow iron.bti","alpha=1 noalphatest fmt=BC3"
"projectile a ballista arrow.tga","Other","64","16","88","8.594","2","D:\AI_upscaling\AoMEE\extracted\textures\projectile a ballista arrow.bti","alpha=1 noalphatest fmt=BC3"
"scenario g circe head.tga","Other","32","32","30","2.93","2","D:\AI_upscaling\AoMEE\extracted\textures\scenario g circe head.bti","alpha=1 noalphatest fmt=BC3"
"scenario g circe.tga","Other","64","64","271","6.616","2","D:\AI_upscaling\AoMEE\extracted\textures\scenario g circe.bti","alpha=1 noalphatest fmt=BC3"
"scenario n reginleif map.tga","Other","64","64","248","6.055","2","D:\AI_upscaling\AoMEE\extracted\textures\scenario n reginleif map.bti","alpha=1 noalphatest fmt=BC3"
"sfx e citadel age4.tga","Other","256","256","2802","4.276","2","D:\AI_upscaling\AoMEE\extracted\textures\sfx e citadel age4.bti","alpha=1 noalphatest fmt=BC3"
"sfx e citadel.tga","Other","256","256","2802","4.276","2","D:\AI_upscaling\AoMEE\extracted\textures\sfx e citadel.bti","alpha=1 noalphatest fmt=BC3"
"sfx g plenty.tga","Other","256","256","1381","2.107","2","D:\AI_upscaling\AoMEE\extracted\textures\sfx g plenty.bti","alpha=1 noalphatest fmt=BC3"
"siege c sitting tiger iron.tga","Other","64","64","245","5.981","2","D:\AI_upscaling\AoMEE\extracted\textures\siege c sitting tiger iron.bti","alpha=4 noalphatest fmt=BC3"
"siege c sitting tiger.tga","Other","64","64","245","5.981","2","D:\AI_upscaling\AoMEE\extracted\textures\siege c sitting tiger.bti","alpha=4 noalphatest fmt=BC3"
"siege e catapult iron.tga","Other","64","64","271","6.616","2","D:\AI_upscaling\AoMEE\extracted\textures\siege e catapult iron.bti","alpha=1 noalphatest fmt=BC3"
"siege e catapult.tga","Other","64","64","271","6.616","2","D:\AI_upscaling\AoMEE\extracted\textures\siege e catapult.bti","alpha=1 noalphatest fmt=BC3"
"siege g petrobolos iron.tga","Other","64","64","230","5.615","2","D:\AI_upscaling\AoMEE\extracted\textures\siege g petrobolos iron.bti","alpha=1 noalphatest fmt=BC3"
"siege g petrobolos.tga","Other","64","64","230","5.615","2","D:\AI_upscaling\AoMEE\extracted\textures\siege g petrobolos.bti","alpha=1 noalphatest fmt=BC3"
"siege n ballista bolt iron.tga","Other","64","16","88","8.594","2","D:\AI_upscaling\AoMEE\extracted\textures\siege n ballista bolt iron.bti","alpha=1 noalphatest fmt=BC3"
"siege n ballista bolt.tga","Other","64","16","88","8.594","2","D:\AI_upscaling\AoMEE\extracted\textures\siege n ballista bolt.bti","alpha=1 noalphatest fmt=BC3"
"siege n ballista iron.tga","Other","64","64","169","4.126","2","D:\AI_upscaling\AoMEE\extracted\textures\siege n ballista iron.bti","alpha=1 noalphatest fmt=BC3"
"siege n ballista.tga","Other","64","64","169","4.126","2","D:\AI_upscaling\AoMEE\extracted\textures\siege n ballista.bti","alpha=1 noalphatest fmt=BC3"
"special e petesuchos.tga","Other","128","128","716","4.37","2","D:\AI_upscaling\AoMEE\extracted\textures\special e petesuchos.bti","alpha=1 noalphatest fmt=BC3"
"special e roc basket.tga","Other","128","128","615","3.754","2","D:\AI_upscaling\AoMEE\extracted\textures\special e roc basket.bti","alpha=1 noalphatest fmt=BC3"
"special g centaur low.tga","Other","128","64","184","2.246","2","D:\AI_upscaling\AoMEE\extracted\textures\special g centaur low.bti","alpha=1 noalphatest fmt=BC3"
"special g centaur upgrade.tga","Other","64","64","190","4.639","2","D:\AI_upscaling\AoMEE\extracted\textures\special g centaur upgrade.bti","alpha=1 noalphatest fmt=BC3"
"special g centaur.tga","Other","64","64","190","4.639","2","D:\AI_upscaling\AoMEE\extracted\textures\special g centaur.bti","alpha=1 noalphatest fmt=BC3"
"special g cyclops upgrade.tga","Other","128","128","784","4.785","2","D:\AI_upscaling\AoMEE\extracted\textures\special g cyclops upgrade.bti","alpha=1 noalphatest fmt=BC3"
"special g cyclops.tga","Other","128","128","784","4.785","2","D:\AI_upscaling\AoMEE\extracted\textures\special g cyclops.bti","alpha=1 noalphatest fmt=BC3"
"special g pegasus.tga","Other","128","128","1396","8.521","2","D:\AI_upscaling\AoMEE\extracted\textures\special g pegasus.bti","alpha=1 noalphatest fmt=BC3"
"statue x oranos map.tga","Other","128","128","469","2.863","2","D:\AI_upscaling\AoMEE\extracted\textures\statue x oranos map.bti","alpha=1 noalphatest fmt=BC3"
"trade e caravan basket.tga","Other","128","128","1477","9.015","2","D:\AI_upscaling\AoMEE\extracted\textures\trade e caravan basket.bti","alpha=1 noalphatest fmt=BC3"
"trade g caravan cargo.tga","Other","64","64","242","5.908","2","D:\AI_upscaling\AoMEE\extracted\textures\trade g caravan cargo.bti","alpha=1 noalphatest fmt=BC3"
"villager n oxcart.tga","Other","128","128","294","1.794","2","D:\AI_upscaling\AoMEE\extracted\textures\villager n oxcart.bti","alpha=1 noalphatest fmt=BC3"
"world c statue nuwa stand.tga","World/Terrain","32","64","64","3.125","2","D:\AI_upscaling\AoMEE\extracted\textures\world c statue nuwa stand.bti","alpha=4 noalphatest fmt=BC3"
"world e statue isis.tga","World/Terrain","128","128","287","1.752","2","D:\AI_upscaling\AoMEE\extracted\textures\world e statue isis.bti","alpha=1 noalphatest fmt=BC3"
"world e tent.tga","World/Terrain","128","128","1046","6.384","2","D:\AI_upscaling\AoMEE\extracted\textures\world e tent.bti","alpha=1 noalphatest fmt=BC3"
"world g hades temple.tga","World/Terrain","256","256","1096","1.672","2","D:\AI_upscaling\AoMEE\extracted\textures\world g hades temple.bti","alpha=1 noalphatest fmt=BC3"
"world g shrine map.tga","World/Terrain","128","128","915","5.585","2","D:\AI_upscaling\AoMEE\extracted\textures\world g shrine map.bti","alpha=1 noalphatest fmt=BC3"
"world g statue hades.tga","World/Terrain","128","128","318","1.941","2","D:\AI_upscaling\AoMEE\extracted\textures\world g statue hades.bti","alpha=1 noalphatest fmt=BC3"
"world g statue zeus.tga","World/Terrain","128","128","554","3.381","2","D:\AI_upscaling\AoMEE\extracted\textures\world g statue zeus.bti","alpha=1 noalphatest fmt=BC3"
