"Texture","MaterialUses","CT0Uses","CT4Uses","OtherCTUses","BTI_AlphaBits","BTI_Format","BTI_File"
"Agamemnon Map","3","2","1","0","1","BC3","D:\AI_upscaling\AoMEE\extracted\textures\agamemnon map.bti"
"Animal Cow A map","45","31","14","0","1","BC3","D:\AI_upscaling\AoMEE\extracted\textures\animal cow a map.bti"
"Animal Flying Purple Hippo","22","11","11","0","1","BC3","D:\AI_upscaling\AoMEE\extracted\textures\animal flying purple hippo.bti"
"Animal Goat map","56","35","21","0","1","BC3","D:\AI_upscaling\AoMEE\extracted\textures\animal goat map.bti"
"Animal GoatNubian map","58","35","23","0","1","BC3","D:\AI_upscaling\AoMEE\extracted\textures\animal goatnubian map.bti"
"Animal Pig map","27","18","9","0","1","BC3","D:\AI_upscaling\AoMEE\extracted\textures\animal pig map.bti"
"animal white tiger map","9","0","9","0","4","BC3","D:\AI_upscaling\AoMEE\extracted\textures\animal white tiger map.bti"
"Animal William Walrus Map","1","0","1","0","4","BC3","D:\AI_upscaling\AoMEE\extracted\textures\Animal William Walrus Map.bti"
"Animal Yak","8","0","8","0","4","BC3","D:\AI_upscaling\AoMEE\extracted\textures\animal yak.bti"
"archer c crossbowman head copper","1","0","1","0","4","BC3","D:\AI_upscaling\AoMEE\extracted\textures\archer c crossbowman head copper.bti"
"archer c crossbowman head standard","1","0","1","0","4","BC3","D:\AI_upscaling\AoMEE\extracted\textures\archer c crossbowman head standard.bti"
"archer c crossbowman standard","7","0","7","0","4","BC3","D:\AI_upscaling\AoMEE\extracted\textures\archer c crossbowman standard.bti"
"archer c mounted archer head standard","1","0","1","0","4","BC3","D:\AI_upscaling\AoMEE\extracted\textures\archer c mounted archer head standard.bti"
"archer c mounted archer horse standard","7","0","7","0","4","BC3","D:\AI_upscaling\AoMEE\extracted\textures\archer c mounted archer horse standard.bti"
"archer c mounted archer standard","7","0","7","0","4","BC3","D:\AI_upscaling\AoMEE\extracted\textures\archer c mounted archer standard.bti"
"Archer E Slinger Head Standard","20","10","8","2","1","BC3","D:\AI_upscaling\AoMEE\extracted\textures\archer e slinger head standard.bti"
"archer e slinger standard","18","9","7","2","1","BC3","D:\AI_upscaling\AoMEE\extracted\textures\archer e slinger standard.bti"
"Archer G Crossbowman","16","8","7","1","1","BC3","D:\AI_upscaling\AoMEE\extracted\textures\archer g crossbowman.bti"
"Archer G Peltast Cape Standard","6","0","6","0","1","BC3","D:\AI_upscaling\AoMEE\extracted\textures\archer g peltast cape standard.bti"
"Archer G Peltast Head Standard","14","7","7","0","1","BC3","D:\AI_upscaling\AoMEE\extracted\textures\archer g peltast head standard.bti"
"Archer G Peltast Standard","12","6","6","0","1","BC3","D:\AI_upscaling\AoMEE\extracted\textures\archer g peltast standard.bti"
"Archer G Toxotes Head Bronze","2","1","1","0","1","BC3","D:\AI_upscaling\AoMEE\extracted\textures\archer g toxotes head bronze.bti"
"Archer G Toxotes Head Copper","2","1","1","0","1","BC3","D:\AI_upscaling\AoMEE\extracted\textures\archer g toxotes head copper.bti"
"Archer G Toxotes Head Iron","4","2","2","0","1","BC3","D:\AI_upscaling\AoMEE\extracted\textures\archer g toxotes head iron.bti"
"Archer G Toxotes Iron","2","1","1","0","1","BC3","D:\AI_upscaling\AoMEE\extracted\textures\archer g toxotes iron.bti"
"Archer G Toxotes Standard","16","8","8","0","1","BC3","D:\AI_upscaling\AoMEE\extracted\textures\archer g toxotes standard.bti"
"Archer N Normal Head Standard","1","0","1","0","4","BC3","D:\AI_upscaling\AoMEE\extracted\textures\archer n normal head standard.bti"
"Archer N Normal Standard","6","0","6","0","4","BC3","D:\AI_upscaling\AoMEE\extracted\textures\archer n normal standard.bti"
"Archer N Throwing Axeman Standard","14","7","7","0","1","BC3","D:\AI_upscaling\AoMEE\extracted\textures\archer n throwing axeman standard.bti"
"Archer X Iron","36","19","17","0","1","BC3","D:\AI_upscaling\AoMEE\extracted\textures\archer x iron.bti"
"Attachments A Shields map","6","0","6","0","1","BC3","D:\AI_upscaling\AoMEE\extracted\textures\attachments a shields map.bti"
"attachments c flag naval","2","0","2","0","4","BC3","D:\AI_upscaling\AoMEE\extracted\textures\attachments c flag naval.bti"
"Attachments E Shield Copper","6","0","6","0","1","BC3","D:\AI_upscaling\AoMEE\extracted\textures\attachments e shield copper.bti"
"Attachments G Shield Copper","6","0","6","0","1","BC3","D:\AI_upscaling\AoMEE\extracted\textures\attachments g shield copper.bti"
"Attachments MU X Automaton","58","44","14","0","1","BC3","D:\AI_upscaling\AoMEE\extracted\textures\attachments mu x automaton.bti"
"Attachments N Shield Copper","6","0","6","0","1","BC3","D:\AI_upscaling\AoMEE\extracted\textures\attachments n shield copper.bti"
"Attachments N Shield Iron","4","2","2","0","1","BC3","D:\AI_upscaling\AoMEE\extracted\textures\attachments n shield iron.bti"
"Attachments X Shield Medium","6","0","6","0","1","BC3","D:\AI_upscaling\AoMEE\extracted\textures\attachments x shield medium.bti"
"building c accessories","42","34","8","0","1","BC3","D:\AI_upscaling\AoMEE\extracted\textures\building c accessories.bti"
"building c earthen wall","17","0","17","0","4","BC3","D:\AI_upscaling\AoMEE\extracted\textures\building c earthen wall.bti"
"building c fortified wall","18","1","17","0","4","BC3","D:\AI_upscaling\AoMEE\extracted\textures\building c fortified wall.bti"
"building c great wall","17","0","17","0","4","BC3","D:\AI_upscaling\AoMEE\extracted\textures\building c great wall.bti"
"building c roofage1","47","1","46","0","4","BC3","D:\AI_upscaling\AoMEE\extracted\textures\building c roofage1.bti"
"building c special","22","10","12","0","4","BC3","D:\AI_upscaling\AoMEE\extracted\textures\building c special.bti"
"building c stone wall","17","0","17","0","4","BC3","D:\AI_upscaling\AoMEE\extracted\textures\building c stone wall.bti"
"building c titan gate door map","6","0","6","0","1","BC3","D:\AI_upscaling\AoMEE\extracted\textures\building c titan gate door map.bti"
"building c tower age2","8","0","8","0","4","BC3","D:\AI_upscaling\AoMEE\extracted\textures\building c tower age2.bti"
"building c wallsage1","43","0","43","0","4","BC3","D:\AI_upscaling\AoMEE\extracted\textures\building c wallsage1.bti"
"building c wonder city roof","2","0","2","0","4","BC3","D:\AI_upscaling\AoMEE\extracted\textures\building c wonder city roof.bti"
"building c wonder city walls","1","0","1","0","4","BC3","D:\AI_upscaling\AoMEE\extracted\textures\building c wonder city walls.bti"
"building c wonder palace roof","2","0","2","0","4","BC3","D:\AI_upscaling\AoMEE\extracted\textures\building c wonder palace roof.bti"
"building c wonder palace walls","2","0","2","0","4","BC3","D:\AI_upscaling\AoMEE\extracted\textures\building c wonder palace walls.bti"
"building c wonder temple","4","0","4","0","4","BC3","D:\AI_upscaling\AoMEE\extracted\textures\building c wonder temple.bti"
"Building E Age1","78","42","36","0","1","BC3","D:\AI_upscaling\AoMEE\extracted\textures\building e age1.bti"
"Building E Age2","100","53","47","0","1","BC3","D:\AI_upscaling\AoMEE\extracted\textures\building e age2.bti"
"building E Age2 wall","60","28","32","0","1","BC3","D:\AI_upscaling\AoMEE\extracted\textures\building e age2 wall.bti"
"Building E Age3","197","101","96","0","1","BC3","D:\AI_upscaling\AoMEE\extracted\textures\building e age3.bti"
"building E Age4","121","61","60","0","1","BC3","D:\AI_upscaling\AoMEE\extracted\textures\building e age4.bti"
"building E Fortress Accessories","10","6","4","0","4","BC3","D:\AI_upscaling\AoMEE\extracted\textures\building e fortress accessories.bti"
"building E Isis Wonder01","7","4","3","0","1","BC3","D:\AI_upscaling\AoMEE\extracted\textures\building e isis wonder01.bti"
"building E Isis Wonder02","7","4","3","0","1","BC3","D:\AI_upscaling\AoMEE\extracted\textures\building e isis wonder02.bti"
"Building E Lighthouse","9","4","5","0","1","BC3","D:\AI_upscaling\AoMEE\extracted\textures\building e lighthouse.bti"
"building E Monument platforms","29","16","13","0","1","BC3","D:\AI_upscaling\AoMEE\extracted\textures\building e monument platforms.bti"
"Building E Obelisk","16","8","8","0","1","BC3","D:\AI_upscaling\AoMEE\extracted\textures\building e obelisk.bti"
"building E Outpost","10","5","5","0","1","BC3","D:\AI_upscaling\AoMEE\extracted\textures\building e outpost.bti"
"building E Ra Wonder02","10","5","5","0","1","BC3","D:\AI_upscaling\AoMEE\extracted\textures\building e ra wonder02.bti"
"building E Set Wonder02","6","4","2","0","1","BC3","D:\AI_upscaling\AoMEE\extracted\textures\building e set wonder02.bti"
"building E Settlement Age1","8","4","4","0","1","BC3","D:\AI_upscaling\AoMEE\extracted\textures\building e settlement age1.bti"
"building E Settlement Age2","8","4","4","0","1","BC3","D:\AI_upscaling\AoMEE\extracted\textures\building e settlement age2.bti"
"building E Settlement Age3","16","8","8","0","1","BC3","D:\AI_upscaling\AoMEE\extracted\textures\building e settlement age3.bti"
"building E Settlement Age4","14","7","7","0","1","BC3","D:\AI_upscaling\AoMEE\extracted\textures\building e settlement age4.bti"
"Building E shared02 2 map","2","1","1","0","1","BC3","D:\AI_upscaling\AoMEE\extracted\textures\building e shared02 2 map.bti"
"Building E Titan Gate Map","12","6","6","0","1","BC3","D:\AI_upscaling\AoMEE\extracted\textures\building e titan gate map.bti"
"Building E Wall4","56","28","28","0","1","BC3","D:\AI_upscaling\AoMEE\extracted\textures\building e wall4.bti"
"Building G Age0","62","36","26","0","1","BC3","D:\AI_upscaling\AoMEE\extracted\textures\building g age0.bti"
"Building G Fortifiedwall","36","3","33","0","1","BC3","D:\AI_upscaling\AoMEE\extracted\textures\building g fortifiedwall.bti"
"Building G FortressWall","18","10","8","0","1","BC3","D:\AI_upscaling\AoMEE\extracted\textures\building g fortresswall.bti"
"Building G Hades Wonder","11","6","5","0","1","BC3","D:\AI_upscaling\AoMEE\extracted\textures\building g hades wonder.bti"
"Building G RoofAge1","60","56","4","0","1","BC3","D:\AI_upscaling\AoMEE\extracted\textures\building g roofage1.bti"
"Building G SettlementAge1","29","21","8","0","1","BC3","D:\AI_upscaling\AoMEE\extracted\textures\building g settlementage1.bti"
"Building G SettlementAge2","33","22","11","0","1","BC3","D:\AI_upscaling\AoMEE\extracted\textures\building g settlementage2.bti"
"Building G SettlementAge3","31","19","12","0","1","BC3","D:\AI_upscaling\AoMEE\extracted\textures\building g settlementage3.bti"
"Building G Shared05 2 map","56","28","28","0","1","BC3","D:\AI_upscaling\AoMEE\extracted\textures\building g shared05 2 map.bti"
"Building G Shrine","4","2","2","0","1","BC3","D:\AI_upscaling\AoMEE\extracted\textures\building g shrine.bti"
"Building G Temple","8","4","4","0","1","BC3","D:\AI_upscaling\AoMEE\extracted\textures\building g temple.bti"
"Building G TempleAge1","13","7","6","0","1","BC3","D:\AI_upscaling\AoMEE\extracted\textures\building g templeage1.bti"
"Building G TempleAge2","8","4","4","0","1","BC3","D:\AI_upscaling\AoMEE\extracted\textures\building g templeage2.bti"
"Building G Titan Gate Door Map","10","4","6","0","1","BC3","D:\AI_upscaling\AoMEE\extracted\textures\building g titan gate door map.bti"
"Building G Towers","40","20","20","0","1","BC3","D:\AI_upscaling\AoMEE\extracted\textures\building g towers.bti"
"Building G WallsAge1","70","37","33","0","1","BC3","D:\AI_upscaling\AoMEE\extracted\textures\building g wallsage1.bti"
"Building G WallsAge2","101","51","50","0","1","BC3","D:\AI_upscaling\AoMEE\extracted\textures\building g wallsage2.bti"
"Building G WallsAge3","62","35","27","0","1","BC3","D:\AI_upscaling\AoMEE\extracted\textures\building g wallsage3.bti"
"Building G Wonder","12","6","6","0","1","BC3","D:\AI_upscaling\AoMEE\extracted\textures\building g wonder.bti"
"Building G Zues Wonder01","16","8","8","0","1","BC3","D:\AI_upscaling\AoMEE\extracted\textures\building g zues wonder01.bti"
"Building N Hillfort","18","10","8","0","1","BC3","D:\AI_upscaling\AoMEE\extracted\textures\building n hillfort.bti"
"Building N Loki Wonder02","8","4","4","0","1","BC3","D:\AI_upscaling\AoMEE\extracted\textures\building n loki wonder02.bti"
"Building N Odin Wonder01","10","4","6","0","1","BC3","D:\AI_upscaling\AoMEE\extracted\textures\building n odin wonder01.bti"
"Building N SettlementAge1","14","11","3","0","1","BC3","D:\AI_upscaling\AoMEE\extracted\textures\building n settlementage1.bti"
"Building N SettlementAge2","14","10","4","0","1","BC3","D:\AI_upscaling\AoMEE\extracted\textures\building n settlementage2.bti"
"Building N SettlementAge3","25","17","8","0","1","BC3","D:\AI_upscaling\AoMEE\extracted\textures\building n settlementage3.bti"
"Building N SettlementAge4","21","14","7","0","1","BC3","D:\AI_upscaling\AoMEE\extracted\textures\building n settlementage4.bti"
"Building N Shared01 1 map","36","18","18","0","1","BC3","D:\AI_upscaling\AoMEE\extracted\textures\building n shared01 1 map.bti"
"Building N Shared01 2 map","56","34","22","0","1","BC3","D:\AI_upscaling\AoMEE\extracted\textures\building n shared01 2 map.bti"
"Building N Shared01 3 map","61","36","25","0","1","BC3","D:\AI_upscaling\AoMEE\extracted\textures\building n shared01 3 map.bti"
"Building N Shared02 2 map","8","5","3","0","1","BC3","D:\AI_upscaling\AoMEE\extracted\textures\building n shared02 2 map.bti"
"Building N Shared04 2 map","37","25","12","0","1","BC3","D:\AI_upscaling\AoMEE\extracted\textures\building n shared04 2 map.bti"
"Building N Shared06 2 map","71","31","40","0","1","BC3","D:\AI_upscaling\AoMEE\extracted\textures\building n shared06 2 map.bti"
"Building N Shrine","2","1","1","0","1","BC3","D:\AI_upscaling\AoMEE\extracted\textures\building n shrine.bti"
"Building N TempleAge1","7","3","4","0","1","BC3","D:\AI_upscaling\AoMEE\extracted\textures\building n templeage1.bti"
"Building N TempleAge2","7","4","3","0","1","BC3","D:\AI_upscaling\AoMEE\extracted\textures\building n templeage2.bti"
"Building N TempleAge3","16","8","8","0","1","BC3","D:\AI_upscaling\AoMEE\extracted\textures\building n templeage3.bti"
"Building N ThorArmory","11","7","4","0","1","BC3","D:\AI_upscaling\AoMEE\extracted\textures\building n thorarmory.bti"
"Building N Titan Gate Map","12","6","6","0","1","BC3","D:\AI_upscaling\AoMEE\extracted\textures\building n titan gate map.bti"
"Building N Tower","22","12","10","0","1","BC3","D:\AI_upscaling\AoMEE\extracted\textures\building n tower.bti"
"Building N WallAge4","63","36","27","0","1","BC3","D:\AI_upscaling\AoMEE\extracted\textures\building n wallage4.bti"
"Building N Wonder","11","6","5","0","1","BC3","D:\AI_upscaling\AoMEE\extracted\textures\building n wonder.bti"
"Building X Mirror Tower","14","7","7","0","1","BC3","D:\AI_upscaling\AoMEE\extracted\textures\building x mirror tower.bti"
"Building X Palace Age2","4","1","3","0","1","BC3","D:\AI_upscaling\AoMEE\extracted\textures\building x palace age2.bti"
"Building X Palace Age3","5","1","4","0","1","BC3","D:\AI_upscaling\AoMEE\extracted\textures\building x palace age3.bti"
"Building X Roof Age0","69","41","28","0","1","BC3","D:\AI_upscaling\AoMEE\extracted\textures\building x roof age0.bti"
"Building X Roof Age1","100","46","54","0","1","BC3","D:\AI_upscaling\AoMEE\extracted\textures\building x roof age1.bti"
"Building X Sky Temple","10","5","5","0","1","BC3","D:\AI_upscaling\AoMEE\extracted\textures\building x sky temple.bti"
"Building X Temple age0","4","0","4","0","1","BC3","D:\AI_upscaling\AoMEE\extracted\textures\building x temple age0.bti"
"Building x TitanGate","12","6","6","0","1","BC3","D:\AI_upscaling\AoMEE\extracted\textures\building x titangate.bti"
"building x tower watch2","17","9","8","0","1","BC3","D:\AI_upscaling\AoMEE\extracted\textures\building x tower watch2.bti"
"Building X Tower Watch3","4","2","2","0","1","BC3","D:\AI_upscaling\AoMEE\extracted\textures\building x tower watch3.bti"
"Building X Wall Age2","110","57","53","0","1","BC3","D:\AI_upscaling\AoMEE\extracted\textures\building x wall age2.bti"
"Building X Wall Bronze","45","20","20","5","1","BC3","D:\AI_upscaling\AoMEE\extracted\textures\building x wall bronze.bti"
"Building X Wall Iron","40","20","20","0","1","BC3","D:\AI_upscaling\AoMEE\extracted\textures\building x wall iron.bti"
"Building X Wall Oreichalkos","40","21","19","0","1","BC3","D:\AI_upscaling\AoMEE\extracted\textures\building x wall oreichalkos.bti"
"building x wall stone","44","20","20","4","1","BC3","D:\AI_upscaling\AoMEE\extracted\textures\building x wall stone.bti"
"Building_E_MonumentBase_Map","2","1","1","0","1","BC3","D:\AI_upscaling\AoMEE\extracted\textures\building_e_monumentbase_map.bti"
"cavalry c cataphract head copper","1","0","1","0","4","BC3","D:\AI_upscaling\AoMEE\extracted\textures\cavalry c cataphract head copper.bti"
"cavalry c cataphract head iron","1","0","1","0","4","BC3","D:\AI_upscaling\AoMEE\extracted\textures\cavalry c cataphract head iron.bti"
"cavalry c cataphract head standard","1","0","1","0","4","BC3","D:\AI_upscaling\AoMEE\extracted\textures\cavalry c cataphract head standard.bti"
"cavalry c cataphract horse standard","7","0","7","0","4","BC3","D:\AI_upscaling\AoMEE\extracted\textures\cavalry c cataphract horse standard.bti"
"cavalry c cataphract standard","7","0","7","0","4","BC3","D:\AI_upscaling\AoMEE\extracted\textures\cavalry c cataphract standard.bti"
"cavalry c chariot horse standard","5","0","5","0","4","BC3","D:\AI_upscaling\AoMEE\extracted\textures\cavalry c chariot horse standard.bti"
"cavalry c chariot standard","5","0","5","0","4","BC3","D:\AI_upscaling\AoMEE\extracted\textures\cavalry c chariot standard.bti"
"cavalry c charioteer standard","5","0","5","0","4","BC3","D:\AI_upscaling\AoMEE\extracted\textures\cavalry c charioteer standard.bti"
"cavalry c scout head copper","1","0","1","0","4","BC3","D:\AI_upscaling\AoMEE\extracted\textures\cavalry c scout head copper.bti"
"cavalry c scout head standard","1","0","1","0","4","BC3","D:\AI_upscaling\AoMEE\extracted\textures\cavalry c scout head standard.bti"
"cavalry c scout horse standard","16","0","16","0","4","BC3","D:\AI_upscaling\AoMEE\extracted\textures\cavalry c scout horse standard.bti"
"cavalry c scout standard","17","0","17","0","4","BC3","D:\AI_upscaling\AoMEE\extracted\textures\cavalry c scout standard.bti"
"Cavalry E Camelry Camel Copper","14","7","7","0","1","BC3","D:\AI_upscaling\AoMEE\extracted\textures\cavalry e camelry camel copper.bti"
"Cavalry E Camelry Copper","13","6","7","0","1","BC3","D:\AI_upscaling\AoMEE\extracted\textures\cavalry e camelry copper.bti"
"cavalry e chariot archer copper","11","5","6","0","1","BC3","D:\AI_upscaling\AoMEE\extracted\textures\cavalry e chariot archer copper.bti"
"Cavalry E Chariot Horse Map","9","4","5","0","1","BC3","D:\AI_upscaling\AoMEE\extracted\textures\cavalry e chariot horse map.bti"
"Cavalry E Mercenary Horse Standard","16","8","8","0","1","BC3","D:\AI_upscaling\AoMEE\extracted\textures\cavalry e mercenary horse standard.bti"
"Cavalry E War Elephant Copper","18","12","6","0","1","BC3","D:\AI_upscaling\AoMEE\extracted\textures\cavalry e war elephant copper.bti"
"Cavalry G Cataphract Head Iron","44","22","11","11","1","BC3","D:\AI_upscaling\AoMEE\extracted\textures\cavalry g cataphract head iron.bti"
"Cavalry G Cataphract Horse Iron","20","9","11","0","1","BC3","D:\AI_upscaling\AoMEE\extracted\textures\cavalry g cataphract horse iron.bti"
"Cavalry G Cataphract Iron","44","22","11","11","1","BC3","D:\AI_upscaling\AoMEE\extracted\textures\cavalry g cataphract iron.bti"
"Cavalry G Hetairoi Horse Iron","17","8","9","0","1","BC3","D:\AI_upscaling\AoMEE\extracted\textures\cavalry g hetairoi horse iron.bti"
"Cavalry G Hetairoi Iron","18","9","9","0","1","BC3","D:\AI_upscaling\AoMEE\extracted\textures\cavalry g hetairoi iron.bti"
"Cavalry G Hippikon Head Bronze","1","0","1","0","1","BC3","D:\AI_upscaling\AoMEE\extracted\textures\cavalry g hippikon head bronze.bti"
"Cavalry G Hippikon Head Copper","1","0","1","0","1","BC3","D:\AI_upscaling\AoMEE\extracted\textures\cavalry g hippikon head copper.bti"
"Cavalry G Hippikon Head Iron","1","0","1","0","1","BC3","D:\AI_upscaling\AoMEE\extracted\textures\cavalry g hippikon head iron.bti"
"Cavalry G Hippikon Horse Standard","17","9","8","0","1","BC3","D:\AI_upscaling\AoMEE\extracted\textures\cavalry g hippikon horse standard.bti"
"Cavalry G Hippikon Standard","18","9","9","0","1","BC3","D:\AI_upscaling\AoMEE\extracted\textures\cavalry g hippikon standard.bti"
"Cavalry G Prodromos Horse Standard","18","9","9","0","1","BC3","D:\AI_upscaling\AoMEE\extracted\textures\cavalry g prodromos horse standard.bti"
"Cavalry G Prodromos Standard","17","9","8","0","1","BC3","D:\AI_upscaling\AoMEE\extracted\textures\cavalry g prodromos standard.bti"
"Cavalry G Scout Horse","24","12","12","0","1","BC3","D:\AI_upscaling\AoMEE\extracted\textures\cavalry g scout horse.bti"
"Cavalry N Jarl Horse Standard","25","12","13","0","1","BC3","D:\AI_upscaling\AoMEE\extracted\textures\cavalry n jarl horse standard.bti"
"Cavalry N Jarl Standard","26","13","13","0","1","BC3","D:\AI_upscaling\AoMEE\extracted\textures\cavalry n jarl standard.bti"
"Cavalry N Raiding Cavalry Horse Standard","15","9","6","0","1","BC3","D:\AI_upscaling\AoMEE\extracted\textures\cavalry n raiding cavalry horse standard.bti"
"Cavalry N Raiding Cavalry Standard","18","9","9","0","1","BC3","D:\AI_upscaling\AoMEE\extracted\textures\cavalry n raiding cavalry standard.bti"
"Cavalry X Javelin Bronze","2","1","1","0","1","BC3","D:\AI_upscaling\AoMEE\extracted\textures\cavalry x javelin bronze.bti"
"Cavalry X Javelin Copper","2","1","1","0","1","BC3","D:\AI_upscaling\AoMEE\extracted\textures\cavalry x javelin copper.bti"
"Cavalry X Javelin Hero","2","1","1","0","1","BC3","D:\AI_upscaling\AoMEE\extracted\textures\cavalry x javelin hero.bti"
"Cavalry X Javelin Horse Iron","31","16","15","0","1","BC3","D:\AI_upscaling\AoMEE\extracted\textures\cavalry x javelin horse iron.bti"
"Cavalry X Javelin Iron","38","21","17","0","1","BC3","D:\AI_upscaling\AoMEE\extracted\textures\cavalry x javelin iron.bti"
"Cavalry X Lancer Cape Iron","14","0","14","0","1","BC3","D:\AI_upscaling\AoMEE\extracted\textures\cavalry x lancer cape iron.bti"
"Cavalry X Lancer Horse Iron","29","14","15","0","1","BC3","D:\AI_upscaling\AoMEE\extracted\textures\cavalry x lancer horse iron.bti"
"Cavalry X Lancer Iron","31","16","15","0","1","BC3","D:\AI_upscaling\AoMEE\extracted\textures\cavalry x lancer iron.bti"
"Cine A Arkantos Map","9","5","4","0","1","BC3","D:\AI_upscaling\AoMEE\extracted\textures\cine a arkantos map.bti"
"Cine G Ajax Map","1","0","1","0","1","BC3","D:\AI_upscaling\AoMEE\extracted\textures\cine g ajax map.bti"
"Cine G Gargarensis Map","6","3","3","0","1","BC3","D:\AI_upscaling\AoMEE\extracted\textures\cine g gargarensis map.bti"
"Cine G Poseidon Stone","9","5","4","0","1","BC3","D:\AI_upscaling\AoMEE\extracted\textures\cine g poseidon stone.bti"
"Cine N Huskarl","2","1","1","0","1","BC3","D:\AI_upscaling\AoMEE\extracted\textures\cine n huskarl.bti"
"Cine X Kastor Adult","28","14","14","0","1","BC3","D:\AI_upscaling\AoMEE\extracted\textures\cine x kastor adult.bti"
"Cine X Krios","12","4","8","0","1","BC3","D:\AI_upscaling\AoMEE\extracted\textures\cine x krios.bti"
"forkboy map","18","9","9","0","1","BC3","D:\AI_upscaling\AoMEE\extracted\textures\forkboy map.bti"
"Gaia Wonder Map2","10","6","4","0","1","BC3","D:\AI_upscaling\AoMEE\extracted\textures\gaia wonder map2.bti"
"Gine G Kamos Map","6","3","3","0","1","BC3","D:\AI_upscaling\AoMEE\extracted\textures\gine g kamos map.bti"
"hero c general","7","0","7","0","4","BC3","D:\AI_upscaling\AoMEE\extracted\textures\hero c general.bti"
"hero c general cape","7","0","7","0","4","BC3","D:\AI_upscaling\AoMEE\extracted\textures\hero c general cape.bti"
"hero c general flag","7","0","7","0","4","BC3","D:\AI_upscaling\AoMEE\extracted\textures\hero c general flag.bti"
"hero c general head","1","0","1","0","4","BC3","D:\AI_upscaling\AoMEE\extracted\textures\hero c general head.bti"
"hero c general horse","7","0","7","0","4","BC3","D:\AI_upscaling\AoMEE\extracted\textures\hero c general horse.bti"
"hero c immortal","10","0","10","0","4","BC3","D:\AI_upscaling\AoMEE\extracted\textures\hero c immortal.bti"
"hero c monk","9","0","9","0","4","BC3","D:\AI_upscaling\AoMEE\extracted\textures\hero c monk.bti"
"hero c monk head","1","0","1","0","4","BC3","D:\AI_upscaling\AoMEE\extracted\textures\hero c monk head.bti"
"hero c monk weapon","1","0","1","0","4","BC3","D:\AI_upscaling\AoMEE\extracted\textures\hero c monk weapon.bti"
"Hero G Achilles Cape","10","1","9","0","1","BC3","D:\AI_upscaling\AoMEE\extracted\textures\hero g achilles cape.bti"
"Hero G Atalanta Shield","34","17","17","0","1","BC3","D:\AI_upscaling\AoMEE\extracted\textures\hero g atalanta shield.bti"
"Hero G Belerophon","41","19","22","0","1","BC3","D:\AI_upscaling\AoMEE\extracted\textures\hero g belerophon.bti"
"Hero G Belerophon Shield","43","21","22","0","1","BC3","D:\AI_upscaling\AoMEE\extracted\textures\hero g belerophon shield.bti"
"Hero G Heracles Shield","36","18","18","0","1","BC3","D:\AI_upscaling\AoMEE\extracted\textures\hero g heracles shield.bti"
"Hero G Jason Shield","32","15","17","0","1","BC3","D:\AI_upscaling\AoMEE\extracted\textures\hero g jason shield.bti"
"Hero G Jason Standard","34","17","15","2","1","BC3","D:\AI_upscaling\AoMEE\extracted\textures\hero g jason standard.bti"
"Hero G Perseus Standard","35","18","8","9","1","BC3","D:\AI_upscaling\AoMEE\extracted\textures\hero g perseus standard.bti"
"hero g physician","6","0","6","0","4","BC3","D:\AI_upscaling\AoMEE\extracted\textures\hero g physician.bti"
"hero g physician head","1","0","1","0","4","BC3","D:\AI_upscaling\AoMEE\extracted\textures\hero g physician head.bti"
"Hero G Polyphemus Shield","47","23","24","0","1","BC3","D:\AI_upscaling\AoMEE\extracted\textures\hero g polyphemus shield.bti"
"Hero G Theseus Shield","35","17","18","0","1","BC3","D:\AI_upscaling\AoMEE\extracted\textures\hero g theseus shield.bti"
"Hero N Hero","19","9","10","0","1","BC3","D:\AI_upscaling\AoMEE\extracted\textures\hero n hero.bti"
"Hero N Ragnorok Female","19","10","8","1","1","BC3","D:\AI_upscaling\AoMEE\extracted\textures\hero n ragnorok female.bti"
"Hero N Ragnorok Male","39","19","18","2","1","BC3","D:\AI_upscaling\AoMEE\extracted\textures\hero n ragnorok male.bti"
"Hero X Ajax","44","22","9","13","1","BC3","D:\AI_upscaling\AoMEE\extracted\textures\hero x ajax.bti"
"Hero X Kastor","43","28","2","13","1","BC3","D:\AI_upscaling\AoMEE\extracted\textures\hero x kastor.bti"
"infantry c halberdier head bronze","1","0","1","0","4","BC3","D:\AI_upscaling\AoMEE\extracted\textures\infantry c halberdier head bronze.bti"
"infantry c halberdier head copper","1","0","1","0","4","BC3","D:\AI_upscaling\AoMEE\extracted\textures\infantry c halberdier head copper.bti"
"infantry c halberdier head iron","1","0","1","0","4","BC3","D:\AI_upscaling\AoMEE\extracted\textures\infantry c halberdier head iron.bti"
"infantry c halberdier head standard","1","0","1","0","4","BC3","D:\AI_upscaling\AoMEE\extracted\textures\infantry c halberdier head standard.bti"
"infantry c halberdier standard","6","0","6","0","4","BC3","D:\AI_upscaling\AoMEE\extracted\textures\infantry c halberdier standard.bti"
"Infantry E Axeman Standard","16","8","8","0","1","BC3","D:\AI_upscaling\AoMEE\extracted\textures\infantry e axeman standard.bti"
"infantry e khopesh head standard","1","0","1","0","4","BC3","D:\AI_upscaling\AoMEE\extracted\textures\infantry e khopesh head standard.bti"
"infantry e khopesh standard","6","0","6","0","4","BC3","D:\AI_upscaling\AoMEE\extracted\textures\infantry e khopesh standard.bti"
"Infantry E Mercenary","29","15","14","0","1","BC3","D:\AI_upscaling\AoMEE\extracted\textures\infantry e mercenary.bti"
"Infantry E Spearman Standard","12","6","5","1","1","BC3","D:\AI_upscaling\AoMEE\extracted\textures\infantry e spearman standard.bti"
"Infantry G Hoplite Bronze","47","23","13","11","1","BC3","D:\AI_upscaling\AoMEE\extracted\textures\infantry g hoplite bronze.bti"
"Infantry G Hoplite Head Iron","2","1","1","0","1","BC3","D:\AI_upscaling\AoMEE\extracted\textures\infantry g hoplite head iron.bti"
"Infantry G Hoplite Standard","27","7","20","0","1","BC3","D:\AI_upscaling\AoMEE\extracted\textures\infantry g hoplite standard.bti"
"Infantry G Hypaspist Head Iron","2","1","1","0","1","BC3","D:\AI_upscaling\AoMEE\extracted\textures\infantry g hypaspist head iron.bti"
"Infantry G Hypaspist Standard","21","10","8","3","1","BC3","D:\AI_upscaling\AoMEE\extracted\textures\infantry g hypaspist standard.bti"
"Infantry G Militia","12","6","5","1","1","BC3","D:\AI_upscaling\AoMEE\extracted\textures\infantry g militia.bti"
"Infantry G Myrmidon Head Iron","11","1","9","1","1","BC3","D:\AI_upscaling\AoMEE\extracted\textures\infantry g myrmidon head iron.bti"
"Infantry G Myrmidon Iron","18","9","8","1","1","BC3","D:\AI_upscaling\AoMEE\extracted\textures\infantry g myrmidon iron.bti"
"Infantry N Huskarl Bronze","19","9","10","0","1","BC3","D:\AI_upscaling\AoMEE\extracted\textures\infantry n huskarl bronze.bti"
"infantry n huskarl iron","3","1","2","0","1","BC3","D:\AI_upscaling\AoMEE\extracted\textures\infantry n huskarl iron.bti"
"Infantry N Huskarl Standard","18","9","8","1","1","BC3","D:\AI_upscaling\AoMEE\extracted\textures\infantry n huskarl standard.bti"
"infantry n ulfsark scout","15","0","15","0","1","BC3","D:\AI_upscaling\AoMEE\extracted\textures\infantry n ulfsark scout.bti"
"Infantry N Ulfsark Standard","18","9","8","1","1","BC3","D:\AI_upscaling\AoMEE\extracted\textures\infantry n ulfsark standard.bti"
"Infantry X 2 Sword Fighter Iron","37","19","18","0","1","BC3","D:\AI_upscaling\AoMEE\extracted\textures\infantry x 2 sword fighter iron.bti"
"Infantry X Maceman Iron","37","19","18","0","1","BC3","D:\AI_upscaling\AoMEE\extracted\textures\infantry x maceman iron.bti"
"Infantry X Swordsman Iron","40","14","26","0","1","BC3","D:\AI_upscaling\AoMEE\extracted\textures\infantry x swordsman iron.bti"
"Infantry X Trident Soldier Cape Iron","21","0","21","0","1","BC3","D:\AI_upscaling\AoMEE\extracted\textures\infantry x trident soldier cape iron.bti"
"Infantry X Trident Soldier Hero","4","2","2","0","1","BC3","D:\AI_upscaling\AoMEE\extracted\textures\infantry x trident soldier hero.bti"
"Infantry X Trident Soldier Iron","38","19","19","0","1","BC3","D:\AI_upscaling\AoMEE\extracted\textures\infantry x trident soldier iron.bti"
"Infantry X Trident Soldier Shield Hero","2","0","2","0","1","BC3","D:\AI_upscaling\AoMEE\extracted\textures\infantry x trident soldier shield hero.bti"
"Infantry X Trident Soldier Shield Iron","21","0","21","0","1","BC3","D:\AI_upscaling\AoMEE\extracted\textures\infantry x trident soldier shield iron.bti"
"Kronos Wonder Map2","12","6","6","0","1","BC3","D:\AI_upscaling\AoMEE\extracted\textures\kronos wonder map2.bti"
"LP Cine X Krios","12","6","6","0","1","BC3","D:\AI_upscaling\AoMEE\extracted\textures\lp cine x krios.bti"
"LP MU X Argus Map","15","7","8","0","1","BC3","D:\AI_upscaling\AoMEE\extracted\textures\lp mu x argus map.bti"
"LP MU X Stymphalian Bird Map","14","9","5","0","1","BC3","D:\AI_upscaling\AoMEE\extracted\textures\lp mu x stymphalian bird map.bti"
"MU X Argus Map","15","7","8","0","1","BC3","D:\AI_upscaling\AoMEE\extracted\textures\mu x argus map.bti"
"MU X Atlantean Flying Medic Map","46","31","7","8","1","BC3","D:\AI_upscaling\AoMEE\extracted\textures\mu x atlantean flying medic map.bti"
"MU X Atlantean Hundred Giant Map","40","20","20","0","1","BC3","D:\AI_upscaling\AoMEE\extracted\textures\mu x atlantean hundred giant map.bti"
"MU X Atlantean Lampedes map","48","32","16","0","1","BC3","D:\AI_upscaling\AoMEE\extracted\textures\mu x atlantean lampedes map.bti"
"MU X Atlantean ManOWar Map","31","15","12","4","1","BC3","D:\AI_upscaling\AoMEE\extracted\textures\mu x atlantean manowar map.bti"
"MU X Atlantean Satyr Map","32","16","8","8","1","BC3","D:\AI_upscaling\AoMEE\extracted\textures\mu x atlantean satyr map.bti"
"MU X Automation Map","45","23","22","0","1","BC3","D:\AI_upscaling\AoMEE\extracted\textures\mu x automation map.bti"
"MU X Behemoth Map","24","12","12","0","1","BC3","D:\AI_upscaling\AoMEE\extracted\textures\mu x behemoth map.bti"
"MU X Dryad","26","12","14","0","1","BC3","D:\AI_upscaling\AoMEE\extracted\textures\mu x dryad.bti"
"MU X Nereid Rider Map","24","13","11","0","1","BC3","D:\AI_upscaling\AoMEE\extracted\textures\mu x nereid rider map.bti"
"MU X Promethean Map","76","38","38","0","1","BC3","D:\AI_upscaling\AoMEE\extracted\textures\mu x promethean map.bti"
"MU X Servant of Oceanus Map","21","7","14","0","1","BC3","D:\AI_upscaling\AoMEE\extracted\textures\mu x servant of oceanus map.bti"
"MU X Stymphalian Bird Map","15","10","5","0","1","BC3","D:\AI_upscaling\AoMEE\extracted\textures\mu x stymphalian bird map.bti"
"Naval C All","23","0","23","0","4","BC3","D:\AI_upscaling\AoMEE\extracted\textures\naval c all.bti"
"Naval E All","121","71","45","5","1","BC3","D:\AI_upscaling\AoMEE\extracted\textures\naval e all.bti"
"Naval E Pirate Ship","44","22","12","10","1","BC3","D:\AI_upscaling\AoMEE\extracted\textures\naval e pirate ship.bti"
"Naval G All","193","92","95","6","1","BC3","D:\AI_upscaling\AoMEE\extracted\textures\naval g all.bti"
"naval g all wrecked","6","2","4","0","1","BC3","D:\AI_upscaling\AoMEE\extracted\textures\naval g all wrecked.bti"
"Naval N Kraken","62","52","10","0","1","BC3","D:\AI_upscaling\AoMEE\extracted\textures\naval n kraken.bti"
"Naval X All","110","55","55","0","1","BC3","D:\AI_upscaling\AoMEE\extracted\textures\naval x all.bti"
"Oranos Wonder Map","12","8","4","0","1","BC3","D:\AI_upscaling\AoMEE\extracted\textures\oranos wonder map.bti"
"Oranos Wonder Map1","11","6","5","0","1","BC3","D:\AI_upscaling\AoMEE\extracted\textures\oranos wonder map1.bti"
"Platform Map","12","6","6","0","1","BC3","D:\AI_upscaling\AoMEE\extracted\textures\platform map.bti"
"Projectile A Ballista Arrow","4","0","4","0","1","BC3","D:\AI_upscaling\AoMEE\extracted\textures\projectile a ballista arrow.bti"
"Scenario B Amanra map","39","19","20","0","1","BC3","D:\AI_upscaling\AoMEE\extracted\textures\scenario b amanra map.bti"
"scenario c danzhu","6","0","6","0","4","BC3","D:\AI_upscaling\AoMEE\extracted\textures\scenario c danzhu.bti"
"scenario c danzhu head","1","0","1","0","4","BC3","D:\AI_upscaling\AoMEE\extracted\textures\scenario c danzhu head.bti"
"Scenario C Gargarensis map","50","25","25","0","1","BC3","D:\AI_upscaling\AoMEE\extracted\textures\scenario c gargarensis map.bti"
"scenario c jiaolong","19","8","11","0","4","BC3","D:\AI_upscaling\AoMEE\extracted\textures\scenario c jiaolong.bti"
"scenario c jiaolong head","1","0","1","0","4","BC3","D:\AI_upscaling\AoMEE\extracted\textures\scenario c jiaolong head.bti"
"Scenario C Kamos","97","49","48","0","1","BC3","D:\AI_upscaling\AoMEE\extracted\textures\scenario c kamos.bti"
"scenario c shun","30","0","30","0","1","BC3","D:\AI_upscaling\AoMEE\extracted\textures\scenario c shun.bti"
"scenario c shun head","11","0","11","0","4","BC3","D:\AI_upscaling\AoMEE\extracted\textures\scenario c shun head.bti"
"Scenario E Great Box","6","0","6","0","1","BC3","D:\AI_upscaling\AoMEE\extracted\textures\scenario e great box.bti"
"Scenario E Guardian","78","39","39","0","1","BC3","D:\AI_upscaling\AoMEE\extracted\textures\scenario e guardian.bti"
"Scenario E Setna map","38","20","18","0","1","BC3","D:\AI_upscaling\AoMEE\extracted\textures\scenario e setna map.bti"
"Scenario G Arkantos Man map","24","12","12","0","1","BC3","D:\AI_upscaling\AoMEE\extracted\textures\scenario g arkantos man map.bti"
"Scenario G Arkantos map","59","29","30","0","1","BC3","D:\AI_upscaling\AoMEE\extracted\textures\scenario g arkantos map.bti"
"Scenario G Chiron Map","60","30","26","4","1","BC3","D:\AI_upscaling\AoMEE\extracted\textures\scenario g chiron map.bti"
"Scenario G Circe","64","43","21","0","1","BC3","D:\AI_upscaling\AoMEE\extracted\textures\scenario g circe.bti"
"Scenario G Kastor map","16","6","10","0","1","BC3","D:\AI_upscaling\AoMEE\extracted\textures\scenario g kastor map.bti"
"Scenario G Odysseus map","41","20","10","11","1","BC3","D:\AI_upscaling\AoMEE\extracted\textures\scenario g odysseus map.bti"
"Scenario G Old Man Map","4","2","2","0","1","BC3","D:\AI_upscaling\AoMEE\extracted\textures\scenario g old man map.bti"
"Scenario G Skult Map","18","9","9","0","1","BC3","D:\AI_upscaling\AoMEE\extracted\textures\scenario g skult map.bti"
"Scenario N Brokk Standard","72","36","36","0","1","BC3","D:\AI_upscaling\AoMEE\extracted\textures\scenario n brokk standard.bti"
"Scenario N Eitri Standard","73","36","37","0","1","BC3","D:\AI_upscaling\AoMEE\extracted\textures\scenario n eitri standard.bti"
"Scenario N Reginleif map","47","24","23","0","1","BC3","D:\AI_upscaling\AoMEE\extracted\textures\scenario n reginleif map.bti"
"Scenario N Reginleif Weapons map","47","24","23","0","1","BC3","D:\AI_upscaling\AoMEE\extracted\textures\scenario n reginleif weapons map.bti"
"scenario t troy wall long","18","9","9","0","1","BC3","D:\AI_upscaling\AoMEE\extracted\textures\scenario t troy wall long.bti"
"scenario t troy wall long dead","8","4","4","0","1","BC3","D:\AI_upscaling\AoMEE\extracted\textures\scenario t troy wall long dead.bti"
"Scenario Theocrat","23","12","11","0","1","BC3","D:\AI_upscaling\AoMEE\extracted\textures\scenario theocrat.bti"
"Scenario Theocrat Staff","30","16","14","0","1","BC3","D:\AI_upscaling\AoMEE\extracted\textures\scenario theocrat staff.bti"
"scenario x amanra map","44","22","11","11","1","BC3","D:\AI_upscaling\AoMEE\extracted\textures\scenario x amanra map.bti"
"SFX A Healing Spring Stone","2","1","1","0","1","BC3","D:\AI_upscaling\AoMEE\extracted\textures\sfx a healing spring stone.bti"
"SFX A Serpent","24","11","7","6","1","BC3","D:\AI_upscaling\AoMEE\extracted\textures\sfx a serpent.bti"
"SFX A Walking Woods","23","12","11","0","1","BC3","D:\AI_upscaling\AoMEE\extracted\textures\sfx a walking woods.bti"
"SFX E Citadel","6","3","3","0","1","BC3","D:\AI_upscaling\AoMEE\extracted\textures\sfx e citadel.bti"
"SFX E Citadel Age4","6","3","3","0","1","BC3","D:\AI_upscaling\AoMEE\extracted\textures\sfx e citadel age4.bti"
"SFX E Son of Osiris","46","23","11","12","1","BC3","D:\AI_upscaling\AoMEE\extracted\textures\sfx e son of osiris.bti"
"SFX G Animal Magnetism","6","3","3","0","1","BC3","D:\AI_upscaling\AoMEE\extracted\textures\sfx g animal magnetism.bti"
"SFX G Plenty","14","10","4","0","1","BC3","D:\AI_upscaling\AoMEE\extracted\textures\sfx g plenty.bti"
"SFX G Sentinel","12","7","5","0","1","BC3","D:\AI_upscaling\AoMEE\extracted\textures\sfx g sentinel.bti"
"siege c fire lance","5","0","5","0","4","BC3","D:\AI_upscaling\AoMEE\extracted\textures\siege c fire lance.bti"
"siege c fire lance head","1","0","1","0","4","BC3","D:\AI_upscaling\AoMEE\extracted\textures\siege c fire lance head.bti"
"Siege C Sitting Tiger","6","0","6","0","4","BC3","D:\AI_upscaling\AoMEE\extracted\textures\siege c sitting tiger.bti"
"Siege E Catapult","22","12","6","4","1","BC3","D:\AI_upscaling\AoMEE\extracted\textures\siege e catapult.bti"
"Siege G Helepolis","24","16","3","5","1","BC3","D:\AI_upscaling\AoMEE\extracted\textures\siege g helepolis.bti"
"Siege G Petrobolos","13","6","7","0","1","BC3","D:\AI_upscaling\AoMEE\extracted\textures\siege g petrobolos.bti"
"Siege G Petrobolos Iron","2","1","1","0","1","BC3","D:\AI_upscaling\AoMEE\extracted\textures\siege g petrobolos iron.bti"
"Siege N Ballista","17","9","5","3","1","BC3","D:\AI_upscaling\AoMEE\extracted\textures\siege n ballista.bti"
"Siege N Ballista Bolt","34","17","13","4","1","BC3","D:\AI_upscaling\AoMEE\extracted\textures\siege n ballista bolt.bti"
"Siege N Ballista Bolt Iron","2","1","1","0","1","BC3","D:\AI_upscaling\AoMEE\extracted\textures\siege n ballista bolt iron.bti"
"Siege N Ram","31","17","7","7","1","BC3","D:\AI_upscaling\AoMEE\extracted\textures\siege n ram.bti"
"Siege N Ram Iron","26","13","8","5","1","BC3","D:\AI_upscaling\AoMEE\extracted\textures\siege n ram iron.bti"
"Siege X Chieroballista","35","18","17","0","1","BC3","D:\AI_upscaling\AoMEE\extracted\textures\siege x chieroballista.bti"
"Siege X Chieroballista Man","24","12","12","0","1","BC3","D:\AI_upscaling\AoMEE\extracted\textures\siege x chieroballista man.bti"
"Siege X Fire Siphon","22","11","11","0","1","BC3","D:\AI_upscaling\AoMEE\extracted\textures\siege x fire siphon.bti"
"Siege X Onager","4","0","4","0","4","BC3","D:\AI_upscaling\AoMEE\extracted\textures\siege x onager.bti"
"special c azure dragon","5","0","5","0","4","BC3","D:\AI_upscaling\AoMEE\extracted\textures\special c azure dragon.bti"
"special c dragon turtle","6","0","6","0","4","BC3","D:\AI_upscaling\AoMEE\extracted\textures\special c dragon turtle.bti"
"special c earth dragon","4","0","4","0","4","BC3","D:\AI_upscaling\AoMEE\extracted\textures\special c earth dragon.bti"
"special c jiangshi","5","0","5","0","4","BC3","D:\AI_upscaling\AoMEE\extracted\textures\special c jiangshi.bti"
"special c jiangshi head","1","0","1","0","4","BC3","D:\AI_upscaling\AoMEE\extracted\textures\special c jiangshi head.bti"
"special c monkey king","6","0","6","0","4","BC3","D:\AI_upscaling\AoMEE\extracted\textures\special c monkey king.bti"
"Special C Pixiu","7","0","7","0","4","BC3","D:\AI_upscaling\AoMEE\extracted\textures\Special C Pixiu.bti"
"special c salamander","11","0","11","0","4","BC3","D:\AI_upscaling\AoMEE\extracted\textures\special c salamander.bti"
"special c terracotta soldier","6","0","6","0","4","BC3","D:\AI_upscaling\AoMEE\extracted\textures\special c terracotta soldier.bti"
"special c vermillion bird","5","0","5","0","4","BC3","D:\AI_upscaling\AoMEE\extracted\textures\special c vermillion bird.bti"
"special c vermillion bird wing","5","0","5","0","4","BC3","D:\AI_upscaling\AoMEE\extracted\textures\special c vermillion bird wing.bti"
"Special E Anubite","7","3","4","0","1","BC3","D:\AI_upscaling\AoMEE\extracted\textures\special e anubite.bti"
"Special E Apep map","10","5","5","0","1","BC3","D:\AI_upscaling\AoMEE\extracted\textures\special e apep map.bti"
"Special E Mummy map","60","40","8","12","1","BC3","D:\AI_upscaling\AoMEE\extracted\textures\special e mummy map.bti"
"Special E Petesuchos","32","16","14","2","1","BC3","D:\AI_upscaling\AoMEE\extracted\textures\special e petesuchos.bti"
"Special E Pharaoh","53","26","27","0","1","BC3","D:\AI_upscaling\AoMEE\extracted\textures\special e pharaoh.bti"
"Special E Pharaoh Head","52","26","26","0","1","BC3","D:\AI_upscaling\AoMEE\extracted\textures\special e pharaoh head.bti"
"Special E Phoenix","12","8","4","0","0","BC3","D:\AI_upscaling\AoMEE\extracted\textures\special e phoenix.bti"
"Special E Phoenix Egg","6","3","3","0","1","BC3","D:\AI_upscaling\AoMEE\extracted\textures\special e phoenix egg.bti"
"Special E Priest","38","19","17","2","1","BC3","D:\AI_upscaling\AoMEE\extracted\textures\special e priest.bti"
"Special E Roc","42","28","9","5","1","BC3","D:\AI_upscaling\AoMEE\extracted\textures\special e roc.bti"
"Special E Roc Basket","23","12","11","0","1","BC3","D:\AI_upscaling\AoMEE\extracted\textures\special e roc basket.bti"
"Special E Scarab map","27","14","12","1","1","BC3","D:\AI_upscaling\AoMEE\extracted\textures\special e scarab map.bti"
"Special E Scorpion Man","35","18","8","9","1","BC3","D:\AI_upscaling\AoMEE\extracted\textures\special e scorpion man.bti"
"Special E Sphinx","40","20","9","11","1","BC3","D:\AI_upscaling\AoMEE\extracted\textures\special e sphinx.bti"
"Special E Wadjet","42","28","12","2","1","BC3","D:\AI_upscaling\AoMEE\extracted\textures\special e wadjet.bti"
"Special G Agamemnon","39","19","9","11","1","BC3","D:\AI_upscaling\AoMEE\extracted\textures\special g agamemnon.bti"
"Special G Athena","16","8","8","0","1","BC3","D:\AI_upscaling\AoMEE\extracted\textures\special g athena.bti"
"Special G Carcinos","32","16","14","2","1","BC3","D:\AI_upscaling\AoMEE\extracted\textures\special g carcinos.bti"
"Special G Centaur","20","10","9","1","1","BC3","D:\AI_upscaling\AoMEE\extracted\textures\special g centaur.bti"
"Special G Chimera","32","16","7","9","1","BC3","D:\AI_upscaling\AoMEE\extracted\textures\special g chimera.bti"
"Special G Chimera map","2","1","1","0","1","BC3","D:\AI_upscaling\AoMEE\extracted\textures\special g chimera map.bti"
"Special G Chimera Tail","15","8","6","1","1","BC3","D:\AI_upscaling\AoMEE\extracted\textures\special g chimera tail.bti"
"Special G Colossus map","41","20","10","11","1","BC3","D:\AI_upscaling\AoMEE\extracted\textures\special g colossus map.bti"
"Special G Cyclops","40","20","9","11","1","BC3","D:\AI_upscaling\AoMEE\extracted\textures\special g cyclops.bti"
"Special G Cyclops map","5","2","3","0","1","BC3","D:\AI_upscaling\AoMEE\extracted\textures\special g cyclops map.bti"
"Special G Giant Turtle","2","1","1","0","4","BC3","D:\AI_upscaling\AoMEE\extracted\textures\special g giant turtle.bti"
"Special G Golem map","6","0","6","0","1","BC3","D:\AI_upscaling\AoMEE\extracted\textures\special g golem map.bti"
"Special G Hippocampus","18","6","5","7","1","BC3","D:\AI_upscaling\AoMEE\extracted\textures\special g hippocampus.bti"
"Special G Hydra Land","124","62","62","0","1","BC3","D:\AI_upscaling\AoMEE\extracted\textures\special g hydra land.bti"
"Special G Manticore","28","14","12","2","1","BC3","D:\AI_upscaling\AoMEE\extracted\textures\special g manticore.bti"
"Special G Medusa","39","21","16","2","1","BC3","D:\AI_upscaling\AoMEE\extracted\textures\special g medusa.bti"
"Special G Minotaur","51","26","11","14","1","BC3","D:\AI_upscaling\AoMEE\extracted\textures\special g minotaur.bti"
"Special G Nemean Lion","39","20","19","0","1","BC3","D:\AI_upscaling\AoMEE\extracted\textures\special g nemean lion.bti"
"Special G Pegasus Wings","52","27","25","0","4","BC3","D:\AI_upscaling\AoMEE\extracted\textures\special g pegasus wings.bti"
"Special G Scylla","124","62","26","36","1","BC3","D:\AI_upscaling\AoMEE\extracted\textures\special g scylla.bti"
"Special G Sea Turtle","32","16","15","1","1","BC3","D:\AI_upscaling\AoMEE\extracted\textures\special g sea turtle.bti"
"Special G Shade","33","20","5","8","1","BC3","D:\AI_upscaling\AoMEE\extracted\textures\special g shade.bti"
"Special N Battle Boar","56","28","27","1","1","BC3","D:\AI_upscaling\AoMEE\extracted\textures\special n battle boar.bti"
"Special N Einheriar","16","9","7","0","1","BC3","D:\AI_upscaling\AoMEE\extracted\textures\special n einheriar.bti"
"Special N Fenris","40","20","18","2","1","BC3","D:\AI_upscaling\AoMEE\extracted\textures\special n fenris.bti"
"Special N Fire Giant","34","17","8","9","1","BC3","D:\AI_upscaling\AoMEE\extracted\textures\special n fire giant.bti"
"Special N Frost Giant","46","23","12","11","1","BC3","D:\AI_upscaling\AoMEE\extracted\textures\special n frost giant.bti"
"Special N Giant","49","25","13","11","1","BC3","D:\AI_upscaling\AoMEE\extracted\textures\special n giant.bti"
"Special N Jarl Cape map","23","11","12","0","1","BC3","D:\AI_upscaling\AoMEE\extracted\textures\special n jarl cape map.bti"
"Special N Jormund Brood","8","4","4","0","1","BC3","D:\AI_upscaling\AoMEE\extracted\textures\special n jormund brood.bti"
"Special N King Folstag Upgrade","30","15","15","0","1","BC3","D:\AI_upscaling\AoMEE\extracted\textures\special n king folstag upgrade.bti"
"Special N Raven","23","16","4","3","1","BC3","D:\AI_upscaling\AoMEE\extracted\textures\special n raven.bti"
"Special N Troll","41","21","10","10","1","BC3","D:\AI_upscaling\AoMEE\extracted\textures\special n troll.bti"
"Special N Troll Bag","18","0","18","0","1","BC3","D:\AI_upscaling\AoMEE\extracted\textures\special n troll bag.bti"
"Special N Valkyrie map","22","11","10","1","1","BC3","D:\AI_upscaling\AoMEE\extracted\textures\special n valkyrie map.bti"
"Special X Oracle","40","20","20","0","1","BC3","D:\AI_upscaling\AoMEE\extracted\textures\special x oracle.bti"
"Special X Oracle Hero","47","23","24","0","1","BC3","D:\AI_upscaling\AoMEE\extracted\textures\special x oracle hero.bti"
"Statue X Gaia Map","4","2","2","0","1","BC3","D:\AI_upscaling\AoMEE\extracted\textures\statue x gaia map.bti"
"Statue X Oranos Map","4","2","2","0","1","BC3","D:\AI_upscaling\AoMEE\extracted\textures\statue x oranos map.bti"
"Temp Santa Body","2","1","1","0","1","BC3","D:\AI_upscaling\AoMEE\extracted\textures\temp santa body.bti"
"Test Flags","15","0","15","0","1","BC3","D:\AI_upscaling\AoMEE\extracted\textures\test flags.bti"
"Theocrat Map","2","1","1","0","1","BC3","D:\AI_upscaling\AoMEE\extracted\textures\theocrat map.bti"
"Titan E Ra Pads Map","2","0","2","0","4","BC3","D:\AI_upscaling\AoMEE\extracted\textures\titan e ra pads map.bti"
"Titan E Ra Skirt Map","4","2","2","0","4","BC3","D:\AI_upscaling\AoMEE\extracted\textures\titan e ra skirt map.bti"
"Titan G Cerebus Map1","2","1","1","0","1","BC3","D:\AI_upscaling\AoMEE\extracted\textures\titan g cerebus map1.bti"
"Titan G Cerebus Map2","2","1","1","0","1","BC3","D:\AI_upscaling\AoMEE\extracted\textures\titan g cerebus map2.bti"
"Titan N Troll Map2","2","1","1","0","1","BC3","D:\AI_upscaling\AoMEE\extracted\textures\titan n troll map2.bti"
"Titan X Gaia","6","4","2","0","4","BC3","D:\AI_upscaling\AoMEE\extracted\textures\titan x gaia.bti"
"Titan X Golem Map1","2","1","1","0","4","BC3","D:\AI_upscaling\AoMEE\extracted\textures\titan x golem map1.bti"
"Titan X Kronos","1","0","1","0","1","BC3","D:\AI_upscaling\AoMEE\extracted\textures\titan x kronos.bti"
"Titan X Promethean 1","5","2","3","0","1","BC3","D:\AI_upscaling\AoMEE\extracted\textures\titan x promethean 1.bti"
"trade c caravan cargo","4","0","4","0","4","BC3","D:\AI_upscaling\AoMEE\extracted\textures\trade c caravan cargo.bti"
"Trade E Caravan Basket","44","22","22","0","1","BC3","D:\AI_upscaling\AoMEE\extracted\textures\trade e caravan basket.bti"
"Trade E Caravan Camel","43","22","21","0","1","BC3","D:\AI_upscaling\AoMEE\extracted\textures\trade e caravan camel.bti"
"Trade E Caravan Cargo","16","5","11","0","1","BC3","D:\AI_upscaling\AoMEE\extracted\textures\trade e caravan cargo.bti"
"Trade G Caravan Cargo","20","10","10","0","1","BC3","D:\AI_upscaling\AoMEE\extracted\textures\trade g caravan cargo.bti"
"Trade G Caravan Donkey","20","10","10","0","1","BC3","D:\AI_upscaling\AoMEE\extracted\textures\trade g caravan donkey.bti"
"Trade N Caravan Cargo","20","10","8","2","1","BC3","D:\AI_upscaling\AoMEE\extracted\textures\trade n caravan cargo.bti"
"Trade N Caravan Ox","52","26","22","4","1","BC3","D:\AI_upscaling\AoMEE\extracted\textures\trade n caravan ox.bti"
"Trade X Caravan","19","9","10","0","1","BC3","D:\AI_upscaling\AoMEE\extracted\textures\trade x caravan.bti"
"villager c female","17","0","17","0","4","BC3","D:\AI_upscaling\AoMEE\extracted\textures\villager c female.bti"
"villager c male standard","17","0","17","0","4","BC3","D:\AI_upscaling\AoMEE\extracted\textures\villager c male standard.bti"
"Villager E Female","43","21","20","2","1","BC3","D:\AI_upscaling\AoMEE\extracted\textures\villager e female.bti"
"Villager E Male Standard","52","26","25","1","1","BC3","D:\AI_upscaling\AoMEE\extracted\textures\villager e male standard.bti"
"Villager G Atlantean Male","41","21","20","0","1","BC3","D:\AI_upscaling\AoMEE\extracted\textures\villager g atlantean male.bti"
"Villager G Female","55","28","25","2","1","BC3","D:\AI_upscaling\AoMEE\extracted\textures\villager g female.bti"
"Villager G Male Standard","86","43","41","2","1","BC3","D:\AI_upscaling\AoMEE\extracted\textures\villager g male standard.bti"
"Villager N Female","40","21","17","2","1","BC3","D:\AI_upscaling\AoMEE\extracted\textures\villager n female.bti"
"Villager N Male Standard","44","22","21","1","1","BC3","D:\AI_upscaling\AoMEE\extracted\textures\villager n male standard.bti"
"Villager N Oxcart","20","10","10","0","1","BC3","D:\AI_upscaling\AoMEE\extracted\textures\villager n oxcart.bti"
"Villager X Female","68","35","33","0","1","BC3","D:\AI_upscaling\AoMEE\extracted\textures\villager x female.bti"
"Villager X Male","67","33","34","0","1","BC3","D:\AI_upscaling\AoMEE\extracted\textures\villager x male.bti"
"Villager X Pony","202","135","67","0","1","BC3","D:\AI_upscaling\AoMEE\extracted\textures\villager x pony.bti"
"Waypoint","2","1","1","0","1","BC3","D:\AI_upscaling\AoMEE\extracted\textures\waypoint.bti"
"World A Bouy","2","0","2","0","1","BC3","D:\AI_upscaling\AoMEE\extracted\textures\world a bouy.bti"
"World A Underworld Passage Color Transform","3","0","3","0","1","BC3","D:\AI_upscaling\AoMEE\extracted\textures\world a underworld passage color transform.bti"
"World A Waypoint Flag","1","0","1","0","1","BC3","D:\AI_upscaling\AoMEE\extracted\textures\world a waypoint flag.bti"
"world c statue nuwa","1","0","1","0","4","BC3","D:\AI_upscaling\AoMEE\extracted\textures\world c statue nuwa.bti"
"world c statue nuwa stand","3","0","3","0","4","BC3","D:\AI_upscaling\AoMEE\extracted\textures\world c statue nuwa stand.bti"
"world c statue shennong","1","0","1","0","4","BC3","D:\AI_upscaling\AoMEE\extracted\textures\world c statue shennong.bti"
"world c statue shennong head","1","0","1","0","4","BC3","D:\AI_upscaling\AoMEE\extracted\textures\world c statue shennong head.bti"
"World E Garrison Flag","2","1","1","0","1","BC3","D:\AI_upscaling\AoMEE\extracted\textures\world e garrison flag.bti"
"World E Statue Isis","17","10","7","0","1","BC3","D:\AI_upscaling\AoMEE\extracted\textures\world e statue isis.bti"
"World E Statue Ra","6","3","3","0","1","BC3","D:\AI_upscaling\AoMEE\extracted\textures\world e statue ra.bti"
"World E Statue Set","6","3","3","0","1","BC3","D:\AI_upscaling\AoMEE\extracted\textures\world e statue set.bti"
"World G Garrison Flag","2","1","1","0","1","BC3","D:\AI_upscaling\AoMEE\extracted\textures\world g garrison flag.bti"
"World G Hades Temple","4","2","2","0","1","BC3","D:\AI_upscaling\AoMEE\extracted\textures\world g hades temple.bti"
"World G Statue Hades","6","3","3","0","1","BC3","D:\AI_upscaling\AoMEE\extracted\textures\world g statue hades.bti"
"World G Statue Poseidon","23","11","12","0","1","BC3","D:\AI_upscaling\AoMEE\extracted\textures\world g statue poseidon.bti"
"World G Statue Poseidon Base","10","9","1","0","1","BC3","D:\AI_upscaling\AoMEE\extracted\textures\world g statue poseidon base.bti"
"World G Statue Zeus","6","3","3","0","1","BC3","D:\AI_upscaling\AoMEE\extracted\textures\world g statue zeus.bti"
"World G Tent","4","2","2","0","1","BC3","D:\AI_upscaling\AoMEE\extracted\textures\world g tent.bti"
"World N Garrison Flag","2","1","1","0","1","BC3","D:\AI_upscaling\AoMEE\extracted\textures\world n garrison flag.bti"
"World N Statue Loki","6","3","3","0","1","BC3","D:\AI_upscaling\AoMEE\extracted\textures\world n statue loki.bti"
"World N Statue Odin","12","6","6","0","1","BC3","D:\AI_upscaling\AoMEE\extracted\textures\world n statue odin.bti"
"World N Statue Thor","6","3","3","0","1","BC3","D:\AI_upscaling\AoMEE\extracted\textures\world n statue thor.bti"
"World N Tent","2","1","1","0","1","BC3","D:\AI_upscaling\AoMEE\extracted\textures\world n tent.bti"
