"Texture","Filename","Path","Width","Height","Pixels","HasAlpha","AlphaValueCount","TransparentPixels","PartialAlphaPixels","OpaquePixels","TransparentPct","PartialPct","OpaquePct","NonTransparentPct","MaskClass","AlphaBits","CT0","CT4","NoAlphaTest"
"Agamemnon Map","agamemnon map.tga","textures\agamemnon map.tga","256","256","65536","True","3","61815","76","3645","94.3222","0.116","5.5618","5.6778","GradedModerate",,,,
"Animal Cow A map","animal cow a map.tga","textures\animal cow a map.tga","128","128","16384","True","2","15944","0","440","97.3145","0","2.6855","2.6855","BinarySparse",,,,
"Animal Flying Purple Hippo","animal flying purple hippo.tga","textures\animal flying purple hippo.tga","256","128","32768","True","1","32768","0","0","100","0","0","0","FullyTransparent",,,,
"Animal Goat map","animal goat map.tga","textures\animal goat map.tga","64","64","4096","True","3","3978","11","107","97.1191","0.2686","2.6123","2.8809","GradedSparse",,,,
"Animal GoatNubian map","animal goatnubian map.tga","textures\animal goatnubian map.tga","64","64","4096","True","2","4022","0","74","98.1934","0","1.8066","1.8066","BinarySparse",,,,
"Animal Pig map","animal pig map.tga","textures\animal pig map.tga","64","64","4096","True","3","4022","5","69","98.1934","0.1221","1.6846","1.8066","GradedSparse",,,,
"animal white tiger map","animal white tiger map.tga","textures\animal white tiger map.tga","128","128","16384","True","12","15951","264","169","97.3572","1.6113","1.0315","2.6428","GradedSparse",,,,
"Animal William Walrus Map","Animal William Walrus Map.tga","textures\Animal William Walrus Map.tga","256","256","65536","True","68","62161","294","3081","94.8502","0.4486","4.7012","5.1498","GradedModerate",,,,
"Animal Yak","animal yak.tga","textures\animal yak.tga","128","128","16384","True","14","15811","405","168","96.5027","2.4719","1.0254","3.4973","GradedSparse",,,,
"archer c crossbowman head copper","archer c crossbowman head copper.tga","textures\archer c crossbowman head copper.tga","32","32","1024","True","60","708","217","99","69.1406","21.1914","9.668","30.8594","GradedBroad",,,,
"archer c crossbowman head standard","archer c crossbowman head standard.tga","textures\archer c crossbowman head standard.tga","32","32","1024","True","1","1024","0","0","100","0","0","0","FullyTransparent",,,,
"archer c crossbowman standard","archer c crossbowman standard.tga","textures\archer c crossbowman standard.tga","64","64","4096","True","104","3133","533","430","76.4893","13.0127","10.498","23.5107","GradedModerate",,,,
"archer c mounted archer head standard","archer c mounted archer head standard.tga","textures\archer c mounted archer head standard.tga","32","32","1024","True","1","1024","0","0","100","0","0","0","FullyTransparent",,,,
"archer c mounted archer horse standard","archer c mounted archer horse standard.tga","textures\archer c mounted archer horse standard.tga","128","128","16384","True","70","16004","316","64","97.6807","1.9287","0.3906","2.3193","GradedSparse",,,,
"archer c mounted archer standard","archer c mounted archer standard.tga","textures\archer c mounted archer standard.tga","64","64","4096","True","24","3597","109","390","87.8174","2.6611","9.5215","12.1826","GradedModerate",,,,
"Archer E Slinger Head Standard","archer e slinger head standard.tga","textures\archer e slinger head standard.tga","32","32","1024","True","3","917","5","102","89.5508","0.4883","9.9609","10.4492","GradedModerate",,,,
"archer e slinger standard","archer e slinger standard.tga","textures\archer e slinger standard.tga","64","64","4096","True","3","2743","48","1305","66.9678","1.1719","31.8604","33.0322","GradedBroad",,,,
"Archer G Crossbowman","archer g crossbowman.tga","textures\archer g crossbowman.tga","64","64","4096","True","3","3526","5","565","86.084","0.1221","13.7939","13.916","GradedModerate",,,,
"Archer G Peltast Cape Standard","archer g peltast cape standard.tga","textures\archer g peltast cape standard.tga","64","64","4096","True","2","782","0","3314","19.0918","0","80.9082","80.9082","BinaryVeryBroad",,,,
"Archer G Peltast Head Standard","archer g peltast head standard.tga","textures\archer g peltast head standard.tga","32","32","1024","True","3","654","21","349","63.8672","2.0508","34.082","36.1328","GradedBroad",,,,
"Archer G Peltast Standard","archer g peltast standard.tga","textures\archer g peltast standard.tga","64","64","4096","True","3","1873","22","2201","45.7275","0.5371","53.7354","54.2725","GradedBroad",,,,
"Archer G Toxotes Head Bronze","archer g toxotes head bronze.tga","textures\archer g toxotes head bronze.tga","32","32","1024","True","2","921","0","103","89.9414","0","10.0586","10.0586","BinaryModerate",,,,
"Archer G Toxotes Head Copper","archer g toxotes head copper.tga","textures\archer g toxotes head copper.tga","32","32","1024","True","2","921","0","103","89.9414","0","10.0586","10.0586","BinaryModerate",,,,
"Archer G Toxotes Head Iron","archer g toxotes head iron.tga","textures\archer g toxotes head iron.tga","32","32","1024","True","2","921","0","103","89.9414","0","10.0586","10.0586","BinaryModerate",,,,
"Archer G Toxotes Iron","archer g toxotes iron.tga","textures\archer g toxotes iron.tga","64","64","4096","True","3","3080","21","995","75.1953","0.5127","24.292","24.8047","GradedModerate",,,,
"Archer G Toxotes Standard","archer g toxotes standard.tga","textures\archer g toxotes standard.tga","64","64","4096","True","3","2620","44","1432","63.9648","1.0742","34.9609","36.0352","GradedBroad",,,,
"Archer N Normal Head Standard","archer n normal head standard.tga","textures\archer n normal head standard.tga","32","32","1024","True","1","1024","0","0","100","0","0","0","FullyTransparent",,,,
"Archer N Normal Standard","archer n normal standard.tga","textures\archer n normal standard.tga","64","64","4096","True","8","3416","85","595","83.3984","2.0752","14.5264","16.6016","GradedModerate",,,,
"Archer N Throwing Axeman Standard","archer n throwing axeman standard.tga","textures\archer n throwing axeman standard.tga","64","64","4096","True","3","1923","5","2168","46.9482","0.1221","52.9297","53.0518","GradedBroad",,,,
"Archer X Iron","archer x iron.tga","textures\archer x iron.tga","64","64","4096","True","3","3484","11","601","85.0586","0.2686","14.6729","14.9414","GradedModerate",,,,
"Attachments A Shields map","attachments a shields map.tga","textures\attachments a shields map.tga","128","128","16384","True","3","14034","156","2194","85.6567","0.9521","13.3911","14.3433","GradedModerate",,,,
"attachments c flag naval","attachments c flag naval.tga","textures\attachments c flag naval.tga","64","32","2048","True","14","856","465","727","41.7969","22.7051","35.498","58.2031","GradedBroad",,,,
"Attachments E Shield Copper","attachments e shield copper.tga","textures\attachments e shield copper.tga","128","64","8192","True","3","6820","57","1315","83.252","0.6958","16.0522","16.748","GradedModerate",,,,
"Attachments G Shield Copper","attachments g shield copper.tga","textures\attachments g shield copper.tga","128","64","8192","True","3","7000","47","1145","85.4492","0.5737","13.9771","14.5508","GradedModerate",,,,
"Attachments MU X Automaton","attachments mu x automaton.tga","textures\attachments mu x automaton.tga","64","64","4096","True","3","3746","48","302","91.4551","1.1719","7.373","8.5449","GradedModerate",,,,
"Attachments N Shield Copper","attachments n shield copper.tga","textures\attachments n shield copper.tga","128","64","8192","True","3","6799","69","1324","82.9956","0.8423","16.1621","17.0044","GradedModerate",,,,
"Attachments N Shield Iron","attachments n shield iron.tga","textures\attachments n shield iron.tga","128","64","8192","True","3","7044","90","1058","85.9863","1.0986","12.915","14.0137","GradedModerate",,,,
"Attachments X Shield Medium","attachments x shield medium.tga","textures\attachments x shield medium.tga","128","64","8192","True","3","7059","111","1022","86.1694","1.355","12.4756","13.8306","GradedModerate",,,,
"building c accessories","building c accessories.tga","textures\building c accessories.tga","256","256","65536","True","95","62490","1156","1890","95.3522","1.7639","2.8839","4.6478","GradedSparse",,,,
"building c earthen wall","building c earthen wall.tga","textures\building c earthen wall.tga","256","256","65536","True","2","64284","0","1252","98.0896","0","1.9104","1.9104","BinarySparse",,,,
"building c fortified wall","building c fortified wall.tga","textures\building c fortified wall.tga","256","256","65536","True","2","64284","0","1252","98.0896","0","1.9104","1.9104","BinarySparse",,,,
"building c great wall","building c great wall.tga","textures\building c great wall.tga","256","256","65536","True","2","64284","0","1252","98.0896","0","1.9104","1.9104","BinarySparse",,,,
"building c roofage1","building c roofage1.tga","textures\building c roofage1.tga","256","256","65536","True","1","65536","0","0","100","0","0","0","FullyTransparent",,,,
"building c special","building c special.tga","textures\building c special.tga","256","256","65536","True","1","65536","0","0","100","0","0","0","FullyTransparent",,,,
"building c stone wall","building c stone wall.tga","textures\building c stone wall.tga","256","256","65536","True","2","64284","0","1252","98.0896","0","1.9104","1.9104","BinarySparse",,,,
"building c titan gate door map","building c titan gate door map.tga","textures\building c titan gate door map.tga","128","128","16384","True","135","13369","1333","1682","81.5979","8.136","10.2661","18.4021","GradedModerate",,,,
"building c tower age2","building c tower age2.tga","textures\building c tower age2.tga","256","256","65536","True","2","64164","0","1372","97.9065","0","2.0935","2.0935","BinarySparse",,,,
"building c wallsage1","building c wallsage1.tga","textures\building c wallsage1.tga","256","256","65536","True","11","56800","8424","312","86.6699","12.854","0.4761","13.3301","GradedModerate",,,,
"building c wonder city roof","building c wonder city roof.tga","textures\building c wonder city roof.tga","256","256","65536","True","1","65536","0","0","100","0","0","0","FullyTransparent",,,,
"building c wonder city walls","building c wonder city walls.tga","textures\building c wonder city walls.tga","256","256","65536","True","1","65536","0","0","100","0","0","0","FullyTransparent",,,,
"building c wonder palace roof","building c wonder palace roof.tga","textures\building c wonder palace roof.tga","256","256","65536","True","1","65536","0","0","100","0","0","0","FullyTransparent",,,,
"building c wonder palace walls","building c wonder palace walls.tga","textures\building c wonder palace walls.tga","256","256","65536","True","11","64007","1513","16","97.6669","2.3087","0.0244","2.3331","GradedSparse",,,,
"building c wonder temple","building c wonder temple.tga","textures\building c wonder temple.tga","256","256","65536","True","2","64964","0","572","99.1272","0","0.8728","0.8728","BinaryVerySparse",,,,
"Building E Age1","building e age1.tga","textures\building e age1.tga","256","256","65536","True","3","63436","290","1810","96.7957","0.4425","2.7618","3.2043","GradedSparse",,,,
"Building E Age2","building e age2.tga","textures\building e age2.tga","256","256","65536","True","2","63524","0","2012","96.9299","0","3.0701","3.0701","BinarySparse",,,,
"building E Age2 wall","building e age2 wall.tga","textures\building e age2 wall.tga","256","256","65536","True","3","64244","11","1281","98.0286","0.0168","1.9547","1.9714","GradedSparse",,,,
"Building E Age3","building e age3.tga","textures\building e age3.tga","256","256","65536","True","3","62770","5","2761","95.7794","0.0076","4.213","4.2206","GradedSparse",,,,
"building E Age4","building e age4.tga","textures\building e age4.tga","256","256","65536","True","2","62160","0","3376","94.8486","0","5.1514","5.1514","BinaryModerate",,,,
"building E Fortress Accessories","building e fortress accessories.tga","textures\building e fortress accessories.tga","256","256","65536","True","31","64593","943","0","98.5611","1.4389","0","1.4389","GradedSparse",,,,
"building E Isis Wonder01","building e isis wonder01.tga","textures\building e isis wonder01.tga","256","256","65536","True","2","64192","0","1344","97.9492","0","2.0508","2.0508","BinarySparse",,,,
"building E Isis Wonder02","building e isis wonder02.tga","textures\building e isis wonder02.tga","256","256","65536","True","2","64199","0","1337","97.9599","0","2.0401","2.0401","BinarySparse",,,,
"Building E Lighthouse","building e lighthouse.tga","textures\building e lighthouse.tga","256","256","65536","True","2","64491","0","1045","98.4055","0","1.5945","1.5945","BinarySparse",,,,
"building E Monument platforms","building e monument platforms.tga","textures\building e monument platforms.tga","256","256","65536","True","2","64061","0","1475","97.7493","0","2.2507","2.2507","BinarySparse",,,,
"Building E Obelisk","building e obelisk.tga","textures\building e obelisk.tga","256","128","32768","True","3","31066","10","1692","94.8059","0.0305","5.1636","5.1941","GradedModerate",,,,
"building E Outpost","building e outpost.tga","textures\building e outpost.tga","256","256","65536","True","2","65364","0","172","99.7375","0","0.2625","0.2625","BinaryVerySparse",,,,
"building E Ra Wonder02","building e ra wonder02.tga","textures\building e ra wonder02.tga","256","256","65536","True","2","64162","0","1374","97.9034","0","2.0966","2.0966","BinarySparse",,,,
"building E Set Wonder02","building e set wonder02.tga","textures\building e set wonder02.tga","256","256","65536","True","2","64132","0","1404","97.8577","0","2.1423","2.1423","BinarySparse",,,,
"building E Settlement Age1","building e settlement age1.tga","textures\building e settlement age1.tga","256","256","65536","True","3","63436","290","1810","96.7957","0.4425","2.7618","3.2043","GradedSparse",,,,
"building E Settlement Age2","building e settlement age2.tga","textures\building e settlement age2.tga","256","256","65536","True","2","63524","0","2012","96.9299","0","3.0701","3.0701","BinarySparse",,,,
"building E Settlement Age3","building e settlement age3.tga","textures\building e settlement age3.tga","256","256","65536","True","3","62770","5","2761","95.7794","0.0076","4.213","4.2206","GradedSparse",,,,
"building E Settlement Age4","building e settlement age4.tga","textures\building e settlement age4.tga","256","256","65536","True","2","62160","0","3376","94.8486","0","5.1514","5.1514","BinaryModerate",,,,
"Building E shared02 2 map","building e shared02 2 map.tga","textures\building e shared02 2 map.tga","256","256","65536","True","2","64478","0","1058","98.3856","0","1.6144","1.6144","BinarySparse",,,,
"Building E Titan Gate Map","building e titan gate map.tga","textures\building e titan gate map.tga","256","256","65536","True","2","63684","0","1852","97.1741","0","2.8259","2.8259","BinarySparse",,,,
"Building E Wall4","building e wall4.tga","textures\building e wall4.tga","256","256","65536","True","2","64296","0","1240","98.1079","0","1.8921","1.8921","BinarySparse",,,,
"Building G Age0","building g age0.tga","textures\building g age0.tga","256","256","65536","True","2","64613","0","923","98.5916","0","1.4084","1.4084","BinarySparse",,,,
"Building G Fortifiedwall","building g fortifiedwall.tga","textures\building g fortifiedwall.tga","256","256","65536","True","2","64354","0","1182","98.1964","0","1.8036","1.8036","BinarySparse",,,,
"Building G FortressWall","building g fortresswall.tga","textures\building g fortresswall.tga","256","256","65536","True","2","63921","0","1615","97.5357","0","2.4643","2.4643","BinarySparse",,,,
"Building G Hades Wonder","building g hades wonder.tga","textures\building g hades wonder.tga","256","256","65536","True","2","64000","0","1536","97.6562","0","2.3438","2.3438","BinarySparse",,,,
"Building G RoofAge1","building g roofage1.tga","textures\building g roofage1.tga","256","256","65536","True","2","65266","0","270","99.588","0","0.412","0.412","BinaryVerySparse",,,,
"Building G SettlementAge1","building g settlementage1.tga","textures\building g settlementage1.tga","256","256","65536","True","2","64603","0","933","98.5764","0","1.4236","1.4236","BinarySparse",,,,
"Building G SettlementAge2","building g settlementage2.tga","textures\building g settlementage2.tga","256","256","65536","True","2","64458","0","1078","98.3551","0","1.6449","1.6449","BinarySparse",,,,
"Building G SettlementAge3","building g settlementage3.tga","textures\building g settlementage3.tga","256","256","65536","True","2","64603","0","933","98.5764","0","1.4236","1.4236","BinarySparse",,,,
"Building G Shared05 2 map","building g shared05 2 map.tga","textures\building g shared05 2 map.tga","256","256","65536","True","2","63268","0","2268","96.5393","0","3.4607","3.4607","BinarySparse",,,,
"Building G Shrine","building g shrine.tga","textures\building g shrine.tga","256","256","65536","True","2","65328","0","208","99.6826","0","0.3174","0.3174","BinaryVerySparse",,,,
"Building G Temple","building g temple.tga","textures\building g temple.tga","256","256","65536","True","2","64228","0","1308","98.0042","0","1.9958","1.9958","BinarySparse",,,,
"Building G TempleAge1","building g templeage1.tga","textures\building g templeage1.tga","256","256","65536","True","2","64543","0","993","98.4848","0","1.5152","1.5152","BinarySparse",,,,
"Building G TempleAge2","building g templeage2.tga","textures\building g templeage2.tga","256","256","65536","True","2","64567","0","969","98.5214","0","1.4786","1.4786","BinarySparse",,,,
"Building G Titan Gate Door Map","building g titan gate door map.tga","textures\building g titan gate door map.tga","128","128","16384","True","3","15558","75","751","94.9585","0.4578","4.5837","5.0415","GradedModerate",,,,
"Building G Towers","building g towers.tga","textures\building g towers.tga","256","256","65536","True","2","64414","0","1122","98.288","0","1.712","1.712","BinarySparse",,,,
"Building G WallsAge1","building g wallsage1.tga","textures\building g wallsage1.tga","256","256","65536","True","2","63475","0","2061","96.8552","0","3.1448","3.1448","BinarySparse",,,,
"Building G WallsAge2","building g wallsage2.tga","textures\building g wallsage2.tga","256","256","65536","True","2","63940","0","1596","97.5647","0","2.4353","2.4353","BinarySparse",,,,
"Building G WallsAge3","building g wallsage3.tga","textures\building g wallsage3.tga","256","256","65536","True","2","63337","0","2199","96.6446","0","3.3554","3.3554","BinarySparse",,,,
"Building G Wonder","building g wonder.tga","textures\building g wonder.tga","256","256","65536","True","2","64489","0","1047","98.4024","0","1.5976","1.5976","BinarySparse",,,,
"Building G Zues Wonder01","building g zues wonder01.tga","textures\building g zues wonder01.tga","256","256","65536","True","2","63723","0","1813","97.2336","0","2.7664","2.7664","BinarySparse",,,,
"Building N Hillfort","building n hillfort.tga","textures\building n hillfort.tga","256","256","65536","True","3","64389","44","1103","98.2498","0.0671","1.683","1.7502","GradedSparse",,,,
"Building N Loki Wonder02","building n loki wonder02.tga","textures\building n loki wonder02.tga","256","256","65536","True","3","61988","473","3075","94.5862","0.7217","4.6921","5.4138","GradedModerate",,,,
"Building N Odin Wonder01","building n odin wonder01.tga","textures\building n odin wonder01.tga","256","256","65536","True","3","63302","16","2218","96.5912","0.0244","3.3844","3.4088","GradedSparse",,,,
"Building N SettlementAge1","building n settlementage1.tga","textures\building n settlementage1.tga","256","256","65536","True","2","64596","0","940","98.5657","0","1.4343","1.4343","BinarySparse",,,,
"Building N SettlementAge2","building n settlementage2.tga","textures\building n settlementage2.tga","256","256","65536","True","2","64586","0","950","98.5504","0","1.4496","1.4496","BinarySparse",,,,
"Building N SettlementAge3","building n settlementage3.tga","textures\building n settlementage3.tga","256","256","65536","True","2","64460","0","1076","98.3582","0","1.6418","1.6418","BinarySparse",,,,
"Building N SettlementAge4","building n settlementage4.tga","textures\building n settlementage4.tga","256","256","65536","True","3","64302","10","1224","98.1171","0.0153","1.8677","1.8829","GradedSparse",,,,
"Building N Shared01 1 map","building n shared01 1 map.tga","textures\building n shared01 1 map.tga","256","256","65536","True","2","64423","0","1113","98.3017","0","1.6983","1.6983","BinarySparse",,,,
"Building N Shared01 2 map","building n shared01 2 map.tga","textures\building n shared01 2 map.tga","256","256","65536","True","3","63573","90","1873","97.0047","0.1373","2.858","2.9953","GradedSparse",,,,
"Building N Shared01 3 map","building n shared01 3 map.tga","textures\building n shared01 3 map.tga","256","256","65536","True","2","64228","0","1308","98.0042","0","1.9958","1.9958","BinarySparse",,,,
"Building N Shared02 2 map","building n shared02 2 map.tga","textures\building n shared02 2 map.tga","256","256","65536","True","3","64813","32","691","98.8968","0.0488","1.0544","1.1032","GradedSparse",,,,
"Building N Shared04 2 map","building n shared04 2 map.tga","textures\building n shared04 2 map.tga","256","256","65536","True","3","63762","31","1743","97.2931","0.0473","2.6596","2.7069","GradedSparse",,,,
"Building N Shared06 2 map","building n shared06 2 map.tga","textures\building n shared06 2 map.tga","256","256","65536","True","2","64638","0","898","98.6298","0","1.3702","1.3702","BinarySparse",,,,
"Building N Shrine","building n shrine.tga","textures\building n shrine.tga","128","128","16384","True","3","16065","27","292","98.053","0.1648","1.7822","1.947","GradedSparse",,,,
"Building N TempleAge1","building n templeage1.tga","textures\building n templeage1.tga","256","256","65536","True","2","64657","0","879","98.6588","0","1.3412","1.3412","BinarySparse",,,,
"Building N TempleAge2","building n templeage2.tga","textures\building n templeage2.tga","256","256","65536","True","2","64657","0","879","98.6588","0","1.3412","1.3412","BinarySparse",,,,
"Building N TempleAge3","building n templeage3.tga","textures\building n templeage3.tga","256","256","65536","True","2","64657","0","879","98.6588","0","1.3412","1.3412","BinarySparse",,,,
"Building N ThorArmory","building n thorarmory.tga","textures\building n thorarmory.tga","256","256","65536","True","2","64972","0","564","99.1394","0","0.8606","0.8606","BinaryVerySparse",,,,
"Building N Titan Gate Map","building n titan gate map.tga","textures\building n titan gate map.tga","256","256","65536","True","3","62875","370","2291","95.9396","0.5646","3.4958","4.0604","GradedSparse",,,,
"Building N Tower","building n tower.tga","textures\building n tower.tga","256","128","32768","True","3","32234","11","523","98.3704","0.0336","1.5961","1.6296","GradedSparse",,,,
"Building N WallAge4","building n wallage4.tga","textures\building n wallage4.tga","256","256","65536","True","3","64590","10","936","98.5565","0.0153","1.4282","1.4435","GradedSparse",,,,
"Building N Wonder","building n wonder.tga","textures\building n wonder.tga","256","256","65536","True","3","65160","25","351","99.4263","0.0381","0.5356","0.5737","GradedSparse",,,,
"Building X Mirror Tower","building x mirror tower.tga","textures\building x mirror tower.tga","256","128","32768","True","3","31460","16","1292","96.0083","0.0488","3.9429","3.9917","GradedSparse",,,,
"Building X Palace Age2","building x palace age2.tga","textures\building x palace age2.tga","256","256","65536","True","2","65152","0","384","99.4141","0","0.5859","0.5859","BinaryVerySparse",,,,
"Building X Palace Age3","building x palace age3.tga","textures\building x palace age3.tga","256","256","65536","True","2","64436","0","1100","98.3215","0","1.6785","1.6785","BinarySparse",,,,
"Building X Roof Age0","building x roof age0.tga","textures\building x roof age0.tga","256","256","65536","True","2","64668","0","868","98.6755","0","1.3245","1.3245","BinarySparse",,,,
"Building X Roof Age1","building x roof age1.tga","textures\building x roof age1.tga","256","256","65536","True","2","64172","0","1364","97.9187","0","2.0813","2.0813","BinarySparse",,,,
"Building X Sky Temple","building x sky temple.tga","textures\building x sky temple.tga","256","256","65536","True","3","63932","68","1536","97.5525","0.1038","2.3438","2.4475","GradedSparse",,,,
"Building X Temple age0","building x temple age0.tga","textures\building x temple age0.tga","256","256","65536","True","3","64767","149","620","98.8266","0.2274","0.946","1.1734","GradedSparse",,,,
"Building x TitanGate","building x titangate.tga","textures\building x titangate.tga","256","256","65536","True","2","65264","0","272","99.585","0","0.415","0.415","BinaryVerySparse",,,,
"building x tower watch2","building x tower watch2.tga","textures\building x tower watch2.tga","256","256","65536","True","2","64542","0","994","98.4833","0","1.5167","1.5167","BinarySparse",,,,
"Building X Tower Watch3","building x tower watch3.tga","textures\building x tower watch3.tga","256","256","65536","True","2","64542","0","994","98.4833","0","1.5167","1.5167","BinarySparse",,,,
"Building X Wall Age2","building x wall age2.tga","textures\building x wall age2.tga","256","256","65536","True","3","59936","62","5538","91.4551","0.0946","8.4503","8.5449","GradedModerate",,,,
"Building X Wall Bronze","building x wall bronze.tga","textures\building x wall bronze.tga","256","256","65536","True","2","64600","0","936","98.5718","0","1.4282","1.4282","BinarySparse",,,,
"Building X Wall Iron","building x wall iron.tga","textures\building x wall iron.tga","256","256","65536","True","2","64671","0","865","98.6801","0","1.3199","1.3199","BinarySparse",,,,
"Building X Wall Oreichalkos","building x wall oreichalkos.tga","textures\building x wall oreichalkos.tga","256","256","65536","True","2","64040","0","1496","97.7173","0","2.2827","2.2827","BinarySparse",,,,
"building x wall stone","building x wall stone.tga","textures\building x wall stone.tga","256","256","65536","True","2","64660","0","876","98.6633","0","1.3367","1.3367","BinarySparse",,,,
"Building_E_MonumentBase_Map","building_e_monumentbase_map.tga","textures\building_e_monumentbase_map.tga","256","256","65536","True","2","64512","0","1024","98.4375","0","1.5625","1.5625","BinarySparse",,,,
"cavalry c cataphract head copper","cavalry c cataphract head copper.tga","textures\cavalry c cataphract head copper.tga","32","32","1024","True","18","907","37","80","88.5742","3.6133","7.8125","11.4258","GradedModerate",,,,
"cavalry c cataphract head iron","cavalry c cataphract head iron.tga","textures\cavalry c cataphract head iron.tga","32","32","1024","True","18","907","37","80","88.5742","3.6133","7.8125","11.4258","GradedModerate",,,,
"cavalry c cataphract head standard","cavalry c cataphract head standard.tga","textures\cavalry c cataphract head standard.tga","32","32","1024","True","18","907","37","80","88.5742","3.6133","7.8125","11.4258","GradedModerate",,,,
"cavalry c cataphract horse standard","cavalry c cataphract horse standard.tga","textures\cavalry c cataphract horse standard.tga","128","128","16384","True","77","13022","805","2557","79.48","4.9133","15.6067","20.52","GradedModerate",,,,
"cavalry c cataphract standard","cavalry c cataphract standard.tga","textures\cavalry c cataphract standard.tga","64","64","4096","True","96","2223","499","1374","54.2725","12.1826","33.5449","45.7275","GradedBroad",,,,
"cavalry c chariot horse standard","cavalry c chariot horse standard.tga","textures\cavalry c chariot horse standard.tga","128","128","16384","True","111","15587","532","265","95.1355","3.2471","1.6174","4.8645","GradedSparse",,,,
"cavalry c chariot standard","cavalry c chariot standard.tga","textures\cavalry c chariot standard.tga","128","128","16384","True","78","13837","797","1750","84.4543","4.8645","10.6812","15.5457","GradedModerate",,,,
"cavalry c charioteer standard","cavalry c charioteer standard.tga","textures\cavalry c charioteer standard.tga","256","256","65536","True","190","30320","2059","33157","46.2646","3.1418","50.5936","53.7354","GradedBroad",,,,
"cavalry c scout head copper","cavalry c scout head copper.tga","textures\cavalry c scout head copper.tga","32","32","1024","True","31","665","85","274","64.9414","8.3008","26.7578","35.0586","GradedBroad",,,,
"cavalry c scout head standard","cavalry c scout head standard.tga","textures\cavalry c scout head standard.tga","32","32","1024","True","31","665","85","274","64.9414","8.3008","26.7578","35.0586","GradedBroad",,,,
"cavalry c scout horse standard","cavalry c scout horse standard.tga","textures\cavalry c scout horse standard.tga","128","128","16384","True","120","14386","738","1260","87.8052","4.5044","7.6904","12.1948","GradedModerate",,,,
"cavalry c scout standard","cavalry c scout standard.tga","textures\cavalry c scout standard.tga","64","64","4096","True","106","1500","814","1782","36.6211","19.873","43.5059","63.3789","GradedBroad",,,,
"Cavalry E Camelry Camel Copper","cavalry e camelry camel copper.tga","textures\cavalry e camelry camel copper.tga","128","128","16384","True","3","15774","25","585","96.2769","0.1526","3.5706","3.7231","GradedSparse",,,,
"Cavalry E Camelry Copper","cavalry e camelry copper.tga","textures\cavalry e camelry copper.tga","64","64","4096","True","3","2284","15","1797","55.7617","0.3662","43.8721","44.2383","GradedBroad",,,,
"cavalry e chariot archer copper","cavalry e chariot archer copper.tga","textures\cavalry e chariot archer copper.tga","256","256","65536","True","3","42914","59","22563","65.4816","0.09","34.4284","34.5184","GradedBroad",,,,
"Cavalry E Chariot Horse Map","cavalry e chariot horse map.tga","textures\cavalry e chariot horse map.tga","128","128","16384","True","2","11651","0","4733","71.1121","0","28.8879","28.8879","BinaryBroad",,,,
"Cavalry E Mercenary Horse Standard","cavalry e mercenary horse standard.tga","textures\cavalry e mercenary horse standard.tga","128","128","16384","True","3","15644","56","684","95.4834","0.3418","4.1748","4.5166","GradedSparse",,,,
"Cavalry E War Elephant Copper","cavalry e war elephant copper.tga","textures\cavalry e war elephant copper.tga","256","128","32768","True","3","31173","153","1442","95.1324","0.4669","4.4006","4.8676","GradedSparse",,,,
"Cavalry G Cataphract Head Iron","cavalry g cataphract head iron.tga","textures\cavalry g cataphract head iron.tga","32","32","1024","True","2","915","0","109","89.3555","0","10.6445","10.6445","BinaryModerate",,,,
"Cavalry G Cataphract Horse Iron","cavalry g cataphract horse iron.tga","textures\cavalry g cataphract horse iron.tga","128","128","16384","True","3","15650","33","701","95.52","0.2014","4.2786","4.48","GradedSparse",,,,
"Cavalry G Cataphract Iron","cavalry g cataphract iron.tga","textures\cavalry g cataphract iron.tga","64","64","4096","True","3","3457","5","634","84.3994","0.1221","15.4785","15.6006","GradedModerate",,,,
"Cavalry G Hetairoi Horse Iron","cavalry g hetairoi horse iron.tga","textures\cavalry g hetairoi horse iron.tga","128","128","16384","True","3","15939","26","419","97.2839","0.1587","2.5574","2.7161","GradedSparse",,,,
"Cavalry G Hetairoi Iron","cavalry g hetairoi iron.tga","textures\cavalry g hetairoi iron.tga","64","64","4096","True","3","3103","27","966","75.7568","0.6592","23.584","24.2432","GradedModerate",,,,
"Cavalry G Hippikon Head Bronze","cavalry g hippikon head bronze.tga","textures\cavalry g hippikon head bronze.tga","32","32","1024","True","2","989","0","35","96.582","0","3.418","3.418","BinarySparse",,,,
"Cavalry G Hippikon Head Copper","cavalry g hippikon head copper.tga","textures\cavalry g hippikon head copper.tga","32","32","1024","True","2","989","0","35","96.582","0","3.418","3.418","BinarySparse",,,,
"Cavalry G Hippikon Head Iron","cavalry g hippikon head iron.tga","textures\cavalry g hippikon head iron.tga","32","32","1024","True","2","989","0","35","96.582","0","3.418","3.418","BinarySparse",,,,
"Cavalry G Hippikon Horse Standard","cavalry g hippikon horse standard.tga","textures\cavalry g hippikon horse standard.tga","128","128","16384","True","2","14988","0","1396","91.4795","0","8.5205","8.5205","BinaryModerate",,,,
"Cavalry G Hippikon Standard","cavalry g hippikon standard.tga","textures\cavalry g hippikon standard.tga","64","64","4096","True","2","3323","0","773","81.1279","0","18.8721","18.8721","BinaryModerate",,,,
"Cavalry G Prodromos Horse Standard","cavalry g prodromos horse standard.tga","textures\cavalry g prodromos horse standard.tga","128","128","16384","True","2","14988","0","1396","91.4795","0","8.5205","8.5205","BinaryModerate",,,,
"Cavalry G Prodromos Standard","cavalry g prodromos standard.tga","textures\cavalry g prodromos standard.tga","64","64","4096","True","3","1500","11","2585","36.6211","0.2686","63.1104","63.3789","GradedBroad",,,,
"Cavalry G Scout Horse","cavalry g scout horse.tga","textures\cavalry g scout horse.tga","128","128","16384","True","3","15491","20","873","94.5496","0.1221","5.3284","5.4504","GradedModerate",,,,
"Cavalry N Jarl Horse Standard","cavalry n jarl horse standard.tga","textures\cavalry n jarl horse standard.tga","128","128","16384","True","3","15420","73","891","94.1162","0.4456","5.4382","5.8838","GradedModerate",,,,
"Cavalry N Jarl Standard","cavalry n jarl standard.tga","textures\cavalry n jarl standard.tga","64","64","4096","True","3","3183","21","892","77.71","0.5127","21.7773","22.29","GradedModerate",,,,
"Cavalry N Raiding Cavalry Horse Standard","cavalry n raiding cavalry horse standard.tga","textures\cavalry n raiding cavalry horse standard.tga","128","128","16384","True","3","16136","16","232","98.4863","0.0977","1.416","1.5137","GradedSparse",,,,
"Cavalry N Raiding Cavalry Standard","cavalry n raiding cavalry standard.tga","textures\cavalry n raiding cavalry standard.tga","64","64","4096","True","3","2989","5","1102","72.9736","0.1221","26.9043","27.0264","GradedBroad",,,,
"Cavalry X Javelin Bronze","cavalry x javelin bronze.tga","textures\cavalry x javelin bronze.tga","64","64","4096","True","3","3544","32","520","86.5234","0.7812","12.6953","13.4766","GradedModerate",,,,
"Cavalry X Javelin Copper","cavalry x javelin copper.tga","textures\cavalry x javelin copper.tga","64","64","4096","True","2","2822","0","1274","68.8965","0","31.1035","31.1035","BinaryBroad",,,,
"Cavalry X Javelin Hero","cavalry x javelin hero.tga","textures\cavalry x javelin hero.tga","64","64","4096","True","3","3544","32","520","86.5234","0.7812","12.6953","13.4766","GradedModerate",,,,
"Cavalry X Javelin Horse Iron","cavalry x javelin horse iron.tga","textures\cavalry x javelin horse iron.tga","128","128","16384","True","3","15937","43","404","97.2717","0.2625","2.4658","2.7283","GradedSparse",,,,
"Cavalry X Javelin Iron","cavalry x javelin iron.tga","textures\cavalry x javelin iron.tga","64","64","4096","True","3","3544","32","520","86.5234","0.7812","12.6953","13.4766","GradedModerate",,,,
"Cavalry X Lancer Cape Iron","cavalry x lancer cape iron.tga","textures\cavalry x lancer cape iron.tga","32","64","2048","True","3","326","38","1684","15.918","1.8555","82.2266","84.082","GradedVeryBroad",,,,
"Cavalry X Lancer Horse Iron","cavalry x lancer horse iron.tga","textures\cavalry x lancer horse iron.tga","128","128","16384","True","3","15625","38","721","95.3674","0.2319","4.4006","4.6326","GradedSparse",,,,
"Cavalry X Lancer Iron","cavalry x lancer iron.tga","textures\cavalry x lancer iron.tga","64","64","4096","True","3","3236","5","855","79.0039","0.1221","20.874","20.9961","GradedModerate",,,,
"Cine A Arkantos Map","cine a arkantos map.tga","textures\cine a arkantos map.tga","256","256","65536","True","3","53974","85","11477","82.3578","0.1297","17.5125","17.6422","GradedModerate",,,,
"Cine G Ajax Map","cine g ajax map.tga","textures\cine g ajax map.tga","256","256","65536","True","3","57626","134","7776","87.9303","0.2045","11.8652","12.0697","GradedModerate",,,,
"Cine G Gargarensis Map","cine g gargarensis map.tga","textures\cine g gargarensis map.tga","256","256","65536","True","3","59212","151","6173","90.3503","0.2304","9.4193","9.6497","GradedModerate",,,,
"Cine G Poseidon Stone","cine g poseidon stone.tga","textures\cine g poseidon stone.tga","256","256","65536","True","2","62730","0","2806","95.7184","0","4.2816","4.2816","BinarySparse",,,,
"Cine N Huskarl","cine n huskarl.tga","textures\cine n huskarl.tga","256","256","65536","True","3","60180","90","5266","91.8274","0.1373","8.0353","8.1726","GradedModerate",,,,
"Cine X Kastor Adult","cine x kastor adult.tga","textures\cine x kastor adult.tga","256","256","65536","True","3","58321","82","7133","88.9908","0.1251","10.8841","11.0092","GradedModerate",,,,
"Cine X Krios","cine x krios.tga","textures\cine x krios.tga","256","256","65536","True","3","64487","37","1012","98.3994","0.0565","1.5442","1.6006","GradedSparse",,,,
"forkboy map","forkboy map.tga","textures\forkboy map.tga","128","128","16384","True","3","11474","102","4808","70.0317","0.6226","29.3457","29.9683","GradedBroad",,,,
"Gaia Wonder Map2","gaia wonder map2.tga","textures\gaia wonder map2.tga","256","256","65536","True","3","64690","75","771","98.7091","0.1144","1.1765","1.2909","GradedSparse",,,,
"Gine G Kamos Map","gine g kamos map.tga","textures\gine g kamos map.tga","256","256","65536","True","3","59336","188","6012","90.5396","0.2869","9.1736","9.4604","GradedModerate",,,,
"hero c general","hero c general.tga","textures\hero c general.tga","128","128","16384","True","139","13861","928","1595","84.6008","5.6641","9.7351","15.3992","GradedModerate",,,,
"hero c general cape","hero c general cape.tga","textures\hero c general cape.tga","128","128","16384","True","1","0","0","16384","0","0","100","100","FullyOpaque",,,,
"hero c general flag","hero c general flag.tga","textures\hero c general flag.tga","128","64","8192","True","2","6897","0","1295","84.1919","0","15.8081","15.8081","BinaryModerate",,,,
"hero c general head","hero c general head.tga","textures\hero c general head.tga","32","32","1024","True","48","817","198","9","79.7852","19.3359","0.8789","20.2148","GradedModerate",,,,
"hero c general horse","hero c general horse.tga","textures\hero c general horse.tga","128","128","16384","True","140","14969","1050","365","91.3635","6.4087","2.2278","8.6365","GradedModerate",,,,
"hero c immortal","hero c immortal.tga","textures\hero c immortal.tga","64","64","4096","True","70","2439","429","1228","59.5459","10.4736","29.9805","40.4541","GradedBroad",,,,
"hero c monk","hero c monk.tga","textures\hero c monk.tga","64","64","4096","True","79","3479","523","94","84.9365","12.7686","2.2949","15.0635","GradedModerate",,,,
"hero c monk head","hero c monk head.tga","textures\hero c monk head.tga","32","32","1024","True","1","1024","0","0","100","0","0","0","FullyTransparent",,,,
"hero c monk weapon","hero c monk weapon.tga","textures\hero c monk weapon.tga","16","128","2048","True","1","2048","0","0","100","0","0","0","FullyTransparent",,,,
"Hero G Achilles Cape","hero g achilles cape.tga","textures\hero g achilles cape.tga","64","32","2048","True","18","1440","247","361","70.3125","12.0605","17.627","29.6875","GradedBroad",,,,
"Hero G Atalanta Shield","hero g atalanta shield.tga","textures\hero g atalanta shield.tga","64","32","2048","True","3","1895","10","143","92.5293","0.4883","6.9824","7.4707","GradedModerate",,,,
"Hero G Belerophon","hero g belerophon.tga","textures\hero g belerophon.tga","64","64","4096","True","2","3151","0","945","76.9287","0","23.0713","23.0713","BinaryModerate",,,,
"Hero G Belerophon Shield","hero g belerophon shield.tga","textures\hero g belerophon shield.tga","64","32","2048","True","3","1790","10","248","87.4023","0.4883","12.1094","12.5977","GradedModerate",,,,
"Hero G Heracles Shield","hero g heracles shield.tga","textures\hero g heracles shield.tga","64","32","2048","True","3","1952","38","58","95.3125","1.8555","2.832","4.6875","GradedSparse",,,,
"Hero G Jason Shield","hero g jason shield.tga","textures\hero g jason shield.tga","64","32","2048","True","3","1436","20","592","70.1172","0.9766","28.9062","29.8828","GradedBroad",,,,
"Hero G Jason Standard","hero g jason standard.tga","textures\hero g jason standard.tga","64","64","4096","True","3","2599","64","1433","63.4521","1.5625","34.9854","36.5479","GradedBroad",,,,
"Hero G Perseus Standard","hero g perseus standard.tga","textures\hero g perseus standard.tga","64","64","4096","True","3","3294","43","759","80.4199","1.0498","18.5303","19.5801","GradedModerate",,,,
"hero g physician","hero g physician.tga","textures\hero g physician.tga","64","64","4096","True","83","3500","525","71","85.4492","12.8174","1.7334","14.5508","GradedModerate",,,,
"hero g physician head","hero g physician head.tga","textures\hero g physician head.tga","32","32","1024","True","1","1024","0","0","100","0","0","0","FullyTransparent",,,,
"Hero G Polyphemus Shield","hero g polyphemus shield.tga","textures\hero g polyphemus shield.tga","64","32","2048","True","3","1952","25","71","95.3125","1.2207","3.4668","4.6875","GradedSparse",,,,
"Hero G Theseus Shield","hero g theseus shield.tga","textures\hero g theseus shield.tga","64","32","2048","True","2","1844","0","204","90.0391","0","9.9609","9.9609","BinaryModerate",,,,
"Hero N Hero","hero n hero.tga","textures\hero n hero.tga","128","128","16384","True","3","12057","27","4300","73.5901","0.1648","26.2451","26.4099","GradedBroad",,,,
"Hero N Ragnorok Female","hero n ragnorok female.tga","textures\hero n ragnorok female.tga","64","64","4096","True","3","3458","16","622","84.4238","0.3906","15.1855","15.5762","GradedModerate",,,,
"Hero N Ragnorok Male","hero n ragnorok male.tga","textures\hero n ragnorok male.tga","64","64","4096","True","3","2945","11","1140","71.8994","0.2686","27.832","28.1006","GradedBroad",,,,
"Hero X Ajax","hero x ajax.tga","textures\hero x ajax.tga","64","64","4096","True","3","3142","10","944","76.709","0.2441","23.0469","23.291","GradedModerate",,,,
"Hero X Kastor","hero x kastor.tga","textures\hero x kastor.tga","64","64","4096","True","3","3573","11","512","87.2314","0.2686","12.5","12.7686","GradedModerate",,,,
"infantry c halberdier head bronze","infantry c halberdier head bronze.tga","textures\infantry c halberdier head bronze.tga","32","32","1024","True","18","907","37","80","88.5742","3.6133","7.8125","11.4258","GradedModerate",,,,
"infantry c halberdier head copper","infantry c halberdier head copper.tga","textures\infantry c halberdier head copper.tga","32","32","1024","True","18","907","37","80","88.5742","3.6133","7.8125","11.4258","GradedModerate",,,,
"infantry c halberdier head iron","infantry c halberdier head iron.tga","textures\infantry c halberdier head iron.tga","32","32","1024","True","18","907","37","80","88.5742","3.6133","7.8125","11.4258","GradedModerate",,,,
"infantry c halberdier head standard","infantry c halberdier head standard.tga","textures\infantry c halberdier head standard.tga","32","32","1024","True","18","907","37","80","88.5742","3.6133","7.8125","11.4258","GradedModerate",,,,
"infantry c halberdier standard","infantry c halberdier standard.tga","textures\infantry c halberdier standard.tga","64","64","4096","True","88","1561","833","1702","38.1104","20.3369","41.5527","61.8896","GradedBroad",,,,
"Infantry E Axeman Standard","infantry e axeman standard.tga","textures\infantry e axeman standard.tga","64","64","4096","True","3","2212","16","1868","54.0039","0.3906","45.6055","45.9961","GradedBroad",,,,
"infantry e khopesh head standard","infantry e khopesh head standard.tga","textures\infantry e khopesh head standard.tga","64","32","2048","True","2","1031","0","1017","50.3418","0","49.6582","49.6582","BinaryBroad",,,,
"infantry e khopesh standard","infantry e khopesh standard.tga","textures\infantry e khopesh standard.tga","64","64","4096","True","45","2843","174","1079","69.4092","4.248","26.3428","30.5908","GradedBroad",,,,
"Infantry E Mercenary","infantry e mercenary.tga","textures\infantry e mercenary.tga","64","64","4096","True","3","3620","32","444","88.3789","0.7812","10.8398","11.6211","GradedModerate",,,,
"Infantry E Spearman Standard","infantry e spearman standard.tga","textures\infantry e spearman standard.tga","64","64","4096","True","3","2839","5","1252","69.3115","0.1221","30.5664","30.6885","GradedBroad",,,,
"Infantry G Hoplite Bronze","infantry g hoplite bronze.tga","textures\infantry g hoplite bronze.tga","64","64","4096","True","3","3207","32","857","78.2959","0.7812","20.9229","21.7041","GradedModerate",,,,
"Infantry G Hoplite Head Iron","infantry g hoplite head iron.tga","textures\infantry g hoplite head iron.tga","32","32","1024","True","2","922","0","102","90.0391","0","9.9609","9.9609","BinaryModerate",,,,
"Infantry G Hoplite Standard","infantry g hoplite standard.tga","textures\infantry g hoplite standard.tga","64","64","4096","True","3","3300","10","786","80.5664","0.2441","19.1895","19.4336","GradedModerate",,,,
"Infantry G Hypaspist Head Iron","infantry g hypaspist head iron.tga","textures\infantry g hypaspist head iron.tga","32","32","1024","True","2","921","0","103","89.9414","0","10.0586","10.0586","BinaryModerate",,,,
"Infantry G Hypaspist Standard","infantry g hypaspist standard.tga","textures\infantry g hypaspist standard.tga","64","64","4096","True","3","2379","11","1706","58.0811","0.2686","41.6504","41.9189","GradedBroad",,,,
"Infantry G Militia","infantry g militia.tga","textures\infantry g militia.tga","64","64","4096","True","3","1907","53","2136","46.5576","1.2939","52.1484","53.4424","GradedBroad",,,,
"Infantry G Myrmidon Head Iron","infantry g myrmidon head iron.tga","textures\infantry g myrmidon head iron.tga","64","32","2048","True","2","1869","0","179","91.2598","0","8.7402","8.7402","BinaryModerate",,,,
"Infantry G Myrmidon Iron","infantry g myrmidon iron.tga","textures\infantry g myrmidon iron.tga","64","64","4096","True","3","2874","42","1180","70.166","1.0254","28.8086","29.834","GradedBroad",,,,
"Infantry N Huskarl Bronze","infantry n huskarl bronze.tga","textures\infantry n huskarl bronze.tga","64","64","4096","True","3","3794","11","291","92.627","0.2686","7.1045","7.373","GradedModerate",,,,
"infantry n huskarl iron","infantry n huskarl iron.tga","textures\infantry n huskarl iron.tga","64","64","4096","True","3","3794","11","291","92.627","0.2686","7.1045","7.373","GradedModerate",,,,
"Infantry N Huskarl Standard","infantry n huskarl standard.tga","textures\infantry n huskarl standard.tga","64","64","4096","True","3","3794","11","291","92.627","0.2686","7.1045","7.373","GradedModerate",,,,
"infantry n ulfsark scout","infantry n ulfsark scout.tga","textures\infantry n ulfsark scout.tga","64","64","4096","True","40","3009","153","934","73.4619","3.7354","22.8027","26.5381","GradedBroad",,,,
"Infantry N Ulfsark Standard","infantry n ulfsark standard.tga","textures\infantry n ulfsark standard.tga","64","64","4096","True","3","2592","10","1494","63.2812","0.2441","36.4746","36.7188","GradedBroad",,,,
"Infantry X 2 Sword Fighter Iron","infantry x 2 sword fighter iron.tga","textures\infantry x 2 sword fighter iron.tga","64","64","4096","True","3","3612","26","458","88.1836","0.6348","11.1816","11.8164","GradedModerate",,,,
"Infantry X Maceman Iron","infantry x maceman iron.tga","textures\infantry x maceman iron.tga","64","64","4096","True","3","3495","16","585","85.3271","0.3906","14.2822","14.6729","GradedModerate",,,,
"Infantry X Swordsman Iron","infantry x swordsman iron.tga","textures\infantry x swordsman iron.tga","64","64","4096","True","2","3305","0","791","80.6885","0","19.3115","19.3115","BinaryModerate",,,,
"Infantry X Trident Soldier Cape Iron","infantry x trident soldier cape iron.tga","textures\infantry x trident soldier cape iron.tga","32","64","2048","True","3","311","27","1710","15.1855","1.3184","83.4961","84.8145","GradedVeryBroad",,,,
"Infantry X Trident Soldier Hero","infantry x trident soldier hero.tga","textures\infantry x trident soldier hero.tga","64","64","4096","True","3","3447","87","562","84.1553","2.124","13.7207","15.8447","GradedModerate",,,,
"Infantry X Trident Soldier Iron","infantry x trident soldier iron.tga","textures\infantry x trident soldier iron.tga","64","64","4096","True","3","3447","87","562","84.1553","2.124","13.7207","15.8447","GradedModerate",,,,
"Infantry X Trident Soldier Shield Hero","infantry x trident soldier shield hero.tga","textures\infantry x trident soldier shield hero.tga","32","64","2048","True","3","1582","22","444","77.2461","1.0742","21.6797","22.7539","GradedModerate",,,,
"Infantry X Trident Soldier Shield Iron","infantry x trident soldier shield iron.tga","textures\infantry x trident soldier shield iron.tga","32","64","2048","True","3","1582","22","444","77.2461","1.0742","21.6797","22.7539","GradedModerate",,,,
"Kronos Wonder Map2","kronos wonder map2.tga","textures\kronos wonder map2.tga","256","256","65536","True","2","64026","0","1510","97.6959","0","2.3041","2.3041","BinarySparse",,,,
"LP Cine X Krios","lp cine x krios.tga","textures\lp cine x krios.tga","128","128","16384","True","3","16165","21","198","98.6633","0.1282","1.2085","1.3367","GradedSparse",,,,
"LP MU X Argus Map","lp mu x argus map.tga","textures\lp mu x argus map.tga","128","128","16384","True","3","14745","121","1518","89.9963","0.7385","9.2651","10.0037","GradedModerate",,,,
"LP MU X Stymphalian Bird Map","lp mu x stymphalian bird map.tga","textures\lp mu x stymphalian bird map.tga","128","128","16384","True","3","15453","133","798","94.3176","0.8118","4.8706","5.6824","GradedModerate",,,,
"MU X Argus Map","mu x argus map.tga","textures\mu x argus map.tga","256","256","65536","True","3","58719","327","6490","89.5981","0.499","9.903","10.4019","GradedModerate",,,,
"MU X Atlantean Flying Medic Map","mu x atlantean flying medic map.tga","textures\mu x atlantean flying medic map.tga","128","128","16384","True","3","14024","110","2250","85.5957","0.6714","13.7329","14.4043","GradedModerate",,,,
"MU X Atlantean Hundred Giant Map","mu x atlantean hundred giant map.tga","textures\mu x atlantean hundred giant map.tga","128","128","16384","True","3","14310","69","2005","87.3413","0.4211","12.2375","12.6587","GradedModerate",,,,
"MU X Atlantean Lampedes map","mu x atlantean lampedes map.tga","textures\mu x atlantean lampedes map.tga","128","128","16384","True","3","13045","150","3189","79.6204","0.9155","19.4641","20.3796","GradedModerate",,,,
"MU X Atlantean ManOWar Map","mu x atlantean manowar map.tga","textures\mu x atlantean manowar map.tga","128","128","16384","True","3","10962","804","4618","66.9067","4.9072","28.186","33.0933","GradedBroad",,,,
"MU X Atlantean Satyr Map","mu x atlantean satyr map.tga","textures\mu x atlantean satyr map.tga","128","128","16384","True","3","14879","60","1445","90.8142","0.3662","8.8196","9.1858","GradedModerate",,,,
"MU X Automation Map","mu x automation map.tga","textures\mu x automation map.tga","64","64","4096","True","3","3420","27","649","83.4961","0.6592","15.8447","16.5039","GradedModerate",,,,
"MU X Behemoth Map","mu x behemoth map.tga","textures\mu x behemoth map.tga","256","256","65536","True","3","63943","101","1492","97.5693","0.1541","2.2766","2.4307","GradedSparse",,,,
"MU X Dryad","mu x dryad.tga","textures\mu x dryad.tga","128","128","16384","True","3","15738","32","614","96.0571","0.1953","3.7476","3.9429","GradedSparse",,,,
"MU X Nereid Rider Map","mu x nereid rider map.tga","textures\mu x nereid rider map.tga","128","128","16384","True","3","14024","110","2250","85.5957","0.6714","13.7329","14.4043","GradedModerate",,,,
"MU X Promethean Map","mu x promethean map.tga","textures\mu x promethean map.tga","64","64","4096","True","3","3825","51","220","93.3838","1.2451","5.3711","6.6162","GradedModerate",,,,
"MU X Servant of Oceanus Map","mu x servant of oceanus map.tga","textures\mu x servant of oceanus map.tga","128","128","16384","True","3","11673","114","4597","71.2463","0.6958","28.0579","28.7537","GradedBroad",,,,
"MU X Stymphalian Bird Map","mu x stymphalian bird map.tga","textures\mu x stymphalian bird map.tga","256","256","65536","True","3","61763","462","3311","94.2429","0.705","5.0522","5.7571","GradedModerate",,,,
"Naval C All","naval c all.tga","textures\naval c all.tga","256","256","65536","True","158","61319","2233","1984","93.5654","3.4073","3.0273","6.4346","GradedModerate",,,,
"Naval E All","naval e all.tga","textures\naval e all.tga","256","256","65536","True","3","15499","543","49494","23.6496","0.8286","75.5219","76.3504","GradedVeryBroad",,,,
"Naval E Pirate Ship","naval e pirate ship.tga","textures\naval e pirate ship.tga","256","256","65536","True","3","61497","159","3880","93.837","0.2426","5.9204","6.163","GradedModerate",,,,
"Naval G All","naval g all.tga","textures\naval g all.tga","256","256","65536","True","3","16628","181","48727","25.3723","0.2762","74.3515","74.6277","GradedBroad",,,,
"naval g all wrecked","naval g all wrecked.tga","textures\naval g all wrecked.tga","256","256","65536","True","3","16628","181","48727","25.3723","0.2762","74.3515","74.6277","GradedBroad",,,,
"Naval N Kraken","naval n kraken.tga","textures\naval n kraken.tga","128","64","8192","True","3","7412","56","724","90.4785","0.6836","8.8379","9.5215","GradedModerate",,,,
"Naval X All","naval x all.tga","textures\naval x all.tga","256","256","65536","True","3","15504","281","49751","23.6572","0.4288","75.914","76.3428","GradedVeryBroad",,,,
"Oranos Wonder Map","oranos wonder map.tga","textures\oranos wonder map.tga","256","256","65536","True","2","65276","0","260","99.6033","0","0.3967","0.3967","BinaryVerySparse",,,,
"Oranos Wonder Map1","oranos wonder map1.tga","textures\oranos wonder map1.tga","256","256","65536","True","2","64256","0","1280","98.0469","0","1.9531","1.9531","BinarySparse",,,,
"Platform Map","platform map.tga","textures\platform map.tga","128","32","4096","True","2","4040","0","56","98.6328","0","1.3672","1.3672","BinarySparse",,,,
"Projectile A Ballista Arrow","projectile a ballista arrow.tga","textures\projectile a ballista arrow.tga","64","16","1024","True","2","936","0","88","91.4062","0","8.5938","8.5938","BinaryModerate",,,,
"Scenario B Amanra map","scenario b amanra map.tga","textures\scenario b amanra map.tga","64","64","4096","True","3","3372","32","692","82.3242","0.7812","16.8945","17.6758","GradedModerate",,,,
"scenario c danzhu","scenario c danzhu.tga","textures\scenario c danzhu.tga","128","128","16384","True","55","15752","355","277","96.1426","2.1667","1.6907","3.8574","GradedSparse",,,,
"scenario c danzhu head","scenario c danzhu head.tga","textures\scenario c danzhu head.tga","32","32","1024","True","1","1024","0","0","100","0","0","0","FullyTransparent",,,,
"Scenario C Gargarensis map","scenario c gargarensis map.tga","textures\scenario c gargarensis map.tga","128","128","16384","True","3","15073","64","1247","91.9983","0.3906","7.6111","8.0017","GradedModerate",,,,
"scenario c jiaolong","scenario c jiaolong.tga","textures\scenario c jiaolong.tga","256","256","65536","True","180","52587","1695","11254","80.2414","2.5864","17.1722","19.7586","GradedModerate",,,,
"scenario c jiaolong head","scenario c jiaolong head.tga","textures\scenario c jiaolong head.tga","64","64","4096","True","36","3614","120","362","88.2324","2.9297","8.8379","11.7676","GradedModerate",,,,
"Scenario C Kamos","scenario c kamos.tga","textures\scenario c kamos.tga","128","128","16384","True","3","14875","108","1401","90.7898","0.6592","8.551","9.2102","GradedModerate",,,,
"scenario c shun","scenario c shun.tga","textures\scenario c shun.tga","128","128","16384","True","98","11202","2118","3064","68.3716","12.9272","18.7012","31.6284","GradedBroad",,,,
"scenario c shun head","scenario c shun head.tga","textures\scenario c shun head.tga","32","32","1024","True","1","1024","0","0","100","0","0","0","FullyTransparent",,,,
"Scenario E Great Box","scenario e great box.tga","textures\scenario e great box.tga","256","256","65536","True","3","62931","54","2551","96.0251","0.0824","3.8925","3.9749","GradedSparse",,,,
"Scenario E Guardian","scenario e guardian.tga","textures\scenario e guardian.tga","128","128","16384","True","3","15375","32","977","93.8416","0.1953","5.9631","6.1584","GradedModerate",,,,
"Scenario E Setna map","scenario e setna map.tga","textures\scenario e setna map.tga","64","64","4096","True","3","3381","27","688","82.5439","0.6592","16.7969","17.4561","GradedModerate",,,,
"Scenario G Arkantos Man map","scenario g arkantos man map.tga","textures\scenario g arkantos man map.tga","128","128","16384","True","3","12145","43","4196","74.1272","0.2625","25.6104","25.8728","GradedBroad",,,,
"Scenario G Arkantos map","scenario g arkantos map.tga","textures\scenario g arkantos map.tga","128","128","16384","True","3","11800","53","4531","72.0215","0.3235","27.655","27.9785","GradedBroad",,,,
"Scenario G Chiron Map","scenario g chiron map.tga","textures\scenario g chiron map.tga","64","64","4096","True","3","3022","60","1014","73.7793","1.4648","24.7559","26.2207","GradedBroad",,,,
"Scenario G Circe","scenario g circe.tga","textures\scenario g circe.tga","64","64","4096","True","2","3825","0","271","93.3838","0","6.6162","6.6162","BinaryModerate",,,,
"Scenario G Kastor map","scenario g kastor map.tga","textures\scenario g kastor map.tga","64","64","4096","True","3","3481","27","588","84.9854","0.6592","14.3555","15.0146","GradedModerate",,,,
"Scenario G Odysseus map","scenario g odysseus map.tga","textures\scenario g odysseus map.tga","64","64","4096","True","3","1389","42","2665","33.9111","1.0254","65.0635","66.0889","GradedBroad",,,,
"Scenario G Old Man Map","scenario g old man map.tga","textures\scenario g old man map.tga","64","64","4096","True","3","1396","10","2690","34.082","0.2441","65.6738","65.918","GradedBroad",,,,
"Scenario G Skult Map","scenario g skult map.tga","textures\scenario g skult map.tga","64","64","4096","True","3","2837","44","1215","69.2627","1.0742","29.6631","30.7373","GradedBroad",,,,
"Scenario N Brokk Standard","scenario n brokk standard.tga","textures\scenario n brokk standard.tga","64","64","4096","True","3","3220","21","855","78.6133","0.5127","20.874","21.3867","GradedModerate",,,,
"Scenario N Eitri Standard","scenario n eitri standard.tga","textures\scenario n eitri standard.tga","64","64","4096","True","3","3165","21","910","77.2705","0.5127","22.2168","22.7295","GradedModerate",,,,
"Scenario N Reginleif map","scenario n reginleif map.tga","textures\scenario n reginleif map.tga","64","64","4096","True","2","3848","0","248","93.9453","0","6.0547","6.0547","BinaryModerate",,,,
"Scenario N Reginleif Weapons map","scenario n reginleif weapons map.tga","textures\scenario n reginleif weapons map.tga","64","64","4096","True","3","3679","11","406","89.8193","0.2686","9.9121","10.1807","GradedModerate",,,,
"scenario t troy wall long","scenario t troy wall long.tga","textures\scenario t troy wall long.tga","256","256","65536","True","2","63232","0","2304","96.4844","0","3.5156","3.5156","BinarySparse",,,,
"scenario t troy wall long dead","scenario t troy wall long dead.tga","textures\scenario t troy wall long dead.tga","256","256","65536","True","2","63232","0","2304","96.4844","0","3.5156","3.5156","BinarySparse",,,,
"Scenario Theocrat","scenario theocrat.tga","textures\scenario theocrat.tga","64","64","4096","True","3","3824","5","267","93.3594","0.1221","6.5186","6.6406","GradedModerate",,,,
"Scenario Theocrat Staff","scenario theocrat staff.tga","textures\scenario theocrat staff.tga","32","8","256","True","2","216","0","40","84.375","0","15.625","15.625","BinaryModerate",,,,
"scenario x amanra map","scenario x amanra map.tga","textures\scenario x amanra map.tga","64","64","4096","True","3","3209","42","845","78.3447","1.0254","20.6299","21.6553","GradedModerate",,,,
"SFX A Healing Spring Stone","sfx a healing spring stone.tga","textures\sfx a healing spring stone.tga","256","256","65536","True","3","61047","79","4410","93.1503","0.1205","6.7291","6.8497","GradedModerate",,,,
"SFX A Serpent","sfx a serpent.tga","textures\sfx a serpent.tga","64","64","4096","True","3","3804","31","261","92.8711","0.7568","6.3721","7.1289","GradedModerate",,,,
"SFX A Walking Woods","sfx a walking woods.tga","textures\sfx a walking woods.tga","128","128","16384","True","3","15673","61","650","95.6604","0.3723","3.9673","4.3396","GradedSparse",,,,
"SFX E Citadel","sfx e citadel.tga","textures\sfx e citadel.tga","256","256","65536","True","2","62734","0","2802","95.7245","0","4.2755","4.2755","BinarySparse",,,,
"SFX E Citadel Age4","sfx e citadel age4.tga","textures\sfx e citadel age4.tga","256","256","65536","True","2","62734","0","2802","95.7245","0","4.2755","4.2755","BinarySparse",,,,
"SFX E Son of Osiris","sfx e son of osiris.tga","textures\sfx e son of osiris.tga","64","64","4096","True","3","2775","22","1299","67.749","0.5371","31.7139","32.251","GradedBroad",,,,
"SFX G Animal Magnetism","sfx g animal magnetism.tga","textures\sfx g animal magnetism.tga","128","128","16384","True","3","15914","86","384","97.1313","0.5249","2.3438","2.8687","GradedSparse",,,,
"SFX G Plenty","sfx g plenty.tga","textures\sfx g plenty.tga","256","256","65536","True","2","64155","0","1381","97.8928","0","2.1072","2.1072","BinarySparse",,,,
"SFX G Sentinel","sfx g sentinel.tga","textures\sfx g sentinel.tga","128","128","16384","True","2","14658","0","1726","89.4653","0","10.5347","10.5347","BinaryModerate",,,,
"siege c fire lance","siege c fire lance.tga","textures\siege c fire lance.tga","64","64","4096","True","100","2632","471","993","64.2578","11.499","24.2432","35.7422","GradedBroad",,,,
"siege c fire lance head","siege c fire lance head.tga","textures\siege c fire lance head.tga","64","32","2048","True","18","1931","37","80","94.2871","1.8066","3.9062","5.7129","GradedModerate",,,,
"Siege C Sitting Tiger","siege c sitting tiger.tga","textures\siege c sitting tiger.tga","64","64","4096","True","2","3851","0","245","94.0186","0","5.9814","5.9814","BinaryModerate",,,,
"Siege E Catapult","siege e catapult.tga","textures\siege e catapult.tga","64","64","4096","True","2","3825","0","271","93.3838","0","6.6162","6.6162","BinaryModerate",,,,
"Siege G Helepolis","siege g helepolis.tga","textures\siege g helepolis.tga","256","128","32768","True","3","31587","78","1103","96.3959","0.238","3.3661","3.6041","GradedSparse",,,,
"Siege G Petrobolos","siege g petrobolos.tga","textures\siege g petrobolos.tga","64","64","4096","True","2","3866","0","230","94.3848","0","5.6152","5.6152","BinaryModerate",,,,
"Siege G Petrobolos Iron","siege g petrobolos iron.tga","textures\siege g petrobolos iron.tga","64","64","4096","True","2","3866","0","230","94.3848","0","5.6152","5.6152","BinaryModerate",,,,
"Siege N Ballista","siege n ballista.tga","textures\siege n ballista.tga","64","64","4096","True","2","3927","0","169","95.874","0","4.126","4.126","BinarySparse",,,,
"Siege N Ballista Bolt","siege n ballista bolt.tga","textures\siege n ballista bolt.tga","64","16","1024","True","2","936","0","88","91.4062","0","8.5938","8.5938","BinaryModerate",,,,
"Siege N Ballista Bolt Iron","siege n ballista bolt iron.tga","textures\siege n ballista bolt iron.tga","64","16","1024","True","2","936","0","88","91.4062","0","8.5938","8.5938","BinaryModerate",,,,
"Siege N Ram","siege n ram.tga","textures\siege n ram.tga","128","128","16384","True","3","15464","11","909","94.3848","0.0671","5.5481","5.6152","GradedModerate",,,,
"Siege N Ram Iron","siege n ram iron.tga","textures\siege n ram iron.tga","128","128","16384","True","3","15464","11","909","94.3848","0.0671","5.5481","5.6152","GradedModerate",,,,
"Siege X Chieroballista","siege x chieroballista.tga","textures\siege x chieroballista.tga","128","128","16384","True","3","15659","21","704","95.575","0.1282","4.2969","4.425","GradedSparse",,,,
"Siege X Chieroballista Man","siege x chieroballista man.tga","textures\siege x chieroballista man.tga","64","64","4096","True","3","3319","38","739","81.0303","0.9277","18.042","18.9697","GradedModerate",,,,
"Siege X Fire Siphon","siege x fire siphon.tga","textures\siege x fire siphon.tga","128","128","16384","True","3","15962","26","396","97.4243","0.1587","2.417","2.5757","GradedSparse",,,,
"Siege X Onager","siege x onager.tga","textures\siege x onager.tga","64","64","4096","True","4","3970","4","122","96.9238","0.0977","2.9785","3.0762","GradedSparse",,,,
"special c azure dragon","special c azure dragon.tga","textures\special c azure dragon.tga","256","128","32768","True","189","26643","1267","4858","81.308","3.8666","14.8254","18.692","GradedModerate",,,,
"special c dragon turtle","special c dragon turtle.tga","textures\special c dragon turtle.tga","256","256","65536","True","143","60633","1062","3841","92.5186","1.6205","5.8609","7.4814","GradedModerate",,,,
"special c earth dragon","special c earth dragon.tga","textures\special c earth dragon.tga","256","256","65536","True","243","40836","2725","21975","62.3108","4.158","33.5312","37.6892","GradedBroad",,,,
"special c jiangshi","special c jiangshi.tga","textures\special c jiangshi.tga","128","128","16384","True","81","5900","996","9488","36.0107","6.0791","57.9102","63.9893","GradedBroad",,,,
"special c jiangshi head","special c jiangshi head.tga","textures\special c jiangshi head.tga","32","32","1024","True","33","638","166","220","62.3047","16.2109","21.4844","37.6953","GradedBroad",,,,
"special c monkey king","special c monkey king.tga","textures\special c monkey king.tga","128","256","32768","True","175","26095","1318","5355","79.6356","4.0222","16.3422","20.3644","GradedModerate",,,,
"Special C Pixiu","Special C Pixiu.tga","textures\Special C Pixiu.tga","512","256","131072","True","232","121102","2101","7869","92.3935","1.6029","6.0036","7.6065","GradedModerate",,,,
"special c salamander","special c salamander.tga","textures\special c salamander.tga","128","128","16384","True","153","14660","1297","427","89.4775","7.9163","2.6062","10.5225","GradedModerate",,,,
"special c terracotta soldier","special c terracotta soldier.tga","textures\special c terracotta soldier.tga","128","128","16384","True","8","14216","264","1904","86.7676","1.6113","11.6211","13.2324","GradedModerate",,,,
"special c vermillion bird","special c vermillion bird.tga","textures\special c vermillion bird.tga","256","256","65536","True","111","63606","627","1303","97.0551","0.9567","1.9882","2.9449","GradedSparse",,,,
"special c vermillion bird wing","special c vermillion bird wing.tga","textures\special c vermillion bird wing.tga","256","128","32768","True","244","27559","2857","2352","84.1034","8.7189","7.1777","15.8966","GradedModerate",,,,
"Special E Anubite","special e anubite.tga","textures\special e anubite.tga","128","128","16384","True","3","11577","84","4723","70.6604","0.5127","28.8269","29.3396","GradedBroad",,,,
"Special E Apep map","special e apep map.tga","textures\special e apep map.tga","128","128","16384","True","3","14808","73","1503","90.3809","0.4456","9.1736","9.6191","GradedModerate",,,,
"Special E Mummy map","special e mummy map.tga","textures\special e mummy map.tga","64","64","4096","True","3","4041","10","45","98.6572","0.2441","1.0986","1.3428","GradedSparse",,,,
"Special E Petesuchos","special e petesuchos.tga","textures\special e petesuchos.tga","128","128","16384","True","2","15668","0","716","95.6299","0","4.3701","4.3701","BinarySparse",,,,
"Special E Pharaoh","special e pharaoh.tga","textures\special e pharaoh.tga","64","64","4096","True","3","3790","47","259","92.5293","1.1475","6.3232","7.4707","GradedModerate",,,,
"Special E Pharaoh Head","special e pharaoh head.tga","textures\special e pharaoh head.tga","64","32","2048","True","3","1470","60","518","71.7773","2.9297","25.293","28.2227","GradedBroad",,,,
"Special E Phoenix","special e phoenix.tga","textures\special e phoenix.tga","64","64","4096","True","1","0","0","4096","0","0","100","100","FullyOpaque",,,,
"Special E Phoenix Egg","special e phoenix egg.tga","textures\special e phoenix egg.tga","64","64","4096","True","2","3584","0","512","87.5","0","12.5","12.5","BinaryModerate",,,,
"Special E Priest","special e priest.tga","textures\special e priest.tga","64","64","4096","True","3","3226","48","822","78.7598","1.1719","20.0684","21.2402","GradedModerate",,,,
"Special E Roc","special e roc.tga","textures\special e roc.tga","128","128","16384","True","1","16384","0","0","100","0","0","0","FullyTransparent",,,,
"Special E Roc Basket","special e roc basket.tga","textures\special e roc basket.tga","128","128","16384","True","2","15769","0","615","96.2463","0","3.7537","3.7537","BinarySparse",,,,
"Special E Scarab map","special e scarab map.tga","textures\special e scarab map.tga","128","128","16384","True","3","16025","22","337","97.8088","0.1343","2.0569","2.1912","GradedSparse",,,,
"Special E Scorpion Man","special e scorpion man.tga","textures\special e scorpion man.tga","128","128","16384","True","3","14865","5","1514","90.7288","0.0305","9.2407","9.2712","GradedModerate",,,,
"Special E Sphinx","special e sphinx.tga","textures\special e sphinx.tga","128","128","16384","True","3","15434","49","901","94.2017","0.2991","5.4993","5.7983","GradedModerate",,,,
"Special E Wadjet","special e wadjet.tga","textures\special e wadjet.tga","128","128","16384","True","3","4712","286","11386","28.7598","1.7456","69.4946","71.2402","GradedBroad",,,,
"Special G Agamemnon","special g agamemnon.tga","textures\special g agamemnon.tga","128","128","16384","True","3","14443","65","1876","88.1531","0.3967","11.4502","11.8469","GradedModerate",,,,
"Special G Athena","special g athena.tga","textures\special g athena.tga","128","128","16384","True","3","15198","38","1148","92.7612","0.2319","7.0068","7.2388","GradedModerate",,,,
"Special G Carcinos","special g carcinos.tga","textures\special g carcinos.tga","128","128","16384","True","3","15687","136","561","95.7458","0.8301","3.4241","4.2542","GradedSparse",,,,
"Special G Centaur","special g centaur.tga","textures\special g centaur.tga","64","64","4096","True","2","3906","0","190","95.3613","0","4.6387","4.6387","BinarySparse",,,,
"Special G Chimera","special g chimera.tga","textures\special g chimera.tga","128","128","16384","True","3","16167","37","180","98.6755","0.2258","1.0986","1.3245","GradedSparse",,,,
"Special G Chimera map","special g chimera map.tga","textures\special g chimera map.tga","64","64","4096","True","3","3778","26","292","92.2363","0.6348","7.1289","7.7637","GradedModerate",,,,
"Special G Chimera Tail","special g chimera tail.tga","textures\special g chimera tail.tga","64","64","4096","True","3","3493","5","598","85.2783","0.1221","14.5996","14.7217","GradedModerate",,,,
"Special G Colossus map","special g colossus map.tga","textures\special g colossus map.tga","128","128","16384","True","3","13881","90","2413","84.7229","0.5493","14.7278","15.2771","GradedModerate",,,,
"Special G Cyclops","special g cyclops.tga","textures\special g cyclops.tga","128","128","16384","True","2","15600","0","784","95.2148","0","4.7852","4.7852","BinarySparse",,,,
"Special G Cyclops map","special g cyclops map.tga","textures\special g cyclops map.tga","128","128","16384","True","3","15673","33","678","95.6604","0.2014","4.1382","4.3396","GradedSparse",,,,
"Special G Giant Turtle","special g giant turtle.tga","textures\special g giant turtle.tga","256","256","65536","True","244","56735","8801","0","86.5707","13.4293","0","13.4293","GradedModerate",,,,
"Special G Golem map","special g golem map.tga","textures\special g golem map.tga","256","256","65536","True","22","62819","80","2637","95.8542","0.1221","4.0237","4.1458","GradedSparse",,,,
"Special G Hippocampus","special g hippocampus.tga","textures\special g hippocampus.tga","128","128","16384","True","3","10360","69","5955","63.2324","0.4211","36.3464","36.7676","GradedBroad",,,,
"Special G Hydra Land","special g hydra land.tga","textures\special g hydra land.tga","256","256","65536","True","3","64096","47","1393","97.8027","0.0717","2.1255","2.1973","GradedSparse",,,,
"Special G Manticore","special g manticore.tga","textures\special g manticore.tga","128","128","16384","True","3","15685","51","648","95.7336","0.3113","3.9551","4.2664","GradedSparse",,,,
"Special G Medusa","special g medusa.tga","textures\special g medusa.tga","128","128","16384","True","3","5079","175","11130","30.9998","1.0681","67.9321","69.0002","GradedBroad",,,,
"Special G Minotaur","special g minotaur.tga","textures\special g minotaur.tga","128","128","16384","True","3","14861","37","1486","90.7043","0.2258","9.0698","9.2957","GradedModerate",,,,
"Special G Nemean Lion","special g nemean lion.tga","textures\special g nemean lion.tga","128","128","16384","True","3","16115","46","223","98.3582","0.2808","1.3611","1.6418","GradedSparse",,,,
"Special G Pegasus Wings","special g pegasus wings.tga","textures\special g pegasus wings.tga","64","64","4096","True","42","3967","129","0","96.8506","3.1494","0","3.1494","GradedSparse",,,,
"Special G Scylla","special g scylla.tga","textures\special g scylla.tga","256","256","65536","True","3","54698","181","10657","83.4625","0.2762","16.2613","16.5375","GradedModerate",,,,
"Special G Sea Turtle","special g sea turtle.tga","textures\special g sea turtle.tga","256","256","65536","True","3","64638","177","721","98.6298","0.2701","1.1002","1.3702","GradedSparse",,,,
"Special G Shade","special g shade.tga","textures\special g shade.tga","64","64","4096","True","3","3664","11","421","89.4531","0.2686","10.2783","10.5469","GradedModerate",,,,
"Special N Battle Boar","special n battle boar.tga","textures\special n battle boar.tga","128","128","16384","True","3","15449","26","909","94.2932","0.1587","5.5481","5.7068","GradedModerate",,,,
"Special N Einheriar","special n einheriar.tga","textures\special n einheriar.tga","64","64","4096","True","2","3546","0","550","86.5723","0","13.4277","13.4277","BinaryModerate",,,,
"Special N Fenris","special n fenris.tga","textures\special n fenris.tga","128","128","16384","True","3","15678","33","673","95.6909","0.2014","4.1077","4.3091","GradedSparse",,,,
"Special N Fire Giant","special n fire giant.tga","textures\special n fire giant.tga","128","128","16384","True","3","15120","11","1253","92.2852","0.0671","7.6477","7.7148","GradedModerate",,,,
"Special N Frost Giant","special n frost giant.tga","textures\special n frost giant.tga","128","128","16384","True","3","15492","31","861","94.5557","0.1892","5.2551","5.4443","GradedModerate",,,,
"Special N Giant","special n giant.tga","textures\special n giant.tga","128","128","16384","True","3","15796","15","573","96.4111","0.0916","3.4973","3.5889","GradedSparse",,,,
"Special N Jarl Cape map","special n jarl cape map.tga","textures\special n jarl cape map.tga","32","32","1024","True","3","884","32","108","86.3281","3.125","10.5469","13.6719","GradedModerate",,,,
"Special N Jormund Brood","special n jormund brood.tga","textures\special n jormund brood.tga","128","128","16384","True","3","13853","230","2301","84.552","1.4038","14.0442","15.448","GradedModerate",,,,
"Special N King Folstag Upgrade","special n king folstag upgrade.tga","textures\special n king folstag upgrade.tga","128","128","16384","True","3","15492","31","861","94.5557","0.1892","5.2551","5.4443","GradedModerate",,,,
"Special N Raven","special n raven.tga","textures\special n raven.tga","64","64","4096","True","2","3536","0","560","86.3281","0","13.6719","13.6719","BinaryModerate",,,,
"Special N Troll","special n troll.tga","textures\special n troll.tga","128","128","16384","True","3","15294","10","1080","93.3472","0.061","6.5918","6.6528","GradedModerate",,,,
"Special N Troll Bag","special n troll bag.tga","textures\special n troll bag.tga","64","32","2048","True","3","1825","20","203","89.1113","0.9766","9.9121","10.8887","GradedModerate",,,,
"Special N Valkyrie map","special n valkyrie map.tga","textures\special n valkyrie map.tga","128","128","16384","True","3","12911","27","3446","78.8025","0.1648","21.0327","21.1975","GradedModerate",,,,
"Special X Oracle","special x oracle.tga","textures\special x oracle.tga","64","64","4096","True","3","3216","33","847","78.5156","0.8057","20.6787","21.4844","GradedModerate",,,,
"Special X Oracle Hero","special x oracle hero.tga","textures\special x oracle hero.tga","64","64","4096","True","3","3216","33","847","78.5156","0.8057","20.6787","21.4844","GradedModerate",,,,
"Statue X Gaia Map","statue x gaia map.tga","textures\statue x gaia map.tga","128","128","16384","True","3","15491","32","861","94.5496","0.1953","5.2551","5.4504","GradedModerate",,,,
"Statue X Oranos Map","statue x oranos map.tga","textures\statue x oranos map.tga","128","128","16384","True","2","15915","0","469","97.1375","0","2.8625","2.8625","BinarySparse",,,,
"Temp Santa Body","temp santa body.tga","textures\temp santa body.tga","128","128","16384","True","3","15796","15","573","96.4111","0.0916","3.4973","3.5889","GradedSparse",,,,
"Test Flags","test flags.tga","textures\test flags.tga","128","128","16384","True","3","3394","122","12868","20.7153","0.7446","78.54","79.2847","GradedVeryBroad",,,,
"Theocrat Map","theocrat map.tga","textures\theocrat map.tga","256","256","65536","True","3","60527","80","4929","92.3569","0.1221","7.5211","7.6431","GradedModerate",,,,
"Titan E Ra Pads Map","titan e ra pads map.tga","textures\titan e ra pads map.tga","64","64","4096","True","172","2342","1754","0","57.1777","42.8223","0","42.8223","GradedBroad",,,,
"Titan E Ra Skirt Map","titan e ra skirt map.tga","textures\titan e ra skirt map.tga","256","256","65536","True","239","50354","15182","0","76.8341","23.1659","0","23.1659","GradedModerate",,,,
"Titan G Cerebus Map1","titan g cerebus map1.tga","textures\titan g cerebus map1.tga","256","256","65536","True","3","62465","121","2950","95.314","0.1846","4.5013","4.686","GradedSparse",,,,
"Titan G Cerebus Map2","titan g cerebus map2.tga","textures\titan g cerebus map2.tga","256","256","65536","True","3","64480","5","1051","98.3887","0.0076","1.6037","1.6113","GradedSparse",,,,
"Titan N Troll Map2","titan n troll map2.tga","textures\titan n troll map2.tga","256","256","65536","True","3","62293","5","3238","95.0516","0.0076","4.9408","4.9484","GradedSparse",,,,
"Titan X Gaia","titan x gaia.tga","textures\titan x gaia.tga","256","256","65536","True","165","63755","1781","0","97.2824","2.7176","0","2.7176","GradedSparse",,,,
"Titan X Golem Map1","titan x golem map1.tga","textures\titan x golem map1.tga","256","256","65536","True","242","47860","17676","0","73.0286","26.9714","0","26.9714","GradedBroad",,,,
"Titan X Kronos","titan x kronos.tga","textures\titan x kronos.tga","256","256","65536","True","3","64883","70","583","99.0036","0.1068","0.8896","0.9964","GradedSparse",,,,
"Titan X Promethean 1","titan x promethean 1.tga","textures\titan x promethean 1.tga","256","256","65536","True","3","60200","254","5082","91.8579","0.3876","7.7545","8.1421","GradedModerate",,,,
"trade c caravan cargo","trade c caravan cargo.tga","textures\trade c caravan cargo.tga","64","64","4096","True","25","3579","355","162","87.3779","8.667","3.9551","12.6221","GradedModerate",,,,
"Trade E Caravan Basket","trade e caravan basket.tga","textures\trade e caravan basket.tga","128","128","16384","True","2","14907","0","1477","90.9851","0","9.0149","9.0149","BinaryModerate",,,,
"Trade E Caravan Camel","trade e caravan camel.tga","textures\trade e caravan camel.tga","128","128","16384","True","3","15378","16","990","93.8599","0.0977","6.0425","6.1401","GradedModerate",,,,
"Trade E Caravan Cargo","trade e caravan cargo.tga","textures\trade e caravan cargo.tga","64","64","4096","True","1","4096","0","0","100","0","0","0","FullyTransparent",,,,
"Trade G Caravan Cargo","trade g caravan cargo.tga","textures\trade g caravan cargo.tga","64","64","4096","True","2","3854","0","242","94.0918","0","5.9082","5.9082","BinaryModerate",,,,
"Trade G Caravan Donkey","trade g caravan donkey.tga","textures\trade g caravan donkey.tga","64","64","4096","True","3","3646","11","439","89.0137","0.2686","10.7178","10.9863","GradedModerate",,,,
"Trade N Caravan Cargo","trade n caravan cargo.tga","textures\trade n caravan cargo.tga","128","128","16384","True","3","15272","90","1022","93.2129","0.5493","6.2378","6.7871","GradedModerate",,,,
"Trade N Caravan Ox","trade n caravan ox.tga","textures\trade n caravan ox.tga","128","128","16384","True","3","15008","25","1351","91.6016","0.1526","8.2458","8.3984","GradedModerate",,,,
"Trade X Caravan","trade x caravan.tga","textures\trade x caravan.tga","64","64","4096","True","3","3545","11","540","86.5479","0.2686","13.1836","13.4521","GradedModerate",,,,
"villager c female","villager c female.tga","textures\villager c female.tga","256","256","65536","True","145","32135","622","32779","49.0341","0.9491","50.0168","50.9659","GradedBroad",,,,
"villager c male standard","villager c male standard.tga","textures\villager c male standard.tga","64","64","4096","True","35","2388","103","1605","58.3008","2.5146","39.1846","41.6992","GradedBroad",,,,
"Villager E Female","villager e female.tga","textures\villager e female.tga","64","64","4096","True","3","2078","11","2007","50.7324","0.2686","48.999","49.2676","GradedBroad",,,,
"Villager E Male Standard","villager e male standard.tga","textures\villager e male standard.tga","64","64","4096","True","3","3591","10","495","87.6709","0.2441","12.085","12.3291","GradedModerate",,,,
"Villager G Atlantean Male","villager g atlantean male.tga","textures\villager g atlantean male.tga","64","64","4096","True","3","2732","69","1295","66.6992","1.6846","31.6162","33.3008","GradedBroad",,,,
"Villager G Female","villager g female.tga","textures\villager g female.tga","64","64","4096","True","3","1889","43","2164","46.1182","1.0498","52.832","53.8818","GradedBroad",,,,
"Villager G Male Standard","villager g male standard.tga","textures\villager g male standard.tga","64","64","4096","True","3","2298","48","1750","56.1035","1.1719","42.7246","43.8965","GradedBroad",,,,
"Villager N Female","villager n female.tga","textures\villager n female.tga","64","64","4096","True","3","3458","16","622","84.4238","0.3906","15.1855","15.5762","GradedModerate",,,,
"Villager N Male Standard","villager n male standard.tga","textures\villager n male standard.tga","64","64","4096","True","3","2945","11","1140","71.8994","0.2686","27.832","28.1006","GradedBroad",,,,
"Villager N Oxcart","villager n oxcart.tga","textures\villager n oxcart.tga","128","128","16384","True","2","16090","0","294","98.2056","0","1.7944","1.7944","BinarySparse",,,,
"Villager X Female","villager x female.tga","textures\villager x female.tga","64","64","4096","True","3","3131","31","934","76.4404","0.7568","22.8027","23.5596","GradedModerate",,,,
"Villager X Male","villager x male.tga","textures\villager x male.tga","64","64","4096","True","3","3181","31","884","77.6611","0.7568","21.582","22.3389","GradedModerate",,,,
"Villager X Pony","villager x pony.tga","textures\villager x pony.tga","64","64","4096","True","3","3645","16","435","88.9893","0.3906","10.6201","11.0107","GradedModerate",,,,
"Waypoint","waypoint.tga","textures\waypoint.tga","64","64","4096","True","3","2223","54","1819","54.2725","1.3184","44.4092","45.7275","GradedBroad",,,,
"World A Bouy","world a bouy.tga","textures\world a bouy.tga","32","32","1024","True","2","792","0","232","77.3438","0","22.6562","22.6562","BinaryModerate",,,,
"World A Underworld Passage Color Transform","world a underworld passage color transform.tga","textures\world a underworld passage color transform.tga","64","64","4096","True","3","3497","27","572","85.376","0.6592","13.9648","14.624","GradedModerate",,,,
"World A Waypoint Flag","world a waypoint flag.tga","textures\world a waypoint flag.tga","128","64","8192","True","2","6144","0","2048","75","0","25","25","BinaryModerate",,,,
"world c statue nuwa","world c statue nuwa.tga","textures\world c statue nuwa.tga","128","128","16384","True","131","14225","1232","927","86.8225","7.5195","5.658","13.1775","GradedModerate",,,,
"world c statue nuwa stand","world c statue nuwa stand.tga","textures\world c statue nuwa stand.tga","32","64","2048","True","2","1984","0","64","96.875","0","3.125","3.125","BinarySparse",,,,
"world c statue shennong","world c statue shennong.tga","textures\world c statue shennong.tga","128","128","16384","True","9","15575","81","728","95.0623","0.4944","4.4434","4.9377","GradedSparse",,,,
"world c statue shennong head","world c statue shennong head.tga","textures\world c statue shennong head.tga","64","64","4096","True","1","4096","0","0","100","0","0","0","FullyTransparent",,,,
"World E Garrison Flag","world e garrison flag.tga","textures\world e garrison flag.tga","64","32","2048","True","3","650","21","1377","31.7383","1.0254","67.2363","68.2617","GradedBroad",,,,
"World E Statue Isis","world e statue isis.tga","textures\world e statue isis.tga","128","128","16384","True","2","16097","0","287","98.2483","0","1.7517","1.7517","BinarySparse",,,,
"World E Statue Ra","world e statue ra.tga","textures\world e statue ra.tga","128","128","16384","True","2","13778","0","2606","84.0942","0","15.9058","15.9058","BinaryModerate",,,,
"World E Statue Set","world e statue set.tga","textures\world e statue set.tga","128","128","16384","True","3","16091","31","262","98.2117","0.1892","1.5991","1.7883","GradedSparse",,,,
"World G Garrison Flag","world g garrison flag.tga","textures\world g garrison flag.tga","64","32","2048","True","2","1076","0","972","52.5391","0","47.4609","47.4609","BinaryBroad",,,,
"World G Hades Temple","world g hades temple.tga","textures\world g hades temple.tga","256","256","65536","True","2","64440","0","1096","98.3276","0","1.6724","1.6724","BinarySparse",,,,
"World G Statue Hades","world g statue hades.tga","textures\world g statue hades.tga","128","128","16384","True","2","16066","0","318","98.0591","0","1.9409","1.9409","BinarySparse",,,,
"World G Statue Poseidon","world g statue poseidon.tga","textures\world g statue poseidon.tga","128","128","16384","True","3","15641","33","710","95.4651","0.2014","4.3335","4.5349","GradedSparse",,,,
"World G Statue Poseidon Base","world g statue poseidon base.tga","textures\world g statue poseidon base.tga","64","32","2048","True","1","2048","0","0","100","0","0","0","FullyTransparent",,,,
"World G Statue Zeus","world g statue zeus.tga","textures\world g statue zeus.tga","128","128","16384","True","2","15830","0","554","96.6187","0","3.3813","3.3813","BinarySparse",,,,
"World G Tent","world g tent.tga","textures\world g tent.tga","128","128","16384","True","3","15444","76","864","94.2627","0.4639","5.2734","5.7373","GradedModerate",,,,
"World N Garrison Flag","world n garrison flag.tga","textures\world n garrison flag.tga","64","32","2048","True","3","675","11","1362","32.959","0.5371","66.5039","67.041","GradedBroad",,,,
"World N Statue Loki","world n statue loki.tga","textures\world n statue loki.tga","128","128","16384","True","3","15875","48","461","96.8933","0.293","2.8137","3.1067","GradedSparse",,,,
"World N Statue Odin","world n statue odin.tga","textures\world n statue odin.tga","128","128","16384","True","3","16008","53","323","97.7051","0.3235","1.9714","2.2949","GradedSparse",,,,
"World N Statue Thor","world n statue thor.tga","textures\world n statue thor.tga","128","128","16384","True","3","15893","58","433","97.0032","0.354","2.6428","2.9968","GradedSparse",,,,
"World N Tent","world n tent.tga","textures\world n tent.tga","128","128","16384","True","3","16199","20","165","98.8708","0.1221","1.0071","1.1292","GradedSparse",,,,
