"RelativePath","Filename","Category","Width","Height","BTI_AlphaBits","BTI_Format","TGA_AlphaType","TGA_AlphaValues","OpaqueCoveragePct","CoverageGroup"
"dlc-frontend\textures\ui\ui text chat box.tga","ui text chat box.tga",,"32","32","0","DeflatedRGBA8",,"1",,
"textures\agamemnon map.tga","agamemnon map.tga",,"256","256","1","BC3",,"3",,
"textures\animal caribou map.tga","animal caribou map.tga",,"64","64","1","BC3",,"1",,
"textures\animal chicken.tga","animal chicken.tga",,"32","32","0","BC3",,"1",,
"textures\animal cow a map.tga","animal cow a map.tga",,"128","128","1","BC3",,"2",,
"textures\animal cow b map.tga","animal cow b map.tga",,"128","128","1","BC3",,"2",,
"textures\animal cow c map.tga","animal cow c map.tga",,"128","128","1","BC3",,"2",,
"textures\animal duck map.tga","animal duck map.tga",,"64","64","4","BC3",,"1",,
"textures\animal fish anchovy.tga","animal fish anchovy.tga",,"32","16","0","BC3",,"1",,
"textures\animal fish herring.tga","animal fish herring.tga",,"32","16","0","BC3",,"1",,
"textures\animal fish mahi.tga","animal fish mahi.tga",,"32","16","0","BC3",,"1",,
"textures\animal fish perch.tga","animal fish perch.tga",,"32","16","0","BC3",,"1",,
"textures\animal fish salmon.tga","animal fish salmon.tga",,"32","16","0","BC3",,"1",,
"textures\animal flying purple hippo.tga","animal flying purple hippo.tga",,"256","128","1","BC3",,"1",,
"textures\animal goat map.tga","animal goat map.tga",,"64","64","1","BC3",,"3",,
"textures\animal goatnubian map.tga","animal goatnubian map.tga",,"64","64","1","BC3",,"2",,
"textures\animal lizard map.tga","animal lizard map.tga",,"64","64","4","BC3",,"1",,
"textures\animal pig map.tga","animal pig map.tga",,"64","64","1","BC3",,"3",,
"textures\animal prmonkey.tga","animal prmonkey.tga",,"128","128","1","BC3",,"1",,
"textures\animal rooster.tga","animal rooster.tga",,"32","32","0","BC3",,"1",,
"textures\animal tiger map.tga","animal tiger map.tga",,"128","128","4","BC3",,"1",,
"textures\animal white tiger map.tga","animal white tiger map.tga",,"128","128","4","BC3",,"12",,
"textures\animal william walrus map.tga","Animal William Walrus Map.tga",,"256","256","4","BC3",,"68",,
"textures\animal yak.tga","animal yak.tga",,"128","128","4","BC3",,"14",,
"textures\archer c crossbowman bowstring.tga","archer c crossbowman bowstring.tga",,"32","4","1","BC2",,"8",,
"textures\archer c crossbowman bronze.tga","archer c crossbowman bronze.tga",,"64","64","4","BC3",,"93",,
"textures\archer c crossbowman copper.tga","archer c crossbowman copper.tga",,"64","64","4","BC3",,"93",,
"textures\archer c crossbowman head bronze.tga","archer c crossbowman head bronze.tga",,"32","32","4","BC3",,"60",,
"textures\archer c crossbowman head copper.tga","archer c crossbowman head copper.tga",,"32","32","4","BC3",,"60",,
"textures\archer c crossbowman head iron.tga","archer c crossbowman head iron.tga",,"32","32","4","BC3",,"60",,
"textures\archer c crossbowman head standard.tga","archer c crossbowman head standard.tga",,"32","32","4","BC3",,"1",,
"textures\archer c crossbowman iron.tga","archer c crossbowman iron.tga",,"64","64","4","BC3",,"93",,
"textures\archer c crossbowman standard.tga","archer c crossbowman standard.tga",,"64","64","4","BC3",,"104",,
"textures\archer c mounted archer bronze.tga","archer c mounted archer bronze.tga",,"64","64","4","BC3",,"25",,
"textures\archer c mounted archer copper.tga","archer c mounted archer copper.tga",,"64","64","4","BC3",,"25",,
"textures\archer c mounted archer head bronze.tga","archer c mounted archer head bronze.tga",,"32","32","4","BC3",,"1",,
"textures\archer c mounted archer head copper.tga","archer c mounted archer head copper.tga",,"32","32","4","BC3",,"1",,
"textures\archer c mounted archer head iron.tga","archer c mounted archer head iron.tga",,"32","32","4","BC3",,"1",,
"textures\archer c mounted archer head standard.tga","archer c mounted archer head standard.tga",,"32","32","4","BC3",,"1",,
"textures\archer c mounted archer horse bronze.tga","archer c mounted archer horse bronze.tga",,"128","128","4","BC3",,"70",,
"textures\archer c mounted archer horse copper.tga","archer c mounted archer horse copper.tga",,"128","128","4","BC3",,"70",,
"textures\archer c mounted archer horse iron.tga","archer c mounted archer horse iron.tga",,"128","128","4","BC3",,"70",,
"textures\archer c mounted archer horse standard.tga","archer c mounted archer horse standard.tga",,"128","128","4","BC3",,"70",,
"textures\archer c mounted archer iron.tga","archer c mounted archer iron.tga",,"64","64","4","BC3",,"24",,
"textures\archer c mounted archer standard.tga","archer c mounted archer standard.tga",,"64","64","4","BC3",,"24",,
"textures\archer e slinger bronze.tga","archer e slinger bronze.tga",,"64","64","1","BC3",,"3",,
"textures\archer e slinger copper.tga","archer e slinger copper.tga",,"64","64","1","BC3",,"3",,
"textures\archer e slinger head bronze.tga","archer e slinger head bronze.tga",,"32","32","1","BC3",,"3",,
"textures\archer e slinger head copper.tga","archer e slinger head copper.tga",,"32","32","1","BC3",,"3",,
"textures\archer e slinger head iron.tga","archer e slinger head iron.tga",,"32","32","1","BC3",,"3",,
"textures\archer e slinger head standard.tga","archer e slinger head standard.tga",,"32","32","1","BC3",,"3",,
"textures\archer e slinger iron.tga","archer e slinger iron.tga",,"64","64","1","BC3",,"3",,
"textures\archer e slinger map.tga","archer e slinger map.tga",,"64","64","1","BC3",,"3",,
"textures\archer e slinger standard.tga","archer e slinger standard.tga",,"64","64","1","BC3",,"3",,
"textures\archer g crossbowman.tga","archer g crossbowman.tga",,"64","64","1","BC3",,"3",,
"textures\archer g peltast bronze.tga","archer g peltast bronze.tga",,"64","64","1","BC3",,"3",,
"textures\archer g peltast cape bronze.tga","archer g peltast cape bronze.tga",,"64","64","1","BC3",,"2",,
"textures\archer g peltast cape copper.tga","archer g peltast cape copper.tga",,"64","64","1","BC3",,"2",,
"textures\archer g peltast cape iron.tga","archer g peltast cape iron.tga",,"64","64","1","BC3",,"2",,
"textures\archer g peltast cape standard.tga","archer g peltast cape standard.tga",,"64","64","1","BC3",,"2",,
"textures\archer g peltast copper.tga","archer g peltast copper.tga",,"64","64","1","BC3",,"3",,
"textures\archer g peltast head bronze.tga","archer g peltast head bronze.tga",,"32","32","1","BC3",,"3",,
"textures\archer g peltast head copper.tga","archer g peltast head copper.tga",,"32","32","1","BC3",,"3",,
"textures\archer g peltast head iron.tga","archer g peltast head iron.tga",,"32","32","1","BC3",,"3",,
"textures\archer g peltast head standard.tga","archer g peltast head standard.tga",,"32","32","1","BC3",,"3",,
"textures\archer g peltast iron.tga","archer g peltast iron.tga",,"64","64","1","BC3",,"3",,
"textures\archer g peltast low bronze.tga","archer g peltast low bronze.tga",,"32","32","1","BC3",,"3",,
"textures\archer g peltast low copper.tga","archer g peltast low copper.tga",,"32","32","1","BC3",,"2",,
"textures\archer g peltast low iron.tga","archer g peltast low iron.tga",,"32","32","1","BC3",,"3",,
"textures\archer g peltast low standard.tga","archer g peltast low standard.tga",,"32","32","1","BC3",,"3",,
"textures\archer g peltast standard.tga","archer g peltast standard.tga",,"64","64","1","BC3",,"3",,
"textures\archer g toxotes bronze.tga","archer g toxotes bronze.tga",,"64","64","1","BC3",,"3",,
"textures\archer g toxotes copper.tga","archer g toxotes copper.tga",,"64","64","1","BC3",,"3",,
"textures\archer g toxotes head bronze.tga","archer g toxotes head bronze.tga",,"32","32","1","BC3",,"2",,
"textures\archer g toxotes head copper.tga","archer g toxotes head copper.tga",,"32","32","1","BC3",,"2",,
"textures\archer g toxotes head iron.tga","archer g toxotes head iron.tga",,"32","32","1","BC3",,"2",,
"textures\archer g toxotes head standard.tga","archer g toxotes head standard.tga",,"32","32","1","BC3",,"2",,
"textures\archer g toxotes iron.tga","archer g toxotes iron.tga",,"64","64","1","BC3",,"3",,
"textures\archer g toxotes standard.tga","archer g toxotes standard.tga",,"64","64","1","BC3",,"3",,
"textures\archer n normal bronze.tga","archer n normal bronze.tga",,"64","64","1","BC3",,"41",,
"textures\archer n normal copper.tga","archer n normal copper.tga",,"64","64","1","BC3",,"41",,
"textures\archer n normal head bronze.tga","archer n normal head bronze.tga",,"32","32","4","BC3",,"1",,
"textures\archer n normal head copper.tga","archer n normal head copper.tga",,"32","32","4","BC3",,"1",,
"textures\archer n normal head iron.tga","archer n normal head iron.tga",,"32","32","4","BC3",,"1",,
"textures\archer n normal head standard.tga","archer n normal head standard.tga",,"32","32","4","BC3",,"1",,
"textures\archer n normal iron.tga","archer n normal iron.tga",,"64","64","1","BC3",,"41",,
"textures\archer n normal standard.tga","archer n normal standard.tga",,"64","64","4","BC3",,"8",,
"textures\archer n throwing axeman bronze.tga","archer n throwing axeman bronze.tga",,"64","64","1","BC3",,"3",,
"textures\archer n throwing axeman copper.tga","archer n throwing axeman copper.tga",,"64","64","1","BC3",,"3",,
"textures\archer n throwing axeman iron.tga","archer n throwing axeman iron.tga",,"64","64","1","BC3",,"3",,
"textures\archer n throwing axeman low bronze.tga","archer n throwing axeman low bronze.tga",,"32","32","1","BC3",,"2",,
"textures\archer n throwing axeman low copper.tga","archer n throwing axeman low copper.tga",,"32","32","1","BC3",,"2",,
"textures\archer n throwing axeman low iron.tga","archer n throwing axeman low iron.tga",,"32","32","1","BC3",,"2",,
"textures\archer n throwing axeman low standard.tga","archer n throwing axeman low standard.tga",,"32","32","1","BC3",,"2",,
"textures\archer n throwing axeman standard.tga","archer n throwing axeman standard.tga",,"64","64","1","BC3",,"3",,
"textures\archer x bronze.tga","archer x bronze.tga",,"64","64","1","BC3",,"3",,
"textures\archer x copper.tga","archer x copper.tga",,"64","64","1","BC3",,"3",,
"textures\archer x hero.tga","archer x hero.tga",,"64","64","1","BC3",,"3",,
"textures\archer x iron.tga","archer x iron.tga",,"64","64","1","BC3",,"3",,
"textures\archer x standard.tga","archer x standard.tga",,"64","64","1","BC3",,"3",,
"textures\athenamap.tga","athenamap.tga",,"256","256","1","BC3",,"3",,
"textures\attachment c halberd head bronze.tga","attachment c halberd head bronze.tga",,"32","32","4","BC3",,"1",,
"textures\attachment c halberd head copper.tga","attachment c halberd head copper.tga",,"32","32","4","BC3",,"1",,
"textures\attachment c halberd head iron.tga","attachment c halberd head iron.tga",,"32","32","4","BC3",,"1",,
"textures\attachment c halberd head standard.tga","attachment c halberd head standard.tga",,"32","32","4","BC3",,"1",,
"textures\attachments a axe map.tga","attachments a axe map.tga",,"32","32","1","BC3",,"1",,
"textures\attachments a club.tga","attachments a club.tga",,"32","16","0","BC3",,"1",,
"textures\attachments a shields map.tga","attachments a shields map.tga",,"128","128","1","BC3",,"3",,
"textures\attachments a shovel.tga","attachments a shovel.tga",,"64","8","1","BC3",,"1",,
"textures\attachments a skeleton.tga","attachments a skeleton.tga",,"64","64","0","BC3",,"1",,
"textures\attachments a sling.tga","attachments a sling.tga",,"64","32","0","BC3",,"1",,
"textures\attachments c fire lance.tga","attachments c fire lance.tga",,"64","128","4","BC3",,"1",,
"textures\attachments c flag naval.tga","attachments c flag naval.tga",,"64","32","4","BC3",,"14",,
"textures\attachments c halberd bronze.tga","attachments c halberd bronze.tga",,"128","16","4","BC3",,"1",,
"textures\attachments c halberd copper.tga","attachments c halberd copper.tga",,"128","16","4","BC3",,"1",,
"textures\attachments c halberd iron.tga","attachments c halberd iron.tga",,"128","16","4","BC3",,"1",,
"textures\attachments c halberd standard.tga","attachments c halberd standard.tga",,"128","16","4","BC3",,"1",,
"textures\attachments c sword jiaolong.tga","attachments c sword jiaolong.tga",,"32","16","4","BC3",,"1",,
"textures\attachments e shield bronze.tga","attachments e shield bronze.tga",,"128","64","1","BC3",,"3",,
"textures\attachments e shield copper.tga","attachments e shield copper.tga",,"128","64","1","BC3",,"3",,
"textures\attachments e shield iron.tga","attachments e shield iron.tga",,"128","64","1","BC3",,"3",,
"textures\attachments g polyphemus club.tga","attachments g polyphemus club.tga",,"32","32","0","BC3",,"1",,
"textures\attachments g shield bronze.tga","attachments g shield bronze.tga",,"128","64","1","BC3",,"3",,
"textures\attachments g shield copper.tga","attachments g shield copper.tga",,"128","64","1","BC3",,"3",,
"textures\attachments g shield iron.tga","attachments g shield iron.tga",,"128","64","1","BC3",,"3",,
"textures\attachments mu x automaton.tga","attachments mu x automaton.tga",,"64","64","1","BC3",,"3",,
"textures\attachments n shield bronze.tga","attachments n shield bronze.tga",,"128","64","1","BC3",,"3",,
"textures\attachments n shield cinepirateship map.tga","attachments n shield cinepirateship map.tga",,"64","64","1","BC3",,"1",,
"textures\attachments n shield copper.tga","attachments n shield copper.tga",,"128","64","1","BC3",,"3",,
"textures\attachments n shield iron.tga","attachments n shield iron.tga",,"128","64","1","BC3",,"3",,
"textures\attachments x shield champion.tga","attachments x shield champion.tga",,"128","64","1","BC3",,"3",,
"textures\attachments x shield heavy.tga","attachments x shield heavy.tga",,"128","64","1","BC3",,"3",,
"textures\attachments x shield hero.tga","attachments x shield hero.tga",,"128","64","1","BC3",,"3",,
"textures\attachments x shield medium.tga","attachments x shield medium.tga",,"128","64","1","BC3",,"3",,
"textures\building c accessories.tga","building c accessories.tga",,"256","256","1","BC3",,"95",,
"textures\building c earthen wall.tga","building c earthen wall.tga",,"256","256","4","BC3",,"2",,
"textures\building c fortified wall.tga","building c fortified wall.tga",,"256","256","4","BC3",,"2",,
"textures\building c great wall.tga","building c great wall.tga",,"256","256","4","BC3",,"2",,
"textures\building c props.tga","building c props.tga",,"256","256","4","BC3",,"69",,
"textures\building c roofage1.tga","building c roofage1.tga",,"256","256","4","BC3",,"1",,
"textures\building c roofage2.tga","building c roofage2.tga",,"256","256","4","BC3",,"1",,
"textures\building c roofage3.tga","building c roofage3.tga",,"256","256","4","BC3",,"1",,
"textures\building c roofage4.tga","building c roofage4.tga",,"256","256","4","BC3",,"1",,
"textures\building c special.tga","building c special.tga",,"256","256","4","BC3",,"1",,
"textures\building c stone wall.tga","building c stone wall.tga",,"256","256","4","BC3",,"2",,
"textures\building c titan gate door map.tga","building c titan gate door map.tga",,"128","128","1","BC3",,"135",,
"textures\building c titan gate rocks.tga","building c titan gate rocks.tga",,"128","128","4","BC3",,"1",,
"textures\building c tower age2.tga","building c tower age2.tga",,"256","256","4","BC3",,"2",,
"textures\building c tower age3.tga","building c tower age3.tga",,"256","256","4","BC3",,"2",,
"textures\building c tower age4.tga","building c tower age4.tga",,"256","256","4","BC3",,"2",,
"textures\building c wallsage1.tga","building c wallsage1.tga",,"256","256","4","BC3",,"11",,
"textures\building c wallsage2.tga","building c wallsage2.tga",,"256","256","4","BC3",,"11",,
"textures\building c wallsage3.tga","building c wallsage3.tga",,"256","256","4","BC3",,"11",,
"textures\building c wallsage4.tga","building c wallsage4.tga",,"256","256","4","BC3",,"11",,
"textures\building c wonder city floor.tga","building c wonder city floor.tga",,"256","256","4","BC3",,"1",,
"textures\building c wonder city roof.tga","building c wonder city roof.tga",,"256","256","4","BC3",,"1",,
"textures\building c wonder city walls.tga","building c wonder city walls.tga",,"256","256","4","BC3",,"1",,
"textures\building c wonder palace floor.tga","building c wonder palace floor.tga",,"256","256","4","BC3",,"1",,
"textures\building c wonder palace roof.tga","building c wonder palace roof.tga",,"256","256","4","BC3",,"1",,
"textures\building c wonder palace walls.tga","building c wonder palace walls.tga",,"256","256","4","BC3",,"11",,
"textures\building c wonder temple.tga","building c wonder temple.tga",,"256","256","4","BC3",,"2",,
"textures\building e age1.tga","building e age1.tga",,"256","256","1","BC3",,"3",,
"textures\building e age2 accessories burnt.tga","building e age2 accessories burnt.tga",,"256","256","1","BC3",,"2",,
"textures\building e age2 burnt.tga","building e age2 burnt.tga",,"256","256","1","BC3",,"2",,
"textures\building e age2 wall.tga","building e age2 wall.tga",,"256","256","1","BC3",,"3",,
"textures\building e age2.tga","building e age2.tga",,"256","256","1","BC3",,"2",,
"textures\building e age3 accessories.tga","building e age3 accessories.tga",,"256","256","1","BC3",,"2",,
"textures\building e age3.tga","building e age3.tga",,"256","256","1","BC3",,"3",,
"textures\building e age3a accessories.tga","building e age3a accessories.tga",,"256","256","1","BC3",,"1",,
"textures\building e age4 accessories.tga","building e age4 accessories.tga",,"256","256","1","BC3",,"1",,
"textures\building e age4.tga","building e age4.tga",,"256","256","1","BC3",,"2",,
"textures\building e age4roof.tga","building e age4roof.tga",,"256","256","1","BC3",,"1",,
"textures\building e fortress accessories.tga","building e fortress accessories.tga",,"256","256","4","BC3",,"31",,
"textures\building e fortress accessories02.tga","building e fortress accessories02.tga",,"256","256","4","BC3",,"1",,
"textures\building e fortress.tga","building e fortress.tga",,"256","256","4","BC3",,"1",,
"textures\building e isis wonder01.tga","building e isis wonder01.tga",,"256","256","1","BC3",,"2",,
"textures\building e isis wonder02.tga","building e isis wonder02.tga",,"256","256","1","BC3",,"2",,
"textures\building e isis wonder03.tga","building e isis wonder03.tga",,"256","256","1","BC3",,"1",,
"textures\building e lighthouse.tga","building e lighthouse.tga",,"256","256","1","BC3",,"2",,
"textures\building e monument platforms.tga","building e monument platforms.tga",,"256","256","1","BC3",,"2",,
"textures\building e monument1.tga","building e monument1.tga",,"128","128","1","BC3",,"1",,
"textures\building e monument2.tga","building e monument2.tga",,"128","128","1","BC3",,"1",,
"textures\building e monument3.tga","building e monument3.tga",,"128","128","1","BC3",,"1",,
"textures\building e monument4.tga","building e monument4.tga",,"256","256","1","BC3",,"1",,
"textures\building e obelisk.tga","building e obelisk.tga",,"256","128","1","BC3",,"3",,
"textures\building e outpost.tga","building e outpost.tga",,"256","256","1","BC3",,"2",,
"textures\building e ra wonder01.tga","building e ra wonder01.tga",,"256","256","1","BC3",,"1",,
"textures\building e ra wonder02.tga","building e ra wonder02.tga",,"256","256","1","BC3",,"2",,
"textures\building e set wonder01.tga","building e set wonder01.tga",,"256","256","1","BC3",,"1",,
"textures\building e set wonder02.tga","building e set wonder02.tga",,"256","256","1","BC3",,"2",,
"textures\building e set wonder03.tga","building e set wonder03.tga",,"256","256","1","BC3",,"1",,
"textures\building e settlement age1.tga","building e settlement age1.tga",,"256","256","1","BC3",,"3",,
"textures\building e settlement age2.tga","building e settlement age2.tga",,"256","256","1","BC3",,"2",,
"textures\building e settlement age3.tga","building e settlement age3.tga",,"256","256","1","BC3",,"3",,
"textures\building e settlement age4.tga","building e settlement age4.tga",,"256","256","1","BC3",,"2",,
"textures\building e shared01 2 map.tga","building e shared01 2 map.tga",,"256","256","1","BC3",,"2",,
"textures\building e shared01 3 map.tga","building e shared01 3 map.tga",,"256","256","1","BC3",,"3",,
"textures\building e shared02 2 map.tga","building e shared02 2 map.tga",,"256","256","1","BC3",,"2",,
"textures\building e shrine.tga","building e shrine.tga",,"256","256","1","BC3",,"3",,
"textures\building e titan gate map.tga","building e titan gate map.tga",,"256","256","1","BC3",,"2",,
"textures\building e titan gate rocks.tga","building e titan gate rocks.tga",,"128","128","1","BC3",,"1",,
"textures\building e wall4.tga","building e wall4.tga",,"256","256","1","BC3",,"2",,
"textures\building e wonder accessories.tga","building e wonder accessories.tga",,"256","256","4","BC3",,"30",,
"textures\building g age0.tga","building g age0.tga",,"256","256","1","BC3",,"2",,
"textures\building g fortifiedwall.tga","building g fortifiedwall.tga",,"256","256","1","BC3",,"2",,
"textures\building g fortress.tga","building g fortress.tga",,"256","256","1","BC3",,"2",,
"textures\building g fortressroof.tga","building g fortressroof.tga",,"256","256","1","BC3",,"2",,
"textures\building g fortresswall.tga","building g fortresswall.tga",,"256","256","1","BC3",,"2",,
"textures\building g fortresswall2.tga","building g fortresswall2.tga",,"256","256","1","BC3",,"1",,
"textures\building g hades wonder.tga","building g hades wonder.tga",,"256","256","1","BC3",,"2",,
"textures\building g roofage1.tga","building g roofage1.tga",,"256","256","1","BC3",,"2",,
"textures\building g settlementage1.tga","building g settlementage1.tga",,"256","256","1","BC3",,"2",,
"textures\building g settlementage2.tga","building g settlementage2.tga",,"256","256","1","BC3",,"2",,
"textures\building g settlementage3.tga","building g settlementage3.tga",,"256","256","1","BC3",,"2",,
"textures\building g shared05 2 map.tga","building g shared05 2 map.tga",,"256","256","1","BC3",,"2",,
"textures\building g shrine.tga","building g shrine.tga",,"256","256","1","BC3",,"2",,
"textures\building g temple statues map.tga","building g temple statues map.tga",,"256","256","0","BC3",,"1",,
"textures\building g temple.tga","building g temple.tga",,"256","256","1","BC3",,"2",,
"textures\building g templeage1.tga","building g templeage1.tga",,"256","256","1","BC3",,"2",,
"textures\building g templeage2.tga","building g templeage2.tga",,"256","256","1","BC3",,"2",,
"textures\building g titan gate door map.tga","building g titan gate door map.tga",,"128","128","1","BC3",,"3",,
"textures\building g titan gate map.tga","building g titan gate map.tga",,"256","256","1","BC3",,"3",,
"textures\building g titan gate rocks.tga","building g titan gate rocks.tga",,"128","128","1","BC3",,"1",,
"textures\building g towers.tga","building g towers.tga",,"256","256","1","BC3",,"2",,
"textures\building g wallsage1.tga","building g wallsage1.tga",,"256","256","1","BC3",,"2",,
"textures\building g wallsage2.tga","building g wallsage2.tga",,"256","256","1","BC3",,"2",,
"textures\building g wallsage3.tga","building g wallsage3.tga",,"256","256","1","BC3",,"2",,
"textures\building g wonder destructed.tga","building g wonder destructed.tga",,"256","256","0","BC3",,"1",,
"textures\building g wonder.tga","building g wonder.tga",,"256","256","1","BC3",,"2",,
"textures\building g zues wonder01.tga","building g zues wonder01.tga",,"256","256","1","BC3",,"2",,
"textures\building n hillfort.tga","building n hillfort.tga",,"256","256","1","BC3",,"3",,
"textures\building n loki wonder02.tga","building n loki wonder02.tga",,"256","256","1","BC3",,"3",,
"textures\building n odin wonder01.tga","building n odin wonder01.tga",,"256","256","1","BC3",,"3",,
"textures\building n settlementage1.tga","building n settlementage1.tga",,"256","256","1","BC3",,"2",,
"textures\building n settlementage2.tga","building n settlementage2.tga",,"256","256","1","BC3",,"2",,
"textures\building n settlementage3.tga","building n settlementage3.tga",,"256","256","1","BC3",,"2",,
"textures\building n settlementage4.tga","building n settlementage4.tga",,"256","256","1","BC3",,"3",,
"textures\building n shared01 1 map.tga","building n shared01 1 map.tga",,"256","256","1","BC3",,"2",,
"textures\building n shared01 2 map.tga","building n shared01 2 map.tga",,"256","256","1","BC3",,"3",,
"textures\building n shared01 3 map.tga","building n shared01 3 map.tga",,"256","256","1","BC3",,"2",,
"textures\building n shared02 2 map.tga","building n shared02 2 map.tga",,"256","256","1","BC3",,"3",,
"textures\building n shared03 2 map.tga","building n shared03 2 map.tga",,"256","256","1","BC3",,"3",,
"textures\building n shared04 2 map.tga","building n shared04 2 map.tga",,"256","256","1","BC3",,"3",,
"textures\building n shared06 2 map.tga","building n shared06 2 map.tga",,"256","256","1","BC3",,"2",,
"textures\building n shrine.tga","building n shrine.tga",,"128","128","1","BC3",,"3",,
"textures\building n temple.tga","building n temple.tga",,"256","256","1","BC3",,"3",,
"textures\building n templeage1.tga","building n templeage1.tga",,"256","256","1","BC3",,"2",,
"textures\building n templeage2.tga","building n templeage2.tga",,"256","256","1","BC3",,"2",,
"textures\building n templeage3.tga","building n templeage3.tga",,"256","256","1","BC3",,"2",,
"textures\building n thorarmory.tga","building n thorarmory.tga",,"256","256","1","BC3",,"2",,
"textures\building n thorarmory1.tga","building n thorarmory1.tga",,"256","256","1","BC3",,"1",,
"textures\building n titan gate map.tga","building n titan gate map.tga",,"256","256","1","BC3",,"3",,
"textures\building n titan gate rocks.tga","building n titan gate rocks.tga",,"128","128","1","BC3",,"1",,
"textures\building n tower.tga","building n tower.tga",,"256","128","1","BC3",,"3",,
"textures\building n wallage4.tga","building n wallage4.tga",,"256","256","1","BC3",,"3",,
"textures\building n wonder.tga","building n wonder.tga",,"256","256","1","BC3",,"3",,
"textures\building x mirror tower.tga","building x mirror tower.tga",,"256","128","1","BC3",,"3",,
"textures\building x palace age2.tga","building x palace age2.tga",,"256","256","1","BC3",,"2",,
"textures\building x palace age3.tga","building x palace age3.tga",,"256","256","1","BC3",,"2",,
"textures\building x roof age0.tga","building x roof age0.tga",,"256","256","1","BC3",,"2",,
"textures\building x roof age1.tga","building x roof age1.tga",,"256","256","1","BC3",,"2",,
"textures\building x sky temple roof.tga","building x sky temple roof.tga",,"128","128","0","BC3",,"1",,
"textures\building x sky temple.tga","building x sky temple.tga",,"256","256","1","BC3",,"3",,
"textures\building x temple age0.tga","building x temple age0.tga",,"256","256","1","BC3",,"3",,
"textures\building x titangate.tga","building x titangate.tga",,"256","256","1","BC3",,"2",,
"textures\building x tower watch2.tga","building x tower watch2.tga",,"256","256","1","BC3",,"2",,
"textures\building x tower watch3.tga","building x tower watch3.tga",,"256","256","1","BC3",,"2",,
"textures\building x tower watch4.tga","building x tower watch4.tga",,"256","256","1","BC3",,"2",,
"textures\building x wall age2.tga","building x wall age2.tga",,"256","256","1","BC3",,"3",,
"textures\building x wall bronze.tga","building x wall bronze.tga",,"256","256","1","BC3",,"2",,
"textures\building x wall iron.tga","building x wall iron.tga",,"256","256","1","BC3",,"2",,
"textures\building x wall oreichalkos.tga","building x wall oreichalkos.tga",,"256","256","1","BC3",,"2",,
"textures\building x wall stone.tga","building x wall stone.tga",,"256","256","1","BC3",,"2",,
"textures\building_e_monumentbase_map.tga","building_e_monumentbase_map.tga",,"256","256","1","BC3",,"2",,
"textures\butterfly.tga","butterfly.tga",,"32","32","1","BC3",,"3",,
"textures\cavalry c cataphract bronze.tga","cavalry c cataphract bronze.tga",,"64","64","4","BC3",,"101",,
"textures\cavalry c cataphract copper.tga","cavalry c cataphract copper.tga",,"64","64","4","BC3",,"79",,
"textures\cavalry c cataphract head bronze.tga","cavalry c cataphract head bronze.tga",,"32","32","4","BC3",,"18",,
"textures\cavalry c cataphract head copper.tga","cavalry c cataphract head copper.tga",,"32","32","4","BC3",,"18",,
"textures\cavalry c cataphract head iron.tga","cavalry c cataphract head iron.tga",,"32","32","4","BC3",,"18",,
"textures\cavalry c cataphract head standard.tga","cavalry c cataphract head standard.tga",,"32","32","4","BC3",,"18",,
"textures\cavalry c cataphract horse bronze.tga","cavalry c cataphract horse bronze.tga",,"128","128","4","BC3",,"77",,
"textures\cavalry c cataphract horse copper.tga","cavalry c cataphract horse copper.tga",,"128","128","4","BC3",,"77",,
"textures\cavalry c cataphract horse iron.tga","cavalry c cataphract horse iron.tga",,"128","128","4","BC3",,"77",,
"textures\cavalry c cataphract horse standard.tga","cavalry c cataphract horse standard.tga",,"128","128","4","BC3",,"77",,
"textures\cavalry c cataphract iron.tga","cavalry c cataphract iron.tga",,"64","64","4","BC3",,"101",,
"textures\cavalry c cataphract standard.tga","cavalry c cataphract standard.tga",,"64","64","4","BC3",,"96",,
"textures\cavalry c chariot bronze.tga","cavalry c chariot bronze.tga",,"128","128","4","BC3",,"78",,
"textures\cavalry c chariot copper.tga","cavalry c chariot copper.tga",,"128","128","4","BC3",,"78",,
"textures\cavalry c chariot horse bronze.tga","cavalry c chariot horse bronze.tga",,"256","256","4","BC3",,"145",,
"textures\cavalry c chariot horse iron.tga","cavalry c chariot horse iron.tga",,"256","256","4","BC3",,"145",,
"textures\cavalry c chariot horse standard.tga","cavalry c chariot horse standard.tga",,"128","128","4","BC3",,"111",,
"textures\cavalry c chariot iron.tga","cavalry c chariot iron.tga",,"128","128","4","BC3",,"78",,
"textures\cavalry c chariot standard.tga","cavalry c chariot standard.tga",,"128","128","4","BC3",,"78",,
"textures\cavalry c charioteer bronze.tga","cavalry c charioteer bronze.tga",,"256","256","4","BC3",,"188",,
"textures\cavalry c charioteer iron.tga","cavalry c charioteer iron.tga",,"256","256","4","BC3",,"194",,
"textures\cavalry c charioteer standard.tga","cavalry c charioteer standard.tga",,"256","256","4","BC3",,"190",,
"textures\cavalry c scout bronze.tga","cavalry c scout bronze.tga",,"64","64","4","BC3",,"96",,
"textures\cavalry c scout copper.tga","cavalry c scout copper.tga",,"64","64","4","BC3",,"84",,
"textures\cavalry c scout head bronze.tga","cavalry c scout head bronze.tga",,"32","32","4","BC3",,"31",,
"textures\cavalry c scout head copper.tga","cavalry c scout head copper.tga",,"32","32","4","BC3",,"31",,
"textures\cavalry c scout head iron.tga","cavalry c scout head iron.tga",,"32","32","4","BC3",,"31",,
"textures\cavalry c scout head standard.tga","cavalry c scout head standard.tga",,"32","32","4","BC3",,"31",,
"textures\cavalry c scout horse bronze.tga","cavalry c scout horse bronze.tga",,"128","128","4","BC3",,"109",,
"textures\cavalry c scout horse copper.tga","cavalry c scout horse copper.tga",,"128","128","4","BC3",,"109",,
"textures\cavalry c scout horse iron.tga","cavalry c scout horse iron.tga",,"128","128","4","BC3",,"109",,
"textures\cavalry c scout horse standard.tga","cavalry c scout horse standard.tga",,"128","128","4","BC3",,"120",,
"textures\cavalry c scout iron.tga","cavalry c scout iron.tga",,"64","64","4","BC3",,"95",,
"textures\cavalry c scout standard.tga","cavalry c scout standard.tga",,"64","64","4","BC3",,"106",,
"textures\cavalry e camelry bronze.tga","cavalry e camelry bronze.tga",,"64","64","1","BC3",,"3",,
"textures\cavalry e camelry camel bronze.tga","cavalry e camelry camel bronze.tga",,"128","128","1","BC3",,"3",,
"textures\cavalry e camelry camel copper.tga","cavalry e camelry camel copper.tga",,"128","128","1","BC3",,"3",,
"textures\cavalry e camelry camel iron.tga","cavalry e camelry camel iron.tga",,"128","128","1","BC3",,"3",,
"textures\cavalry e camelry camel standard.tga","cavalry e camelry camel standard.tga",,"128","128","1","BC3",,"3",,
"textures\cavalry e camelry copper.tga","cavalry e camelry copper.tga",,"64","64","1","BC3",,"3",,
"textures\cavalry e camelry iron.tga","cavalry e camelry iron.tga",,"64","64","1","BC3",,"3",,
"textures\cavalry e camelry map.tga","cavalry e camelry map.tga",,"64","64","1","BC3",,"3",,
"textures\cavalry e camelry standard.tga","cavalry e camelry standard.tga",,"64","64","1","BC3",,"3",,
"textures\cavalry e chariot archer bronze.tga","cavalry e chariot archer bronze.tga",,"256","256","1","BC3",,"3",,
"textures\cavalry e chariot archer copper.tga","cavalry e chariot archer copper.tga",,"256","256","1","BC3",,"3",,
"textures\cavalry e chariot archer iron.tga","cavalry e chariot archer iron.tga",,"256","256","1","BC3",,"3",,
"textures\cavalry e chariot horse map.tga","cavalry e chariot horse map.tga",,"128","128","1","BC3",,"2",,
"textures\cavalry e mercenary horse standard.tga","cavalry e mercenary horse standard.tga",,"128","128","1","BC3",,"3",,
"textures\cavalry e war elephant basket bronze.tga","cavalry e war elephant basket bronze.tga",,"64","64","1","BC3",,"3",,
"textures\cavalry e war elephant basket copper.tga","cavalry e war elephant basket copper.tga",,"64","64","1","BC3",,"3",,
"textures\cavalry e war elephant basket iron.tga","cavalry e war elephant basket iron.tga",,"64","64","1","BC3",,"3",,
"textures\cavalry e war elephant basket standard.tga","cavalry e war elephant basket standard.tga",,"64","64","1","BC3",,"2",,
"textures\cavalry e war elephant bronze.tga","cavalry e war elephant bronze.tga",,"256","128","1","BC3",,"3",,
"textures\cavalry e war elephant copper.tga","cavalry e war elephant copper.tga",,"256","128","1","BC3",,"3",,
"textures\cavalry e war elephant iron.tga","cavalry e war elephant iron.tga",,"256","128","1","BC3",,"3",,
"textures\cavalry e war elephant rider bronze.tga","cavalry e war elephant rider bronze.tga",,"64","64","1","BC3",,"3",,
"textures\cavalry e war elephant rider copper.tga","cavalry e war elephant rider copper.tga",,"64","64","1","BC3",,"3",,
"textures\cavalry e war elephant rider iron.tga","cavalry e war elephant rider iron.tga",,"64","64","1","BC3",,"3",,
"textures\cavalry e war elephant rider standard.tga","cavalry e war elephant rider standard.tga",,"64","64","1","BC3",,"3",,
"textures\cavalry g cataphract head iron.tga","cavalry g cataphract head iron.tga",,"32","32","1","BC3",,"2",,
"textures\cavalry g cataphract horse iron.tga","cavalry g cataphract horse iron.tga",,"128","128","1","BC3",,"3",,
"textures\cavalry g cataphract iron.tga","cavalry g cataphract iron.tga",,"64","64","1","BC3",,"3",,
"textures\cavalry g hetairoi bronze.tga","cavalry g hetairoi bronze.tga",,"64","64","1","BC3",,"3",,
"textures\cavalry g hetairoi copper.tga","cavalry g hetairoi copper.tga",,"64","64","1","BC3",,"3",,
"textures\cavalry g hetairoi head iron.tga","cavalry g hetairoi head iron.tga",,"32","32","1","BC3",,"1",,
"textures\cavalry g hetairoi horse iron.tga","cavalry g hetairoi horse iron.tga",,"128","128","1","BC3",,"3",,
"textures\cavalry g hetairoi iron.tga","cavalry g hetairoi iron.tga",,"64","64","1","BC3",,"3",,
"textures\cavalry g hippikon bronze.tga","cavalry g hippikon bronze.tga",,"64","64","1","BC3",,"3",,
"textures\cavalry g hippikon copper.tga","cavalry g hippikon copper.tga",,"64","64","1","BC3",,"2",,
"textures\cavalry g hippikon head bronze.tga","cavalry g hippikon head bronze.tga",,"32","32","1","BC3",,"2",,
"textures\cavalry g hippikon head copper.tga","cavalry g hippikon head copper.tga",,"32","32","1","BC3",,"2",,
"textures\cavalry g hippikon head iron.tga","cavalry g hippikon head iron.tga",,"32","32","1","BC3",,"2",,
"textures\cavalry g hippikon horse bronze.tga","cavalry g hippikon horse bronze.tga",,"128","128","1","BC3",,"3",,
"textures\cavalry g hippikon horse copper.tga","cavalry g hippikon horse copper.tga",,"128","128","1","BC3",,"2",,
"textures\cavalry g hippikon horse iron.tga","cavalry g hippikon horse iron.tga",,"128","128","1","BC3",,"3",,
"textures\cavalry g hippikon horse standard.tga","cavalry g hippikon horse standard.tga",,"128","128","1","BC3",,"2",,
"textures\cavalry g hippikon iron.tga","cavalry g hippikon iron.tga",,"64","64","1","BC3",,"3",,
"textures\cavalry g hippikon standard.tga","cavalry g hippikon standard.tga",,"64","64","1","BC3",,"2",,
"textures\cavalry g prodromos bronze.tga","cavalry g prodromos bronze.tga",,"64","64","1","BC3",,"3",,
"textures\cavalry g prodromos copper.tga","cavalry g prodromos copper.tga",,"64","64","1","BC3",,"3",,
"textures\cavalry g prodromos horse bronze.tga","cavalry g prodromos horse bronze.tga",,"128","128","1","BC3",,"3",,
"textures\cavalry g prodromos horse copper.tga","cavalry g prodromos horse copper.tga",,"128","128","1","BC3",,"2",,
"textures\cavalry g prodromos horse iron.tga","cavalry g prodromos horse iron.tga",,"128","128","1","BC3",,"3",,
"textures\cavalry g prodromos horse standard.tga","cavalry g prodromos horse standard.tga",,"128","128","1","BC3",,"2",,
"textures\cavalry g prodromos iron.tga","cavalry g prodromos iron.tga",,"64","64","1","BC3",,"3",,
"textures\cavalry g prodromos standard.tga","cavalry g prodromos standard.tga",,"64","64","1","BC3",,"3",,
"textures\cavalry g scout horse.tga","cavalry g scout horse.tga",,"128","128","1","BC3",,"3",,
"textures\cavalry n jarl bronze.tga","cavalry n jarl bronze.tga",,"64","64","1","BC3",,"3",,
"textures\cavalry n jarl copper.tga","cavalry n jarl copper.tga",,"64","64","1","BC3",,"3",,
"textures\cavalry n jarl horse bronze.tga","cavalry n jarl horse bronze.tga",,"128","128","1","BC3",,"3",,
"textures\cavalry n jarl horse copper.tga","cavalry n jarl horse copper.tga",,"128","128","1","BC3",,"3",,
"textures\cavalry n jarl horse iron.tga","cavalry n jarl horse iron.tga",,"128","128","1","BC3",,"3",,
"textures\cavalry n jarl horse standard.tga","cavalry n jarl horse standard.tga",,"128","128","1","BC3",,"3",,
"textures\cavalry n jarl iron.tga","cavalry n jarl iron.tga",,"64","64","1","BC3",,"3",,
"textures\cavalry n jarl standard.tga","cavalry n jarl standard.tga",,"64","64","1","BC3",,"3",,
"textures\cavalry n raiding cavalry bronze.tga","cavalry n raiding cavalry bronze.tga",,"64","64","1","BC3",,"3",,
"textures\cavalry n raiding cavalry copper.tga","cavalry n raiding cavalry copper.tga",,"64","64","1","BC3",,"3",,
"textures\cavalry n raiding cavalry horse bronze.tga","cavalry n raiding cavalry horse bronze.tga",,"128","128","1","BC3",,"3",,
"textures\cavalry n raiding cavalry horse copper.tga","cavalry n raiding cavalry horse copper.tga",,"128","128","1","BC3",,"3",,
"textures\cavalry n raiding cavalry horse iron.tga","cavalry n raiding cavalry horse iron.tga",,"128","128","1","BC3",,"3",,
"textures\cavalry n raiding cavalry horse standard.tga","cavalry n raiding cavalry horse standard.tga",,"128","128","1","BC3",,"3",,
"textures\cavalry n raiding cavalry iron.tga","cavalry n raiding cavalry iron.tga",,"64","64","1","BC3",,"3",,
"textures\cavalry n raiding cavalry standard.tga","cavalry n raiding cavalry standard.tga",,"64","64","1","BC3",,"3",,
"textures\cavalry x javelin bronze.tga","cavalry x javelin bronze.tga",,"64","64","1","BC3",,"3",,
"textures\cavalry x javelin copper.tga","cavalry x javelin copper.tga",,"64","64","1","BC3",,"2",,
"textures\cavalry x javelin hero.tga","cavalry x javelin hero.tga",,"64","64","1","BC3",,"3",,
"textures\cavalry x javelin horse bronze.tga","cavalry x javelin horse bronze.tga",,"128","128","1","BC3",,"3",,
"textures\cavalry x javelin horse copper.tga","cavalry x javelin horse copper.tga",,"128","128","1","BC3",,"3",,
"textures\cavalry x javelin horse hero.tga","cavalry x javelin horse hero.tga",,"128","128","1","BC3",,"3",,
"textures\cavalry x javelin horse iron.tga","cavalry x javelin horse iron.tga",,"128","128","1","BC3",,"3",,
"textures\cavalry x javelin horse standard.tga","cavalry x javelin horse standard.tga",,"128","128","1","BC3",,"3",,
"textures\cavalry x javelin iron.tga","cavalry x javelin iron.tga",,"64","64","1","BC3",,"3",,
"textures\cavalry x javelin standard.tga","cavalry x javelin standard.tga",,"64","64","1","BC3",,"2",,
"textures\cavalry x lancer bronze.tga","cavalry x lancer bronze.tga",,"64","64","1","BC3",,"3",,
"textures\cavalry x lancer cape iron.tga","cavalry x lancer cape iron.tga",,"32","64","1","BC3",,"3",,
"textures\cavalry x lancer copper.tga","cavalry x lancer copper.tga",,"64","64","1","BC3",,"3",,
"textures\cavalry x lancer horse bronze.tga","cavalry x lancer horse bronze.tga",,"128","128","1","BC3",,"3",,
"textures\cavalry x lancer horse copper.tga","cavalry x lancer horse copper.tga",,"128","128","1","BC3",,"3",,
"textures\cavalry x lancer horse hero.tga","cavalry x lancer horse hero.tga",,"128","128","1","BC3",,"3",,
"textures\cavalry x lancer horse iron.tga","cavalry x lancer horse iron.tga",,"128","128","1","BC3",,"3",,
"textures\cavalry x lancer horse standard.tga","cavalry x lancer horse standard.tga",,"128","128","1","BC3",,"3",,
"textures\cavalry x lancer iron.tga","cavalry x lancer iron.tga",,"64","64","1","BC3",,"3",,
"textures\cavalry x lancer standard.tga","cavalry x lancer standard.tga",,"64","64","1","BC3",,"3",,
"textures\cine a arkantos map.tga","cine a arkantos map.tga",,"256","256","1","BC3",,"3",,
"textures\cine a arkantosman map.tga","cine a arkantosman map.tga",,"256","256","1","BC3",,"3",,
"textures\cine a brokk map.tga","cine a brokk map.tga",,"256","256","1","BC3",,"3",,
"textures\cine a eitri map.tga","cine a eitri map.tga",,"256","256","1","BC3",,"3",,
"textures\cine a jarl helmet map.tga","cine a jarl helmet map.tga",,"128","128","1","BC3",,"3",,
"textures\cine a jarl horse map.tga","cine a jarl horse map.tga",,"256","256","1","BC3",,"3",,
"textures\cine a jarl map.tga","cine a jarl map.tga",,"256","256","1","BC3",,"3",,
"textures\cine a kemsyt head bag.tga","cine a kemsyt head bag.tga",,"128","128","1","BC3",,"1",,
"textures\cine a skult map.tga","cine a skult map.tga",,"256","256","1","BC3",,"3",,
"textures\cine c danzhu.tga","cine c danzhu.tga",,"256","256","4","BC3",,"101",,
"textures\cine c emperor.tga","cine c emperor.tga",,"512","512","4","BC3",,"1",,
"textures\cine c jiaolong.tga","cine c jiaolong.tga",,"256","256","4","BC3",,"216",,
"textures\cine c shun shoulder.tga","cine c shun shoulder.tga",,"128","128","4","BC3",,"4",,
"textures\cine c shun spear.tga","cine c shun spear.tga",,"128","256","4","BC3",,"1",,
"textures\cine c shun.tga","cine c shun.tga",,"512","512","4","BC3",,"252",,
"textures\cine c zhi.tga","cine c zhi.tga",,"256","256","4","BC3",,"254",,
"textures\cine e axeman.tga","cine e axeman.tga",,"256","256","1","BC3",,"3",,
"textures\cine e infantry map.tga","cine e infantry map.tga",,"256","256","1","BC3",,"3",,
"textures\cine e setna.tga","cine e setna.tga",,"256","256","1","BC3",,"3",,
"textures\cine g ajax map.tga","cine g ajax map.tga",,"256","256","1","BC3",,"3",,
"textures\cine g ajax old map.tga","cine g ajax old map.tga",,"256","256","1","BC3",,"2",,
"textures\cine g amanra map.tga","cine g amanra map.tga",,"256","256","1","BC3",,"3",,
"textures\cine g amanra old map.tga","cine g amanra old map.tga",,"256","256","1","BC3",,"3",,
"textures\cine g chiron map.tga","cine g chiron map.tga",,"256","256","1","BC3",,"3",,
"textures\cine g gargarensis map.tga","cine g gargarensis map.tga",,"256","256","1","BC3",,"3",,
"textures\cine g hoplite shield.tga","cine g hoplite shield.tga",,"128","64","1","BC3",,"3",,
"textures\cine g kastor map.tga","cine g kastor map.tga",,"256","256","1","BC3",,"3",,
"textures\cine g old man map.tga","cine g old man map.tga",,"256","256","1","BC3",,"3",,
"textures\cine g poseidon stone.tga","cine g poseidon stone.tga",,"256","256","1","BC3",,"2",,
"textures\cine n hersir.tga","cine n hersir.tga",,"256","256","1","BC3",,"3",,
"textures\cine n huskarl cape.tga","cine n huskarl cape.tga",,"128","128","1","BC3",,"3",,
"textures\cine n huskarl.tga","cine n huskarl.tga",,"256","256","1","BC3",,"3",,
"textures\cine n reginleif map.tga","cine n reginleif map.tga",,"256","256","1","BC3",,"3",,
"textures\cine n reginleif weapons map.tga","cine n reginleif weapons map.tga",,"256","256","1","BC3",,"3",,
"textures\cine n ulfsark.tga","cine n ulfsark.tga",,"256","256","1","BC3",,"3",,
"textures\cine spear map.tga","cine spear map.tga",,"128","256","1","BC3",,"1",,
"textures\cine x hp arcusmap.tga","cine x hp arcusmap.tga",,"256","256","1","BC3",,"3",,
"textures\cine x hp arcusweaponsmap.tga","cine x hp arcusweaponsmap.tga",,"128","128","1","BC3",,"3",,
"textures\cine x hp automatonmap.tga","cine x hp automatonmap.tga",,"256","256","1","BC3",,"3",,
"textures\cine x hp fanaticmap.tga","cine x hp fanaticmap.tga",,"256","256","1","BC3",,"3",,
"textures\cine x hp melagiusmap.tga","cine x hp melagiusmap.tga",,"256","256","1","BC3",,"3",,
"textures\cine x kastor adult.tga","cine x kastor adult.tga",,"256","256","1","BC3",,"3",,
"textures\cine x krios.tga","cine x krios.tga",,"256","256","1","BC3",,"3",,
"textures\cine x mp melagius head.tga","cine x mp melagius head.tga",,"16","16","1","BC3",,"2",,
"textures\cine x trident soldier cape.tga","cine x trident soldier cape.tga",,"128","256","1","BC3",,"3",,
"textures\cine x trident soldier helmet.tga","cine x trident soldier helmet.tga",,"128","128","1","BC3",,"1",,
"textures\cine x trident soldier shield.tga","cine x trident soldier shield.tga",,"256","256","1","BC3",,"3",,
"textures\cine x trident soldier.tga","cine x trident soldier.tga",,"256","256","1","BC3",,"3",,
"textures\cinematic naval g trireme.tga","cinematic naval g trireme.tga",,"256","256","1","BC3",,"3",,
"textures\cyclops high.tga","cyclops high.tga",,"256","256","1","BC3",,"3",,
"textures\forkboy map.tga","forkboy map.tga",,"128","128","1","BC3",,"3",,
"textures\g hypaspist highmodelmap.tga","g hypaspist highmodelmap.tga",,"256","256","1","BC3",,"3",,
"textures\gaia wonder map2.tga","gaia wonder map2.tga",,"256","256","1","BC3",,"3",,
"textures\gine g kamos map.tga","gine g kamos map.tga",,"256","256","1","BC3",,"3",,
"textures\greekheromap.tga","greekheromap.tga",,"256","256","1","BC3",,"3",,
"textures\hero c general cape.tga","hero c general cape.tga",,"128","128","4","BC3",,"1",,
"textures\hero c general flag alpha.tga","hero c general flag alpha.tga",,"32","32","4","BC3",,"4",,
"textures\hero c general flag.tga","hero c general flag.tga",,"128","64","4","BC3",,"2",,
"textures\hero c general head.tga","hero c general head.tga",,"32","32","4","BC3",,"48",,
"textures\hero c general horse.tga","hero c general horse.tga",,"128","128","4","BC3",,"140",,
"textures\hero c general.tga","hero c general.tga",,"128","128","4","BC3",,"139",,
"textures\hero c immortal.tga","hero c immortal.tga",,"64","64","4","BC3",,"70",,
"textures\hero c monk head.tga","hero c monk head.tga",,"32","32","4","BC3",,"1",,
"textures\hero c monk weapon.tga","hero c monk weapon.tga",,"16","128","4","BC3",,"1",,
"textures\hero c monk.tga","hero c monk.tga",,"64","64","4","BC3",,"79",,
"textures\hero g achilles cape.tga","hero g achilles cape.tga",,"64","32","1","BC3",,"18",,
"textures\hero g achilles.tga","hero g achilles.tga",,"128","128","1","BC3",,"29",,
"textures\hero g ajax.tga","hero g ajax.tga",,"64","64","1","BC3",,"3",,
"textures\hero g atalanta shield.tga","hero g atalanta shield.tga",,"64","32","1","BC3",,"3",,
"textures\hero g atalanta.tga","hero g atalanta.tga",,"64","64","1","BC3",,"3",,
"textures\hero g athena head low map.tga","hero g athena head low map.tga",,"32","32","1","BC3",,"1",,
"textures\hero g athena low map.tga","hero g athena low map.tga",,"64","64","1","BC3",,"3",,
"textures\hero g belerophon shield.tga","hero g belerophon shield.tga",,"64","32","1","BC3",,"3",,
"textures\hero g belerophon.tga","hero g belerophon.tga",,"64","64","1","BC3",,"2",,
"textures\hero g bellerophon shield.tga","hero g bellerophon shield.tga",,"64","32","1","BC3",,"3",,
"textures\hero g chiron shield.tga","hero g chiron shield.tga",,"64","32","1","BC3",,"3",,
"textures\hero g chiron.tga","hero g chiron.tga",,"256","256","1","BC3",,"3",,
"textures\hero g heracles head.tga","hero g heracles head.tga",,"64","32","1","BC3",,"2",,
"textures\hero g heracles shield.tga","hero g heracles shield.tga",,"64","32","1","BC3",,"3",,
"textures\hero g heracles.tga","hero g heracles.tga",,"64","64","1","BC3",,"3",,
"textures\hero g hercules.tga","hero g hercules.tga",,"64","64","1","BC3",,"3",,
"textures\hero g hippolyta.tga","hero g hippolyta.tga",,"64","64","1","BC3",,"2",,
"textures\hero g jason shield.tga","hero g jason shield.tga",,"64","32","1","BC3",,"3",,
"textures\hero g jason standard.tga","hero g jason standard.tga",,"64","64","1","BC3",,"3",,
"textures\hero g perseus standard.tga","hero g perseus standard.tga",,"64","64","1","BC3",,"3",,
"textures\hero g physician head.tga","hero g physician head.tga",,"32","32","4","BC3",,"1",,
"textures\hero g physician.tga","hero g physician.tga",,"64","64","4","BC3",,"83",,
"textures\hero g polyphemus shield.tga","hero g polyphemus shield.tga",,"64","32","1","BC3",,"3",,
"textures\hero g theseus shield.tga","hero g theseus shield.tga",,"64","32","1","BC3",,"2",,
"textures\hero g theseus.tga","hero g theseus.tga",,"64","64","1","BC3",,"3",,
"textures\hero n hero low.tga","hero n hero low.tga",,"64","64","1","BC3",,"2",,
"textures\hero n hero.tga","hero n hero.tga",,"128","128","1","BC3",,"3",,
"textures\hero n hersir.tga","hero n hersir.tga",,"128","128","1","BC3",,"3",,
"textures\hero n ragnorok female head.tga","hero n ragnorok female head.tga",,"32","32","1","BC3",,"1",,
"textures\hero n ragnorok female.tga","hero n ragnorok female.tga",,"64","64","1","BC3",,"3",,
"textures\hero n ragnorok male head.tga","hero n ragnorok male head.tga",,"32","32","1","BC3",,"1",,
"textures\hero n ragnorok male.tga","hero n ragnorok male.tga",,"64","64","1","BC3",,"3",,
"textures\hero x ajax.tga","hero x ajax.tga",,"64","64","1","BC3",,"3",,
"textures\hero x kastor.tga","hero x kastor.tga",,"64","64","1","BC3",,"3",,
"textures\hoplitemap.tga","hoplitemap.tga",,"256","256","1","BC3",,"3",,
"textures\icons\command time shift icons 32.tga","command time shift icons 32.tga",,"32","32","1","DeflatedRGBA8",,"2",,
"textures\infantry c halberdier bronze.tga","infantry c halberdier bronze.tga",,"64","64","4","BC3",,"108",,
"textures\infantry c halberdier copper.tga","infantry c halberdier copper.tga",,"64","64","4","BC3",,"95",,
"textures\infantry c halberdier head bronze.tga","infantry c halberdier head bronze.tga",,"32","32","4","BC3",,"18",,
"textures\infantry c halberdier head copper.tga","infantry c halberdier head copper.tga",,"32","32","4","BC3",,"18",,
"textures\infantry c halberdier head iron.tga","infantry c halberdier head iron.tga",,"32","32","4","BC3",,"18",,
"textures\infantry c halberdier head standard.tga","infantry c halberdier head standard.tga",,"32","32","4","BC3",,"18",,
"textures\infantry c halberdier iron.tga","infantry c halberdier iron.tga",,"64","64","4","BC3",,"114",,
"textures\infantry c halberdier standard.tga","infantry c halberdier standard.tga",,"64","64","4","BC3",,"88",,
"textures\infantry e axeman bronze.tga","infantry e axeman bronze.tga",,"64","64","1","BC3",,"3",,
"textures\infantry e axeman copper.tga","infantry e axeman copper.tga",,"64","64","1","BC3",,"3",,
"textures\infantry e axeman iron.tga","infantry e axeman iron.tga",,"64","64","1","BC3",,"3",,
"textures\infantry e axeman map.tga","infantry e axeman map.tga",,"64","64","1","BC3",,"3",,
"textures\infantry e axeman standard.tga","infantry e axeman standard.tga",,"64","64","1","BC3",,"3",,
"textures\infantry e chariot archer iron map.tga","infantry e chariot archer iron map.tga",,"64","64","1","BC3",,"2",,
"textures\infantry e khopesh bronze.tga","infantry e khopesh bronze.tga",,"64","64","4","BC3",,"89",,
"textures\infantry e khopesh copper.tga","infantry e khopesh copper.tga",,"64","64","4","BC3",,"126",,
"textures\infantry e khopesh head bronze.tga","infantry e khopesh head bronze.tga",,"64","32","4","BC3",,"2",,
"textures\infantry e khopesh head copper.tga","infantry e khopesh head copper.tga",,"64","32","4","BC3",,"2",,
"textures\infantry e khopesh head iron.tga","infantry e khopesh head iron.tga",,"64","32","4","BC3",,"2",,
"textures\infantry e khopesh head standard.tga","infantry e khopesh head standard.tga",,"64","32","4","BC3",,"2",,
"textures\infantry e khopesh iron.tga","infantry e khopesh iron.tga",,"64","64","4","BC3",,"92",,
"textures\infantry e khopesh standard.tga","infantry e khopesh standard.tga",,"64","64","4","BC3",,"45",,
"textures\infantry e mercenary head.tga","infantry e mercenary head.tga",,"32","32","1","BC3",,"1",,
"textures\infantry e mercenary.tga","infantry e mercenary.tga",,"64","64","1","BC3",,"3",,
"textures\infantry e spearman bronze.tga","infantry e spearman bronze.tga",,"64","64","1","BC3",,"3",,
"textures\infantry e spearman copper.tga","infantry e spearman copper.tga",,"64","64","1","BC3",,"3",,
"textures\infantry e spearman iron.tga","infantry e spearman iron.tga",,"64","64","1","BC3",,"2",,
"textures\infantry e spearman map.tga","infantry e spearman map.tga",,"64","64","1","BC3",,"3",,
"textures\infantry e spearman shield map.tga","infantry e spearman shield map.tga",,"32","32","1","BC3",,"1",,
"textures\infantry e spearman standard.tga","infantry e spearman standard.tga",,"64","64","1","BC3",,"3",,
"textures\infantry g hoplite bronze.tga","infantry g hoplite bronze.tga",,"64","64","1","BC3",,"3",,
"textures\infantry g hoplite copper.tga","infantry g hoplite copper.tga",,"64","64","1","BC3",,"3",,
"textures\infantry g hoplite head iron.tga","infantry g hoplite head iron.tga",,"32","32","1","BC3",,"2",,
"textures\infantry g hoplite iron.tga","infantry g hoplite iron.tga",,"64","64","1","BC3",,"3",,
"textures\infantry g hoplite map_01.tga","infantry g hoplite map_01.tga",,"64","64","1","BC3",,"3",,
"textures\infantry g hoplite map_02.tga","infantry g hoplite map_02.tga",,"64","64","1","BC3",,"3",,
"textures\infantry g hoplite map_03.tga","infantry g hoplite map_03.tga",,"64","64","1","BC3",,"3",,
"textures\infantry g hoplite map_04.tga","infantry g hoplite map_04.tga",,"64","64","1","BC3",,"3",,
"textures\infantry g hoplite standard.tga","infantry g hoplite standard.tga",,"64","64","1","BC3",,"3",,
"textures\infantry g hypaspist bronze.tga","infantry g hypaspist bronze.tga",,"64","64","1","BC3",,"3",,
"textures\infantry g hypaspist copper.tga","infantry g hypaspist copper.tga",,"64","64","1","BC3",,"3",,
"textures\infantry g hypaspist head bronze.tga","infantry g hypaspist head bronze.tga",,"32","32","1","BC3",,"2",,
"textures\infantry g hypaspist head copper.tga","infantry g hypaspist head copper.tga",,"32","32","1","BC3",,"2",,
"textures\infantry g hypaspist head iron.tga","infantry g hypaspist head iron.tga",,"32","32","1","BC3",,"2",,
"textures\infantry g hypaspist head standard.tga","infantry g hypaspist head standard.tga",,"32","32","1","BC3",,"2",,
"textures\infantry g hypaspist iron.tga","infantry g hypaspist iron.tga",,"64","64","1","BC3",,"3",,
"textures\infantry g hypaspist map.tga","infantry g hypaspist map.tga",,"64","64","1","BC3",,"2",,
"textures\infantry g hypaspist standard.tga","infantry g hypaspist standard.tga",,"64","64","1","BC3",,"3",,
"textures\infantry g militia.tga","infantry g militia.tga",,"64","64","1","BC3",,"3",,
"textures\infantry g myrmidon head iron.tga","infantry g myrmidon head iron.tga",,"64","32","1","BC3",,"2",,
"textures\infantry g myrmidon iron.tga","infantry g myrmidon iron.tga",,"64","64","1","BC3",,"3",,
"textures\infantry n bondi bronze.tga","infantry n bondi bronze.tga",,"64","64","1","BC3",,"41",,
"textures\infantry n bondi copper.tga","infantry n bondi copper.tga",,"64","64","1","BC3",,"41",,
"textures\infantry n bondi head bronze.tga","infantry n bondi head bronze.tga",,"32","32","1","BC3",,"4",,
"textures\infantry n bondi head copper.tga","infantry n bondi head copper.tga",,"32","32","1","BC3",,"4",,
"textures\infantry n bondi head iron.tga","infantry n bondi head iron.tga",,"32","32","1","BC3",,"4",,
"textures\infantry n bondi head standard.tga","infantry n bondi head standard.tga",,"32","32","1","BC3",,"4",,
"textures\infantry n bondi iron.tga","infantry n bondi iron.tga",,"64","64","1","BC3",,"41",,
"textures\infantry n bondi standard.tga","infantry n bondi standard.tga",,"64","64","1","BC3",,"20",,
"textures\infantry n huskarl bronze.tga","infantry n huskarl bronze.tga",,"64","64","1","BC3",,"3",,
"textures\infantry n huskarl copper.tga","infantry n huskarl copper.tga",,"64","64","1","BC3",,"3",,
"textures\infantry n huskarl iron.tga","infantry n huskarl iron.tga",,"64","64","1","BC3",,"3",,
"textures\infantry n huskarl standard.tga","infantry n huskarl standard.tga",,"64","64","1","BC3",,"3",,
"textures\infantry n ulfsark bronze.tga","infantry n ulfsark bronze.tga",,"64","64","1","BC3",,"3",,
"textures\infantry n ulfsark copper.tga","infantry n ulfsark copper.tga",,"64","64","1","BC3",,"3",,
"textures\infantry n ulfsark iron.tga","infantry n ulfsark iron.tga",,"64","64","1","BC3",,"3",,
"textures\infantry n ulfsark map.tga","infantry n ulfsark map.tga",,"64","64","1","BC3",,"3",,
"textures\infantry n ulfsark scout.tga","infantry n ulfsark scout.tga",,"64","64","1","BC3",,"40",,
"textures\infantry n ulfsark standard.tga","infantry n ulfsark standard.tga",,"64","64","1","BC3",,"3",,
"textures\infantry x 2 sword fighter hero.tga","infantry x 2 sword fighter hero.tga",,"64","64","1","BC3",,"3",,
"textures\infantry x 2 sword fighter iron.tga","infantry x 2 sword fighter iron.tga",,"64","64","1","BC3",,"3",,
"textures\infantry x maceman bronze.tga","infantry x maceman bronze.tga",,"64","64","1","BC3",,"3",,
"textures\infantry x maceman copper.tga","infantry x maceman copper.tga",,"64","64","1","BC3",,"3",,
"textures\infantry x maceman hero.tga","infantry x maceman hero.tga",,"64","64","1","BC3",,"3",,
"textures\infantry x maceman iron.tga","infantry x maceman iron.tga",,"64","64","1","BC3",,"3",,
"textures\infantry x maceman standard.tga","infantry x maceman standard.tga",,"64","64","1","BC3",,"3",,
"textures\infantry x swordsman bronze.tga","infantry x swordsman bronze.tga",,"64","64","1","BC3",,"2",,
"textures\infantry x swordsman copper.tga","infantry x swordsman copper.tga",,"64","64","1","BC3",,"2",,
"textures\infantry x swordsman hero.tga","infantry x swordsman hero.tga",,"64","64","1","BC3",,"2",,
"textures\infantry x swordsman iron.tga","infantry x swordsman iron.tga",,"64","64","1","BC3",,"2",,
"textures\infantry x swordsman standard.tga","infantry x swordsman standard.tga",,"64","64","1","BC3",,"2",,
"textures\infantry x trident soldier cape iron.tga","infantry x trident soldier cape iron.tga",,"32","64","1","BC3",,"3",,
"textures\infantry x trident soldier head hero.tga","infantry x trident soldier head hero.tga",,"64","16","1","BC3",,"2",,
"textures\infantry x trident soldier head iron.tga","infantry x trident soldier head iron.tga",,"64","16","1","BC3",,"1",,
"textures\infantry x trident soldier hero.tga","infantry x trident soldier hero.tga",,"64","64","1","BC3",,"3",,
"textures\infantry x trident soldier iron.tga","infantry x trident soldier iron.tga",,"64","64","1","BC3",,"3",,
"textures\infantry x trident soldier shield hero.tga","infantry x trident soldier shield hero.tga",,"32","64","1","BC3",,"3",,
"textures\infantry x trident soldier shield iron.tga","infantry x trident soldier shield iron.tga",,"32","64","1","BC3",,"3",,
"textures\kronos wonder map2.tga","kronos wonder map2.tga",,"256","256","1","BC3",,"2",,
"textures\low infantry g normal head bronze.tga","low infantry g normal head bronze.tga",,"32","16","1","BC3",,"2",,
"textures\low infantry g normal head copper.tga","low infantry g normal head copper.tga",,"32","16","1","BC3",,"2",,
"textures\low infantry g normal head iron.tga","low infantry g normal head iron.tga",,"32","16","1","BC3",,"2",,
"textures\low infantry g normal head standard.tga","low infantry g normal head standard.tga",,"32","16","1","BC3",,"2",,
"textures\lp cine x krios.tga","lp cine x krios.tga",,"128","128","1","BC3",,"3",,
"textures\lp g militia.tga","lp g militia.tga",,"64","32","1","BC3",,"1",,
"textures\lp mu x argus map.tga","lp mu x argus map.tga",,"128","128","1","BC3",,"3",,
"textures\lp mu x stymphalian bird map.tga","lp mu x stymphalian bird map.tga",,"128","128","1","BC3",,"3",,
"textures\mu x argus map.tga","mu x argus map.tga",,"256","256","1","BC3",,"3",,
"textures\mu x atlantean flying medic map.tga","mu x atlantean flying medic map.tga",,"128","128","1","BC3",,"3",,
"textures\mu x atlantean hundred giant map.tga","mu x atlantean hundred giant map.tga",,"128","128","1","BC3",,"3",,
"textures\mu x atlantean lampedes map.tga","mu x atlantean lampedes map.tga",,"128","128","1","BC3",,"3",,
"textures\mu x atlantean manowar map.tga","mu x atlantean manowar map.tga",,"128","128","1","BC3",,"3",,
"textures\mu x atlantean satyr map.tga","mu x atlantean satyr map.tga",,"128","128","1","BC3",,"3",,
"textures\mu x automation map.tga","mu x automation map.tga",,"64","64","1","BC3",,"3",,
"textures\mu x behemoth map.tga","mu x behemoth map.tga",,"256","256","1","BC3",,"3",,
"textures\mu x dryad.tga","mu x dryad.tga",,"128","128","1","BC3",,"3",,
"textures\mu x nereid rider map.tga","mu x nereid rider map.tga",,"128","128","1","BC3",,"3",,
"textures\mu x oracle.tga","mu x oracle.tga",,"64","64","1","BC3",,"3",,
"textures\mu x promethean map.tga","mu x promethean map.tga",,"64","64","1","BC3",,"3",,
"textures\mu x servant of oceanus map.tga","mu x servant of oceanus map.tga",,"128","128","1","BC3",,"3",,
"textures\mu x stymphalian bird map.tga","mu x stymphalian bird map.tga",,"256","256","1","BC3",,"3",,
"textures\naval c all.tga","naval c all.tga",,"256","256","4","BC3",,"158",,
"textures\naval e all.tga","naval e all.tga",,"256","256","1","BC3",,"3",,
"textures\naval e pirate ship.tga","naval e pirate ship.tga",,"256","256","1","BC3",,"3",,
"textures\naval g all wrecked.tga","naval g all wrecked.tga",,"256","256","1","BC3",,"3",,
"textures\naval g all.tga","naval g all.tga",,"256","256","1","BC3",,"3",,
"textures\naval g giant turtle.tga","naval g giant turtle.tga",,"256","256","4","BC3",,"244",,
"textures\naval n kraken upgrade.tga","naval n kraken upgrade.tga",,"128","64","1","BC3",,"3",,
"textures\naval n kraken.tga","naval n kraken.tga",,"128","64","1","BC3",,"3",,
"textures\naval n utility map.tga","naval n utility map.tga",,"256","256","1","BC3",,"3",,
"textures\naval x all.tga","naval x all.tga",,"256","256","1","BC3",,"3",,
"textures\oranos wonder map.tga","oranos wonder map.tga",,"256","256","1","BC3",,"2",,
"textures\oranos wonder map1.tga","oranos wonder map1.tga",,"256","256","1","BC3",,"2",,
"textures\platform map.tga","platform map.tga",,"128","32","1","BC3",,"2",,
"textures\projectile a ballista arrow iron.tga","projectile a ballista arrow iron.tga",,"64","16","1","BC3",,"2",,
"textures\projectile a ballista arrow.tga","projectile a ballista arrow.tga",,"64","16","1","BC3",,"2",,
"textures\projectile a siege rock map.tga","projectile a siege rock map.tga",,"64","64","0","BC3",,"1",,
"textures\scenario a dwarven forge belt.tga","scenario a dwarven forge belt.tga",,"64","16","0","BC3",,"1",,
"textures\scenario a dwarven forge shared a.tga","scenario a dwarven forge shared a.tga",,"256","256","0","BC3",,"1",,
"textures\scenario a dwarven forge shared b.tga","scenario a dwarven forge shared b.tga",,"256","256","0","BC3",,"1",,
"textures\scenario a gate ram.tga","scenario a gate ram.tga",,"256","256","1","BC3",,"1",,
"textures\scenario b amanra map.tga","scenario b amanra map.tga",,"64","64","1","BC3",,"3",,
"textures\scenario c danzhu head.tga","scenario c danzhu head.tga",,"32","32","4","BC3",,"1",,
"textures\scenario c danzhu.tga","scenario c danzhu.tga",,"128","128","4","BC3",,"55",,
"textures\scenario c gargarensis map.tga","scenario c gargarensis map.tga",,"128","128","1","BC3",,"3",,
"textures\scenario c jiaolong head.tga","scenario c jiaolong head.tga",,"64","64","4","BC3",,"36",,
"textures\scenario c jiaolong.tga","scenario c jiaolong.tga",,"256","256","4","BC3",,"180",,
"textures\scenario c kamos.tga","scenario c kamos.tga",,"128","128","1","BC3",,"3",,
"textures\scenario c shun head.tga","scenario c shun head.tga",,"32","32","4","BC3",,"1",,
"textures\scenario c shun.tga","scenario c shun.tga",,"128","128","1","BC3",,"98",,
"textures\scenario c zhi head.tga","scenario c zhi head.tga",,"64","64","4","BC3",,"1",,
"textures\scenario c zhi.tga","scenario c zhi.tga",,"128","128","4","BC3",,"77",,
"textures\scenario e great box camel.tga","scenario e great box camel.tga",,"256","256","1","BC3",,"3",,
"textures\scenario e great box cart.tga","scenario e great box cart.tga",,"128","128","1","BC3",,"1",,
"textures\scenario e great box.tga","scenario e great box.tga",,"256","256","1","BC3",,"3",,
"textures\scenario e guardian.tga","scenario e guardian.tga",,"128","128","1","BC3",,"3",,
"textures\scenario e setna map.tga","scenario e setna map.tga",,"64","64","1","BC3",,"3",,
"textures\scenario g arkantos god map.tga","scenario g arkantos god map.tga",,"128","128","1","BC3",,"1",,
"textures\scenario g arkantos man map.tga","scenario g arkantos man map.tga",,"128","128","1","BC3",,"3",,
"textures\scenario g arkantos map.tga","scenario g arkantos map.tga",,"128","128","1","BC3",,"3",,
"textures\scenario g chiron map.tga","scenario g chiron map.tga",,"64","64","1","BC3",,"3",,
"textures\scenario g circe head.tga","scenario g circe head.tga",,"32","32","1","BC3",,"2",,
"textures\scenario g circe.tga","scenario g circe.tga",,"64","64","1","BC3",,"2",,
"textures\scenario g kastor map.tga","scenario g kastor map.tga",,"64","64","1","BC3",,"3",,
"textures\scenario g odysseus map.tga","scenario g odysseus map.tga",,"64","64","1","BC3",,"3",,
"textures\scenario g old man map.tga","scenario g old man map.tga",,"64","64","1","BC3",,"3",,
"textures\scenario g skult map.tga","scenario g skult map.tga",,"64","64","1","BC3",,"3",,
"textures\scenario n brokk standard.tga","scenario n brokk standard.tga",,"64","64","1","BC3",,"3",,
"textures\scenario n dwarven mine inside.tga","scenario n dwarven mine inside.tga",,"256","128","1","BC3",,"1",,
"textures\scenario n dwarven mine opening.tga","scenario n dwarven mine opening.tga",,"256","256","1","BC3",,"1",,
"textures\scenario n dwarven mine outside.tga","scenario n dwarven mine outside.tga",,"256","128","1","BC3",,"1",,
"textures\scenario n eitri standard.tga","scenario n eitri standard.tga",,"64","64","1","BC3",,"3",,
"textures\scenario n reginleif map.tga","scenario n reginleif map.tga",,"64","64","1","BC3",,"2",,
"textures\scenario n reginleif weapons map.tga","scenario n reginleif weapons map.tga",,"64","64","1","BC3",,"3",,
"textures\scenario n thors hammer cart.tga","scenario n thors hammer cart.tga",,"128","64","1","BC3",,"3",,
"textures\scenario n thors hammer.tga","scenario n thors hammer.tga",,"128","128","1","BC3",,"1",,
"textures\scenario t troy wall long dead.tga","scenario t troy wall long dead.tga",,"256","256","1","BC3",,"2",,
"textures\scenario t troy wall long deadb.tga","scenario t troy wall long deadb.tga",,"256","256","1","BC3",,"2",,
"textures\scenario t troy wall long.tga","scenario t troy wall long.tga",,"256","256","1","BC3",,"2",,
"textures\scenario theocrat staff.tga","scenario theocrat staff.tga",,"32","8","1","BC3",,"2",,
"textures\scenario theocrat.tga","scenario theocrat.tga",,"64","64","1","BC3",,"3",,
"textures\scenario u chronos hand.tga","scenario u chronos hand.tga",,"256","256","1","BC3",,"1",,
"textures\scenario u ferryman map.tga","scenario u ferryman map.tga",,"64","64","1","BC3",,"3",,
"textures\scenario u shade.tga","scenario u shade.tga",,"64","64","1","BC3",,"3",,
"textures\scenario x amanra map.tga","scenario x amanra map.tga",,"64","64","1","BC3",,"3",,
"textures\sfx a healing spring stone.tga","sfx a healing spring stone.tga",,"256","256","1","BC3",,"3",,
"textures\sfx a ip glow.tga","sfx a ip glow.tga",,"128","64","0","BC3",,"1",,
"textures\sfx a lighthouse glow.tga","sfx a lighthouse glow.tga",,"32","16","0","BC3",,"1",,
"textures\sfx a rain sunlight.tga","sfx a rain sunlight.tga",,"32","64","0","BC3",,"1",,
"textures\sfx a rainbow.tga","sfx a rainbow.tga",,"128","64","0","BC3",,"1",,
"textures\sfx a serpent.tga","sfx a serpent.tga",,"64","64","1","BC3",,"3",,
"textures\sfx a walking woods.tga","sfx a walking woods.tga",,"128","128","1","BC3",,"3",,
"textures\sfx b lighthouse glow.tga","sfx b lighthouse glow.tga",,"64","64","0","BC3",,"1",,
"textures\sfx c earth dragon hole.tga","sfx c earth dragon hole.tga",,"256","256","4","BC3",,"256",,
"textures\sfx c growth vines.tga","sfx c growth vines.tga",,"64","64","4","BC3",,"1",,
"textures\sfx c ip glow.tga","sfx c ip glow.tga",,"128","64","0","BC3",,"1",,
"textures\sfx e citadel age4.tga","sfx e citadel age4.tga",,"256","256","1","BC3",,"2",,
"textures\sfx e citadel.tga","sfx e citadel.tga",,"256","256","1","BC3",,"2",,
"textures\sfx e son of osiris head.tga","sfx e son of osiris head.tga",,"32","32","1","BC3",,"3",,
"textures\sfx e son of osiris.tga","sfx e son of osiris.tga",,"64","64","1","BC3",,"3",,
"textures\sfx g animal magnetism.tga","sfx g animal magnetism.tga",,"128","128","1","BC3",,"3",,
"textures\sfx g lightning bolt.tga","sfx g lightning bolt.tga",,"64","32","1","BC3",,"1",,
"textures\sfx g lightning skyflash.tga","sfx g lightning skyflash.tga",,"128","128","0","BC3",,"1",,
"textures\sfx g plenty decal.tga","sfx g plenty decal.tga",,"256","256","1","BC3",,"1",,
"textures\sfx g plenty shadow.tga","sfx g plenty shadow.tga",,"256","256","1","BC3",,"1",,
"textures\sfx g plenty.tga","sfx g plenty.tga",,"256","256","1","BC3",,"2",,
"textures\sfx g sentinel.tga","sfx g sentinel.tga",,"128","128","1","BC3",,"2",,
"textures\sfx meteorite splat decal.tga","sfx meteorite splat decal.tga",,"128","128","1","BC3",,"3",,
"textures\sfx n dwarven mine.tga","sfx n dwarven mine.tga",,"256","256","1","BC3",,"1",,
"textures\sfx n frost ice block unit.tga","sfx n frost ice block unit.tga",,"128","128","0","BC3",,"1",,
"textures\siege c fire lance bronze.tga","siege c fire lance bronze.tga",,"64","64","4","BC3",,"99",,
"textures\siege c fire lance head bronze.tga","siege c fire lance head bronze.tga",,"64","32","4","BC3",,"18",,
"textures\siege c fire lance head iron.tga","siege c fire lance head iron.tga",,"64","32","4","BC3",,"18",,
"textures\siege c fire lance head.tga","siege c fire lance head.tga",,"64","32","4","BC3",,"18",,
"textures\siege c fire lance iron.tga","siege c fire lance iron.tga",,"64","64","4","BC3",,"102",,
"textures\siege c fire lance.tga","siege c fire lance.tga",,"64","64","4","BC3",,"100",,
"textures\siege c sitting tiger iron.tga","siege c sitting tiger iron.tga",,"64","64","4","BC3",,"2",,
"textures\siege c sitting tiger projectile.tga","siege c sitting tiger projectile.tga",,"32","32","4","BC3",,"1",,
"textures\siege c sitting tiger.tga","siege c sitting tiger.tga",,"64","64","4","BC3",,"2",,
"textures\siege e catapult iron.tga","siege e catapult iron.tga",,"64","64","1","BC3",,"2",,
"textures\siege e catapult projectile.tga","siege e catapult projectile.tga",,"32","32","1","BC3",,"1",,
"textures\siege e catapult.tga","siege e catapult.tga",,"64","64","1","BC3",,"2",,
"textures\siege g helepolis iron.tga","siege g helepolis iron.tga",,"256","128","1","BC3",,"3",,
"textures\siege g helepolis.tga","siege g helepolis.tga",,"256","128","1","BC3",,"3",,
"textures\siege g petrobolos iron.tga","siege g petrobolos iron.tga",,"64","64","1","BC3",,"2",,
"textures\siege g petrobolos low.tga","siege g petrobolos low.tga",,"64","64","1","BC3",,"3",,
"textures\siege g petrobolos projectile.tga","siege g petrobolos projectile.tga",,"32","32","0","BC3",,"1",,
"textures\siege g petrobolos tire low.tga","siege g petrobolos tire low.tga",,"16","16","1","BC3",,"2",,
"textures\siege g petrobolos.tga","siege g petrobolos.tga",,"64","64","1","BC3",,"2",,
"textures\siege g trojan horse.tga","siege g trojan horse.tga",,"256","256","1","BC3",,"1",,
"textures\siege n ballista bolt iron.tga","siege n ballista bolt iron.tga",,"64","16","1","BC3",,"2",,
"textures\siege n ballista bolt.tga","siege n ballista bolt.tga",,"64","16","1","BC3",,"2",,
"textures\siege n ballista iron.tga","siege n ballista iron.tga",,"64","64","1","BC3",,"2",,
"textures\siege n ballista map.tga","siege n ballista map.tga",,"256","256","1","BC3",,"3",,
"textures\siege n ballista.tga","siege n ballista.tga",,"64","64","1","BC3",,"2",,
"textures\siege n catapult map.tga","siege n catapult map.tga",,"256","256","1","BC3",,"3",,
"textures\siege n ram iron.tga","siege n ram iron.tga",,"128","128","1","BC3",,"3",,
"textures\siege n ram.tga","siege n ram.tga",,"128","128","1","BC3",,"3",,
"textures\siege x chieroballista downgrade.tga","siege x chieroballista downgrade.tga",,"128","128","1","BC3",,"3",,
"textures\siege x chieroballista man upgrade.tga","siege x chieroballista man upgrade.tga",,"64","64","1","BC3",,"3",,
"textures\siege x chieroballista man.tga","siege x chieroballista man.tga",,"64","64","1","BC3",,"3",,
"textures\siege x chieroballista.tga","siege x chieroballista.tga",,"128","128","1","BC3",,"3",,
"textures\siege x fire siphon upgrade.tga","siege x fire siphon upgrade.tga",,"128","128","1","BC3",,"3",,
"textures\siege x fire siphon.tga","siege x fire siphon.tga",,"128","128","1","BC3",,"3",,
"textures\siege x onager iron.tga","siege x onager iron.tga",,"64","64","4","BC3",,"4",,
"textures\siege x onager.tga","siege x onager.tga",,"64","64","4","BC3",,"4",,
"textures\special c azure dragon.tga","special c azure dragon.tga",,"256","128","4","BC3",,"189",,
"textures\special c dragon turtle.tga","special c dragon turtle.tga",,"256","256","4","BC3",,"143",,
"textures\special c earth dragon.tga","special c earth dragon.tga",,"256","256","4","BC3",,"243",,
"textures\special c jiangshi head.tga","special c jiangshi head.tga",,"32","32","4","BC3",,"33",,
"textures\special c jiangshi.tga","special c jiangshi.tga",,"128","128","4","BC3",,"81",,
"textures\special c monkey king.tga","special c monkey king.tga",,"128","256","4","BC3",,"175",,
"textures\special c pixiu.tga","Special C Pixiu.tga",,"512","256","4","BC3",,"232",,
"textures\special c salamander.tga","special c salamander.tga",,"128","128","4","BC3",,"153",,
"textures\special c terracotta soldier head.tga","special c terracotta soldier head.tga",,"32","32","4","BC3",,"18",,
"textures\special c terracotta soldier.tga","special c terracotta soldier.tga",,"128","128","4","BC3",,"8",,
"textures\special c vermillion bird wing.tga","special c vermillion bird wing.tga",,"256","128","4","BC3",,"244",,
"textures\special c vermillion bird.tga","special c vermillion bird.tga",,"256","256","4","BC3",,"111",,
"textures\special e anubite iron.tga","special e anubite iron.tga",,"128","128","1","BC3",,"3",,
"textures\special e anubite.tga","special e anubite.tga",,"128","128","1","BC3",,"3",,
"textures\special e apep map.tga","special e apep map.tga",,"128","128","1","BC3",,"3",,
"textures\special e avenger map.tga","special e avenger map.tga",,"128","128","1","BC3",,"3",,
"textures\special e mummy map.tga","special e mummy map.tga",,"64","64","1","BC3",,"3",,
"textures\special e petesuchos.tga","special e petesuchos.tga",,"128","128","1","BC3",,"2",,
"textures\special e pharaoh head.tga","special e pharaoh head.tga",,"64","32","1","BC3",,"3",,
"textures\special e pharaoh.tga","special e pharaoh.tga",,"64","64","1","BC3",,"3",,
"textures\special e phoenix egg.tga","special e phoenix egg.tga",,"64","64","1","BC3",,"2",,
"textures\special e phoenix.tga","special e phoenix.tga",,"64","64","0","BC3",,"1",,
"textures\special e priest head.tga","special e priest head.tga",,"32","16","1","BC3",,"2",,
"textures\special e priest.tga","special e priest.tga",,"64","64","1","BC3",,"3",,
"textures\special e roc basket.tga","special e roc basket.tga",,"128","128","1","BC3",,"2",,
"textures\special e roc.tga","special e roc.tga",,"128","128","1","BC3",,"1",,
"textures\special e scarab map.tga","special e scarab map.tga",,"128","128","1","BC3",,"3",,
"textures\special e scorpion man head.tga","special e scorpion man head.tga",,"32","32","1","BC3",,"1",,
"textures\special e scorpion man upgrade.tga","special e scorpion man upgrade.tga",,"128","128","1","BC3",,"3",,
"textures\special e scorpion man.tga","special e scorpion man.tga",,"128","128","1","BC3",,"3",,
"textures\special e sphinx.tga","special e sphinx.tga",,"128","128","1","BC3",,"3",,
"textures\special e wadjet.tga","special e wadjet.tga",,"128","128","1","BC3",,"3",,
"textures\special g agamemnon head.tga","special g agamemnon head.tga",,"64","64","1","BC3",,"1",,
"textures\special g agamemnon.tga","special g agamemnon.tga",,"128","128","1","BC3",,"3",,
"textures\special g athena head.tga","special g athena head.tga",,"128","64","1","BC3",,"1",,
"textures\special g athena.tga","special g athena.tga",,"128","128","1","BC3",,"3",,
"textures\special g carcinos.tga","special g carcinos.tga",,"128","128","1","BC3",,"3",,
"textures\special g centaur head upgrade.tga","special g centaur head upgrade.tga",,"32","32","1","BC3",,"2",,
"textures\special g centaur low.tga","special g centaur low.tga",,"128","64","1","BC3",,"2",,
"textures\special g centaur upgrade.tga","special g centaur upgrade.tga",,"64","64","1","BC3",,"2",,
"textures\special g centaur.tga","special g centaur.tga",,"64","64","1","BC3",,"2",,
"textures\special g chimera map.tga","special g chimera map.tga",,"64","64","1","BC3",,"3",,
"textures\special g chimera tail.tga","special g chimera tail.tga",,"64","64","1","BC3",,"3",,
"textures\special g chimera.tga","special g chimera.tga",,"128","128","1","BC3",,"3",,
"textures\special g colossus map.tga","special g colossus map.tga",,"128","128","1","BC3",,"3",,
"textures\special g cyclops map.tga","special g cyclops map.tga",,"128","128","1","BC3",,"3",,
"textures\special g cyclops upgrade.tga","special g cyclops upgrade.tga",,"128","128","1","BC3",,"2",,
"textures\special g cyclops.tga","special g cyclops.tga",,"128","128","1","BC3",,"2",,
"textures\special g giant turtle.tga","special g giant turtle.tga",,"256","256","4","BC3",,"244",,
"textures\special g golem map.tga","special g golem map.tga",,"256","256","1","BC3",,"22",,
"textures\special g hippocampus.tga","special g hippocampus.tga",,"128","128","1","BC3",,"3",,
"textures\special g hydra land.tga","special g hydra land.tga",,"256","256","1","BC3",,"3",,
"textures\special g hydra map.tga","special g hydra map.tga",,"128","128","1","BC3",,"3",,
"textures\special g manticore.tga","special g manticore.tga",,"128","128","1","BC3",,"3",,
"textures\special g medusa low map.tga","special g medusa low map.tga",,"64","64","1","BC3",,"3",,
"textures\special g medusa map.tga","special g medusa map.tga",,"64","64","1","BC3",,"3",,
"textures\special g medusa.tga","special g medusa.tga",,"128","128","1","BC3",,"3",,
"textures\special g minotaur.tga","special g minotaur.tga",,"128","128","1","BC3",,"3",,
"textures\special g nemean lion.tga","special g nemean lion.tga",,"128","128","1","BC3",,"3",,
"textures\special g pegasus wings.tga","special g pegasus wings.tga",,"64","64","4","BC3",,"42",,
"textures\special g pegasus.tga","special g pegasus.tga",,"128","128","1","BC3",,"2",,
"textures\special g scylla map.tga","special g scylla map.tga",,"128","128","1","BC3",,"3",,
"textures\special g scylla.tga","special g scylla.tga",,"256","256","1","BC3",,"3",,
"textures\special g sea turtle.tga","special g sea turtle.tga",,"256","256","1","BC3",,"3",,
"textures\special g shade.tga","special g shade.tga",,"64","64","1","BC3",,"3",,
"textures\special g underworld shade.tga","special g underworld shade.tga",,"64","64","1","BC3",,"1",,
"textures\special n battle boar.tga","special n battle boar.tga",,"128","128","1","BC3",,"3",,
"textures\special n einheriar upgrade.tga","special n einheriar upgrade.tga",,"64","64","1","BC3",,"2",,
"textures\special n einheriar.tga","special n einheriar.tga",,"64","64","1","BC3",,"2",,
"textures\special n fenris.tga","special n fenris.tga",,"128","128","1","BC3",,"3",,
"textures\special n fire giant.tga","special n fire giant.tga",,"128","128","1","BC3",,"3",,
"textures\special n frost giant head upgrade.tga","special n frost giant head upgrade.tga",,"64","64","0","BC3",,"1",,
"textures\special n frost giant head.tga","special n frost giant head.tga",,"64","64","0","BC3",,"1",,
"textures\special n frost giant upgrade.tga","special n frost giant upgrade.tga",,"128","128","1","BC3",,"3",,
"textures\special n frost giant.tga","special n frost giant.tga",,"128","128","1","BC3",,"3",,
"textures\special n giant map.tga","special n giant map.tga",,"64","64","1","BC3",,"3",,
"textures\special n giant.tga","special n giant.tga",,"128","128","1","BC3",,"3",,
"textures\special n jarl cape map.tga","special n jarl cape map.tga",,"32","32","1","BC3",,"3",,
"textures\special n jormund brood hump.tga","special n jormund brood hump.tga",,"64","128","1","BC3",,"2",,
"textures\special n jormund brood.tga","special n jormund brood.tga",,"128","128","1","BC3",,"3",,
"textures\special n king folstag upgrade.tga","special n king folstag upgrade.tga",,"128","128","1","BC3",,"3",,
"textures\special n king folstag.tga","special n king folstag.tga",,"64","64","1","BC3",,"1",,
"textures\special n raven.tga","special n raven.tga",,"64","64","1","BC3",,"2",,
"textures\special n troll bag.tga","special n troll bag.tga",,"64","32","1","BC3",,"3",,
"textures\special n troll.tga","special n troll.tga",,"128","128","1","BC3",,"3",,
"textures\special n valkyrie low.tga","special n valkyrie low.tga",,"128","64","1","BC3",,"1",,
"textures\special n valkyrie map.tga","special n valkyrie map.tga",,"128","128","1","BC3",,"3",,
"textures\special n valkyrie upgrade.tga","special n valkyrie upgrade.tga",,"64","64","1","BC3",,"3",,
"textures\special x oracle hero.tga","special x oracle hero.tga",,"64","64","1","BC3",,"3",,
"textures\special x oracle.tga","special x oracle.tga",,"64","64","1","BC3",,"3",,
"textures\statue x gaia map.tga","statue x gaia map.tga",,"128","128","1","BC3",,"3",,
"textures\statue x kronos map.tga","statue x kronos map.tga",,"128","128","1","BC3",,"1",,
"textures\statue x oranos map.tga","statue x oranos map.tga",,"128","128","1","BC3",,"2",,
"textures\temp santa body.tga","temp santa body.tga",,"128","128","1","BC3",,"3",,
"textures\temp santa hat.tga","temp santa hat.tga",,"64","64","4","BC3",,"1",,
"textures\temp santa head.tga","temp santa head.tga",,"64","64","1","BC3",,"1",,
"textures\test flags.tga","test flags.tga",,"128","128","1","BC3",,"3",,
"textures\theocrat map.tga","theocrat map.tga",,"256","256","1","BC3",,"3",,
"textures\titan c pangu.tga","titan c pangu.tga",,"1024","512","4","BC3",,"229",,
"textures\titan e ra pads map.tga","titan e ra pads map.tga",,"64","64","4","BC3",,"172",,
"textures\titan e ra skirt map.tga","titan e ra skirt map.tga",,"256","256","4","BC3",,"239",,
"textures\titan g cerebus map1.tga","titan g cerebus map1.tga",,"256","256","1","BC3",,"3",,
"textures\titan g cerebus map2.tga","titan g cerebus map2.tga",,"256","256","1","BC3",,"3",,
"textures\titan n troll hammer map.tga","titan n troll hammer map.tga",,"128","128","1","BC3",,"1",,
"textures\titan n troll map1.tga","titan n troll map1.tga",,"256","256","1","BC3",,"1",,
"textures\titan n troll map2.tga","titan n troll map2.tga",,"256","256","1","BC3",,"3",,
"textures\titan x gaia.tga","titan x gaia.tga",,"256","256","4","BC3",,"165",,
"textures\titan x golem map1.tga","titan x golem map1.tga",,"256","256","4","BC3",,"242",,
"textures\titan x golem map2.tga","titan x golem map2.tga",,"256","256","1","BC3",,"1",,
"textures\titan x kronos.tga","titan x kronos.tga",,"256","256","1","BC3",,"3",,
"textures\titan x promethean 1.tga","titan x promethean 1.tga",,"256","256","1","BC3",,"3",,
"textures\toxotemap.tga","toxotemap.tga",,"256","256","1","BC3",,"3",,
"textures\trade c caravan cargo.tga","trade c caravan cargo.tga",,"64","64","4","BC3",,"25",,
"textures\trade c caravan.tga","trade c caravan.tga",,"128","128","4","BC3",,"83",,
"textures\trade e caravan basket.tga","trade e caravan basket.tga",,"128","128","1","BC3",,"2",,
"textures\trade e caravan camel.tga","trade e caravan camel.tga",,"128","128","1","BC3",,"3",,
"textures\trade e caravan cargo.tga","trade e caravan cargo.tga",,"64","64","1","BC3",,"1",,
"textures\trade g caravan cargo.tga","trade g caravan cargo.tga",,"64","64","1","BC3",,"2",,
"textures\trade g caravan donkey.tga","trade g caravan donkey.tga",,"64","64","1","BC3",,"3",,
"textures\trade n caravan cargo.tga","trade n caravan cargo.tga",,"128","128","1","BC3",,"3",,
"textures\trade n caravan ox.tga","trade n caravan ox.tga",,"128","128","1","BC3",,"3",,
"textures\trade x caravan.tga","trade x caravan.tga",,"64","64","1","BC3",,"3",,
"textures\trash weapon.tga","trash weapon.tga",,"128","64","1","BC3",,"3",,
"textures\trash.tga","trash.tga",,"256","256","1","BC3",,"3",,
"textures\ui\background chinese opaque.tga","background chinese opaque.tga",,"32","32","0","DeflatedRGBA8",,"1",,
"textures\ui\background egypt opaque.tga","background egypt opaque.tga",,"32","32","0","DeflatedRGBA8",,"1",,
"textures\ui\background fade blue.tga","background fade blue.tga",,"256","16","0","DeflatedRGBA8",,"1",,
"textures\ui\background fade green.tga","background fade green.tga",,"256","16","0","DeflatedRGBA8",,"1",,
"textures\ui\background fade red.tga","background fade red.tga",,"256","16","0","DeflatedRGBA8",,"1",,
"textures\ui\background fade yellow.tga","background fade yellow.tga",,"256","16","0","DeflatedRGBA8",,"1",,
"textures\ui\background greek opaque.tga","background greek opaque.tga",,"32","32","0","DeflatedRGBA8",,"1",,
"textures\ui\background norse opaque.tga","background norse opaque.tga",,"32","32","0","DeflatedRGBA8",,"1",,
"textures\ui\ui .net passport logo.tga","ui .net passport logo.tga",,"128","32","0","DeflatedRGBA8",,"1",,
"textures\ui\ui background blue opaque.tga","ui background blue opaque.tga",,"32","32","0","DeflatedRGBA8",,"1",,
"textures\ui\ui background dark blue opaque.tga","ui background dark blue opaque.tga",,"32","32","0","DeflatedRGBA8",,"1",,
"textures\ui\ui background yellow opaque.tga","ui background yellow opaque.tga",,"8","8","0","DeflatedRGBA8",,"1",,
"textures\ui\ui line yellow vertical.tga","ui line yellow vertical.tga",,"8","256","0","DeflatedRGBA8",,"221",,
"textures\ui\ui line yellow.tga","ui line yellow.tga",,"256","8","0","DeflatedRGBA8",,"227",,
"textures\ui\ui progress bar flair.tga","ui progress bar flair.tga",,"32","128","0","DeflatedRGBA8",,"1",,
"textures\ui\ui text chat box grey.tga","ui text chat box grey.tga",,"32","32","0","DeflatedRGBA8",,"1",,
"textures\ui\ui text chat box.tga","ui text chat box.tga",,"32","32","0","DeflatedRGBA8",,"1",,
"textures\villager c female.tga","villager c female.tga",,"256","256","4","BC3",,"145",,
"textures\villager c male standard.tga","villager c male standard.tga",,"64","64","4","BC3",,"35",,
"textures\villager e female head.tga","villager e female head.tga",,"32","32","0","BC3",,"1",,
"textures\villager e female.tga","villager e female.tga",,"64","64","1","BC3",,"3",,
"textures\villager e male standard.tga","villager e male standard.tga",,"64","64","1","BC3",,"3",,
"textures\villager g atlantean male head.tga","villager g atlantean male head.tga",,"32","32","1","BC3",,"1",,
"textures\villager g atlantean male.tga","villager g atlantean male.tga",,"64","64","1","BC3",,"3",,
"textures\villager g female head.tga","villager g female head.tga",,"32","32","0","BC3",,"1",,
"textures\villager g female.tga","villager g female.tga",,"64","64","1","BC3",,"3",,
"textures\villager g male standard.tga","villager g male standard.tga",,"64","64","1","BC3",,"3",,
"textures\villager n female head.tga","villager n female head.tga",,"32","32","0","BC3",,"1",,
"textures\villager n female.tga","villager n female.tga",,"64","64","1","BC3",,"3",,
"textures\villager n male standard.tga","villager n male standard.tga",,"64","64","1","BC3",,"3",,
"textures\villager n ox.tga","villager n ox.tga",,"64","64","1","BC3",,"3",,
"textures\villager n oxcart.tga","villager n oxcart.tga",,"128","128","1","BC3",,"2",,
"textures\villager x female hero.tga","villager x female hero.tga",,"64","64","1","BC3",,"3",,
"textures\villager x female.tga","villager x female.tga",,"64","64","1","BC3",,"3",,
"textures\villager x male hero.tga","villager x male hero.tga",,"64","64","1","BC3",,"3",,
"textures\villager x male.tga","villager x male.tga",,"64","64","1","BC3",,"3",,
"textures\villager x pony.tga","villager x pony.tga",,"64","64","1","BC3",,"3",,
"textures\waypoint.tga","waypoint.tga",,"64","64","1","BC3",,"3",,
"textures\world a bouy.tga","world a bouy.tga",,"32","32","1","BC3",,"2",,
"textures\world a fountain.tga","world a fountain.tga",,"64","64","1","BC3",,"1",,
"textures\world a gold map.tga","world a gold map.tga",,"256","256","1","BC3",,"1",,
"textures\world a jade map.tga","world a jade map.tga",,"256","256","1","BC3",,"1",,
"textures\world a relic armor of achilles.tga","world a relic armor of achilles.tga",,"128","64","1","BC3",,"1",,
"textures\world a relic eye of horus.tga","world a relic eye of horus.tga",,"128","64","1","BC3",,"1",,
"textures\world a relic fetters of fenrir.tga","world a relic fetters of fenrir.tga",,"128","64","1","BC3",,"1",,
"textures\world a relic golden bridle of pegasus.tga","world a relic golden bridle of pegasus.tga",,"128","64","1","BC3",,"1",,
"textures\world a relic head of orpheus.tga","world a relic head of orpheus.tga",,"128","64","1","BC3",,"1",,
"textures\world a relic monkey.tga","world a relic monkey.tga",,"128","64","1","BC3",,"1",,
"textures\world a relic ring of the nibelung.tga","world a relic ring of the nibelung.tga",,"128","64","1","BC3",,"1",,
"textures\world a relic ship of fingernails.tga","world a relic ship of fingernails.tga",,"128","64","1","BC3",,"1",,
"textures\world a relic standard.tga","world a relic standard.tga",,"64","64","1","BC3",,"2",,
"textures\world a relic the wedjat eye.tga","world a relic the wedjat eye.tga",,"128","64","1","BC3",,"1",,
"textures\world a tents map.tga","world a tents map.tga",,"256","256","1","BC3",,"3",,
"textures\world a underworld crator.tga","world a underworld crator.tga",,"256","256","4","BC3",,"256",,
"textures\world a underworld passage color transform.tga","world a underworld passage color transform.tga",,"64","64","1","BC3",,"3",,
"textures\world a waypoint flag.tga","world a waypoint flag.tga",,"128","64","1","BC3",,"2",,
"textures\world c dam.tga","world c dam.tga",,"128","128","4","BC3",,"1",,
"textures\world c statue nuwa stand.tga","world c statue nuwa stand.tga",,"32","64","4","BC3",,"2",,
"textures\world c statue nuwa.tga","world c statue nuwa.tga",,"128","128","4","BC3",,"131",,
"textures\world c statue shennong head.tga","world c statue shennong head.tga",,"64","64","4","BC3",,"1",,
"textures\world c statue shennong.tga","world c statue shennong.tga",,"128","128","4","BC3",,"9",,
"textures\world e brazier map.tga","world e brazier map.tga",,"64","64","1","BC3",,"1",,
"textures\world e garrison flag.tga","world e garrison flag.tga",,"64","32","1","BC3",,"3",,
"textures\world e statue isis.tga","world e statue isis.tga",,"128","128","1","BC3",,"2",,
"textures\world e statue ra.tga","world e statue ra.tga",,"128","128","1","BC3",,"2",,
"textures\world e statue set.tga","world e statue set.tga",,"128","128","1","BC3",,"3",,
"textures\world e tent.tga","world e tent.tga",,"128","128","1","BC3",,"2",,
"textures\world g brazier map.tga","world g brazier map.tga",,"64","64","1","BC3",,"1",,
"textures\world g garrison flag.tga","world g garrison flag.tga",,"64","32","1","BC3",,"2",,
"textures\world g hades temple.tga","world g hades temple.tga",,"256","256","1","BC3",,"2",,
"textures\world g shrine map.tga","world g shrine map.tga",,"128","128","1","BC3",,"2",,
"textures\world g statue base.tga","world g statue base.tga",,"64","32","1","BC3",,"1",,
"textures\world g statue hades.tga","world g statue hades.tga",,"128","128","1","BC3",,"2",,
"textures\world g statue poseidon base.tga","world g statue poseidon base.tga",,"64","32","1","BC3",,"1",,
"textures\world g statue poseidon.tga","world g statue poseidon.tga",,"128","128","1","BC3",,"3",,
"textures\world g statue zeus.tga","world g statue zeus.tga",,"128","128","1","BC3",,"2",,
"textures\world g tent.tga","world g tent.tga",,"128","128","1","BC3",,"3",,
"textures\world g zues uwpassage.tga","world g zues uwpassage.tga",,"256","256","1","BC3",,"1",,
"textures\world g zuesstairs.tga","world g zuesstairs.tga",,"128","128","1","BC3",,"1",,
"textures\world n brazier map.tga","world n brazier map.tga",,"64","64","1","BC3",,"1",,
"textures\world n garrison flag.tga","world n garrison flag.tga",,"64","32","1","BC3",,"3",,
"textures\world n loki statue map.tga","world n loki statue map.tga",,"128","128","1","BC3",,"3",,
"textures\world n odin statue map.tga","world n odin statue map.tga",,"128","128","1","BC3",,"3",,
"textures\world n statue loki.tga","world n statue loki.tga",,"128","128","1","BC3",,"3",,
"textures\world n statue odin.tga","world n statue odin.tga",,"128","128","1","BC3",,"3",,
"textures\world n statue thor.tga","world n statue thor.tga",,"128","128","1","BC3",,"3",,
"textures\world n tent.tga","world n tent.tga",,"128","128","1","BC3",,"3",,
"textures\world n thor statue map.tga","world n thor statue map.tga",,"128","128","1","BC3",,"3",,
"textures\world x gaia  statue map.tga","world x gaia  statue map.tga",,"128","128","1","BC3",,"3",,
